[
 {
  "action": {
   "responseHeaders": [
    {
     "header": "content-security-policy",
     "operation": "append",
     "value": "script-src"
    }
   ],
   "type": "modifyHeaders"
  },
  "condition": {
   "isUrlFilterCaseSensitive": false,
   "resourceTypes": [
    "main_frame",
    "sub_frame"
   ],
   "urlFilter": ".infox.sg^"
  },
  "id": 5861
 },
 {
  "action": {
   "responseHeaders": [
    {
     "header": "content-security-policy",
     "operation": "append",
     "value": "script-src"
    }
   ],
   "type": "modifyHeaders"
  },
  "condition": {
   "isUrlFilterCaseSensitive": false,
   "resourceTypes": [
    "main_frame",
    "sub_frame"
   ],
   "urlFilter": "/gateway/ahr0c"
  },
  "id": 5862
 },
 {
  "action": {
   "responseHeaders": [
    {
     "header": "content-security-policy",
     "operation": "append",
     "value": "frame-src 'self'"
    }
   ],
   "type": "modifyHeaders"
  },
  "condition": {
   "isUrlFilterCaseSensitive": false,
   "resourceTypes": [
    "main_frame",
    "sub_frame"
   ],
   "urlFilter": "|http*//fastpic.org/"
  },
  "id": 5863
 },
 {
  "action": {
   "responseHeaders": [
    {
     "header": "content-security-policy",
     "operation": "append",
     "value": "script-src 'self' 'unsafe-inline' 'unsafe-eval' static.fastpic.org"
    }
   ],
   "type": "modifyHeaders"
  },
  "condition": {
   "isUrlFilterCaseSensitive": false,
   "resourceTypes": [
    "main_frame",
    "sub_frame"
   ],
   "urlFilter": "|http*//fastpic.org/"
  },
  "id": 5864
 },
 {
  "action": {
   "responseHeaders": [
    {
     "header": "content-security-policy",
     "operation": "append",
     "value": "script-src"
    }
   ],
   "type": "modifyHeaders"
  },
  "condition": {
   "isUrlFilterCaseSensitive": false,
   "resourceTypes": [
    "main_frame",
    "sub_frame"
   ],
   "urlFilter": "||24smi-*/top/"
  },
  "id": 5865
 },
 {
  "action": {
   "responseHeaders": [
    {
     "header": "content-security-policy",
     "operation": "append",
     "value": "script-src"
    }
   ],
   "type": "modifyHeaders"
  },
  "condition": {
   "isUrlFilterCaseSensitive": false,
   "resourceTypes": [
    "main_frame",
    "sub_frame"
   ],
   "urlFilter": "||24smi.*/top/"
  },
  "id": 5866
 },
 {
  "action": {
   "responseHeaders": [
    {
     "header": "content-security-policy",
     "operation": "append",
     "value": "script-src"
    }
   ],
   "type": "modifyHeaders"
  },
  "condition": {
   "isUrlFilterCaseSensitive": false,
   "resourceTypes": [
    "main_frame",
    "sub_frame"
   ],
   "urlFilter": "||an.yandex.ru/count/"
  },
  "id": 5867
 },
 {
  "action": {
   "responseHeaders": [
    {
     "header": "content-security-policy",
     "operation": "append",
     "value": "sandbox allow-same-origin;"
    }
   ],
   "type": "modifyHeaders"
  },
  "condition": {
   "requestDomains": [
    "betnetmed.advertserve.com",
    "driverpack.io",
    "driverpaksolution.ru",
    "exoclick.com",
    "runewslenta.com",
    "statusklic.info",
    "syndication.exosrv.com",
    "utarget.ru"
   ],
   "resourceTypes": [
    "main_frame",
    "sub_frame"
   ]
  },
  "id": 5868
 },
 {
  "action": {
   "responseHeaders": [
    {
     "header": "content-security-policy",
     "operation": "append",
     "value": "sandbox allow-same-origin;"
    }
   ],
   "type": "modifyHeaders"
  },
  "condition": {
   "isUrlFilterCaseSensitive": false,
   "resourceTypes": [
    "main_frame",
    "sub_frame"
   ],
   "urlFilter": "||crossout.net/*free?*&r="
  },
  "id": 5869
 },
 {
  "action": {
   "responseHeaders": [
    {
     "header": "content-security-policy",
     "operation": "append",
     "value": "script-src"
    }
   ],
   "type": "modifyHeaders"
  },
  "condition": {
   "requestDomains": [
    "ex.24smi.info",
    "folltiz.site",
    "hiwoenrep.ru",
    "idealmedia.io",
    "lentapronews.com",
    "memytonsfor.ru",
    "redatastore.ru",
    "t1mcapp.com",
    "tdsclicks2.ru",
    "utarget.ru",
    "yadistr.ru"
   ],
   "resourceTypes": [
    "main_frame",
    "sub_frame"
   ]
  },
  "id": 5870
 },
 {
  "action": {
   "responseHeaders": [
    {
     "header": "content-security-policy",
     "operation": "append",
     "value": "img-src 'self' addons.mozilla.org raw.githubusercontent.com"
    }
   ],
   "type": "modifyHeaders"
  },
  "condition": {
   "isUrlFilterCaseSensitive": false,
   "resourceTypes": [
    "main_frame",
    "sub_frame"
   ],
   "urlFilter": "||forum.ru-board.com/*.cgi?*=5&topic=50761"
  },
  "id": 5871
 },
 {
  "action": {
   "responseHeaders": [
    {
     "header": "content-security-policy",
     "operation": "append",
     "value": "sandbox allow-same-origin;"
    }
   ],
   "type": "modifyHeaders"
  },
  "condition": {
   "isUrlFilterCaseSensitive": false,
   "resourceTypes": [
    "main_frame",
    "sub_frame"
   ],
   "urlFilter": "||gdz-ru.work/subscribe/"
  },
  "id": 5872
 },
 {
  "action": {
   "responseHeaders": [
    {
     "header": "content-security-policy",
     "operation": "append",
     "value": "script-src 'self' 'unsafe-inline' 'unsafe-eval' data: *.cloudflare.com *.cloudfront.net *.highcharts.com *.polyfill.io *.googleapis.com apis.google.com *.jquery.com *.jivosite.com *.keycaptcha.com vk.com yastatic.net *.yandex.ru *.bemobile.ua *.twitter.com"
    }
   ],
   "type": "modifyHeaders"
  },
  "condition": {
   "requestDomains": [
    "kurs.com.ua"
   ],
   "resourceTypes": [
    "main_frame",
    "sub_frame"
   ]
  },
  "id": 5873
 },
 {
  "action": {
   "responseHeaders": [
    {
     "header": "content-security-policy",
     "operation": "append",
     "value": "sandbox allow-same-origin;"
    }
   ],
   "type": "modifyHeaders"
  },
  "condition": {
   "isUrlFilterCaseSensitive": false,
   "resourceTypes": [
    "main_frame",
    "sub_frame"
   ],
   "urlFilter": "||lis-gor.com/"
  },
  "id": 5874
 },
 {
  "action": {
   "responseHeaders": [
    {
     "header": "content-security-policy",
     "operation": "append",
     "value": "script-src 'self' 'unsafe-inline' 'unsafe-eval' data:"
    }
   ],
   "type": "modifyHeaders"
  },
  "condition": {
   "requestDomains": [
    "modfix.ru",
    "wallpapershome.ru"
   ],
   "resourceTypes": [
    "main_frame",
    "sub_frame"
   ]
  },
  "id": 5875
 },
 {
  "action": {
   "responseHeaders": [
    {
     "header": "content-security-policy",
     "operation": "append",
     "value": "script-src 'unsafe-eval' data:"
    }
   ],
   "type": "modifyHeaders"
  },
  "condition": {
   "isUrlFilterCaseSensitive": false,
   "resourceTypes": [
    "main_frame",
    "sub_frame"
   ],
   "urlFilter": "||modsfire.com/download/*/"
  },
  "id": 5876
 },
 {
  "action": {
   "responseHeaders": [
    {
     "header": "content-security-policy",
     "operation": "append",
     "value": "frame-src 'self'"
    }
   ],
   "type": "modifyHeaders"
  },
  "condition": {
   "isUrlFilterCaseSensitive": false,
   "resourceTypes": [
    "main_frame",
    "sub_frame"
   ],
   "urlFilter": "||nsportal.ru/download/"
  },
  "id": 5877
 },
 {
  "action": {
   "responseHeaders": [
    {
     "header": "content-security-policy",
     "operation": "append",
     "value": "frame-src 'self'"
    }
   ],
   "type": "modifyHeaders"
  },
  "condition": {
   "isUrlFilterCaseSensitive": false,
   "resourceTypes": [
    "main_frame",
    "sub_frame"
   ],
   "urlFilter": "||nsportal.ru/umschool/"
  },
  "id": 5878
 },
 {
  "action": {
   "responseHeaders": [
    {
     "header": "content-security-policy",
     "operation": "append",
     "value": "script-src 'self' * blob: data:"
    }
   ],
   "type": "modifyHeaders"
  },
  "condition": {
   "requestDomains": [
    "psysovet24.ru"
   ],
   "resourceTypes": [
    "main_frame",
    "sub_frame"
   ]
  },
  "id": 5879
 },
 {
  "action": {
   "responseHeaders": [
    {
     "header": "content-security-policy",
     "operation": "append",
     "value": "script-src 'self'"
    }
   ],
   "type": "modifyHeaders"
  },
  "condition": {
   "requestDomains": [
    "adblock-tester.com",
    "checkadblock.ru",
    "vazhno.ru"
   ],
   "resourceTypes": [
    "main_frame",
    "sub_frame"
   ]
  },
  "id": 5880
 },
 {
  "action": {
   "responseHeaders": [
    {
     "header": "content-security-policy",
     "operation": "append",
     "value": "script-src 'self' 'unsafe-inline' 'unsafe-eval' i.li.ru"
    }
   ],
   "type": "modifyHeaders"
  },
  "condition": {
   "isUrlFilterCaseSensitive": false,
   "resourceTypes": [
    "main_frame",
    "sub_frame"
   ],
   "urlFilter": "||www.liveinternet.ru/|"
  },
  "id": 5881
 },
 {
  "action": {
   "responseHeaders": [
    {
     "header": "content-security-policy",
     "operation": "append",
     "value": "frame-src 'self' *.ukr.net *.sinoptik.ua kinoafisha.ua *.twitter.com *.google.com"
    }
   ],
   "type": "modifyHeaders"
  },
  "condition": {
   "requestDomains": [
    "www.ukr.net"
   ],
   "resourceTypes": [
    "main_frame",
    "sub_frame"
   ]
  },
  "id": 5882
 },
 {
  "action": {
   "responseHeaders": [
    {
     "header": "content-security-policy",
     "operation": "append",
     "value": "connect-src"
    }
   ],
   "type": "modifyHeaders"
  },
  "condition": {
   "isUrlFilterCaseSensitive": false,
   "resourceTypes": [
    "main_frame",
    "sub_frame"
   ],
   "urlFilter": "||yandex.ru/turbo?text=https*fishki.net"
  },
  "id": 5883
 },
 {
  "action": {
   "responseHeaders": [
    {
     "header": "content-security-policy",
     "operation": "append",
     "value": "sandbox allow-same-origin;"
    }
   ],
   "type": "modifyHeaders"
  },
  "condition": {
   "isUrlFilterCaseSensitive": false,
   "resourceTypes": [
    "main_frame",
    "sub_frame"
   ],
   "urlFilter": "||bid/goto/*/*/"
  },
  "id": 5884
 },
 {
  "action": {
   "responseHeaders": [
    {
     "header": "content-security-policy",
     "operation": "append",
     "value": "sandbox allow-same-origin;"
    }
   ],
   "type": "modifyHeaders"
  },
  "condition": {
   "isUrlFilterCaseSensitive": false,
   "resourceTypes": [
    "main_frame",
    "sub_frame"
   ],
   "urlFilter": "||info/goto/*/*/"
  },
  "id": 5885
 },
 {
  "action": {
   "responseHeaders": [
    {
     "header": "content-security-policy",
     "operation": "append",
     "value": "sandbox allow-same-origin;"
    }
   ],
   "type": "modifyHeaders"
  },
  "condition": {
   "isUrlFilterCaseSensitive": false,
   "resourceTypes": [
    "main_frame",
    "sub_frame"
   ],
   "urlFilter": "||popadon.com/goto/"
  },
  "id": 5886
 },
 {
  "action": {
   "responseHeaders": [
    {
     "header": "content-security-policy",
     "operation": "append",
     "value": "sandbox allow-same-origin;"
    }
   ],
   "type": "modifyHeaders"
  },
  "condition": {
   "isUrlFilterCaseSensitive": false,
   "resourceTypes": [
    "main_frame",
    "sub_frame"
   ],
   "urlFilter": "||rustorka.*/goto/*/*/"
  },
  "id": 5887
 },
 {
  "action": {
   "responseHeaders": [
    {
     "header": "content-security-policy",
     "operation": "append",
     "value": "sandbox allow-same-origin;"
    }
   ],
   "type": "modifyHeaders"
  },
  "condition": {
   "isUrlFilterCaseSensitive": false,
   "resourceTypes": [
    "main_frame",
    "sub_frame"
   ],
   "urlFilter": "||top/goto/*/*/"
  },
  "id": 5888
 },
 {
  "action": {
   "responseHeaders": [
    {
     "header": "content-security-policy",
     "operation": "append",
     "value": "script-src"
    }
   ],
   "type": "modifyHeaders"
  },
  "condition": {
   "isUrlFilterCaseSensitive": false,
   "resourceTypes": [
    "main_frame",
    "sub_frame"
   ],
   "urlFilter": "||yandex.ru/mapuid/"
  },
  "id": 5889
 }
]
