[
 {
  "action": {
   "type": "block"
  },
  "condition": {
   "domainType": "thirdParty",
   "excludedInitiatorDomains": [
    "0.0.0.0",
    "127.0.0.1",
    "[::1]",
    "[::]",
    "local",
    "localhost"
   ],
   "isUrlFilterCaseSensitive": false,
   "urlFilter": "[::1]^"
  },
  "id": 7
 },
 {
  "action": {
   "type": "block"
  },
  "condition": {
   "domainType": "thirdParty",
   "excludedInitiatorDomains": [
    "0.0.0.0",
    "127.0.0.1",
    "[::1]",
    "[::]",
    "local",
    "localhost"
   ],
   "requestDomains": [
    "0.0.0.0",
    "airbox.home",
    "airport",
    "arcor.easybox",
    "aterm.me",
    "bthomehub.home",
    "bthub.home",
    "congstar.box",
    "connect.box",
    "easy.box",
    "etxr",
    "fritz.box",
    "fritz.nas",
    "fritz.repeater",
    "giga.cube",
    "hi.link",
    "hitronhub.home",
    "home.arpa",
    "homerouter.cpe",
    "huaweimobilewifi.com",
    "local",
    "localhost",
    "mobile.hotspot",
    "myfritz.box",
    "ntt.setup",
    "pi.hole",
    "repeater.asus.com",
    "router.asus.com",
    "routerlogin.com",
    "routerlogin.net",
    "samsung.router",
    "speedport.ip",
    "tplinkwifi.net",
    "web.setup",
    "web.setup.home"
   ]
  },
  "id": 8
 },
 {
  "action": {
   "type": "block"
  },
  "condition": {
   "domainType": "thirdParty",
   "excludedInitiatorDomains": [
    "0.0.0.0",
    "127.0.0.1",
    "[::1]",
    "[::]",
    "local",
    "localhost"
   ],
   "isUrlFilterCaseSensitive": false,
   "urlFilter": "[::]^"
  },
  "id": 9
 },
 {
  "action": {
   "type": "block"
  },
  "condition": {
   "domainType": "thirdParty",
   "excludedInitiatorDomains": [
    "0.0.0.0",
    "127.0.0.1",
    "[::1]",
    "[::]",
    "app.plex.tv",
    "local",
    "localhost"
   ],
   "requestDomains": [
    "plex.direct"
   ]
  },
  "id": 10
 }
]
