[
 {
  "action": {
   "type": "block"
  },
  "condition": {
   "initiatorDomains": [
    "elisa.fi"
   ],
   "isUrlFilterCaseSensitive": false,
   "urlFilter": "||elisa.digital.nuance.com/tagserver/js/ads-blocking-detector.min.js"
  },
  "id": 1
 },
 {
  "action": {
   "type": "block"
  },
  "condition": {
   "isUrlFilterCaseSensitive": false,
   "urlFilter": "/bannercounter.php"
  },
  "id": 2
 },
 {
  "action": {
   "type": "block"
  },
  "condition": {
   "isUrlFilterCaseSensitive": false,
   "urlFilter": "/js/spring.js"
  },
  "id": 3
 },
 {
  "action": {
   "type": "block"
  },
  "condition": {
   "isUrlFilterCaseSensitive": false,
   "urlFilter": "/karuselli/js/agadcarousel"
  },
  "id": 4
 },
 {
  "action": {
   "type": "block"
  },
  "condition": {
   "isUrlFilterCaseSensitive": false,
   "urlFilter": "/mainokset."
  },
  "id": 5
 },
 {
  "action": {
   "type": "block"
  },
  "condition": {
   "isUrlFilterCaseSensitive": false,
   "urlFilter": "/mainokset/"
  },
  "id": 6
 },
 {
  "action": {
   "type": "block"
  },
  "condition": {
   "isUrlFilterCaseSensitive": false,
   "urlFilter": "/mainokset_"
  },
  "id": 7
 },
 {
  "action": {
   "type": "block"
  },
  "condition": {
   "isUrlFilterCaseSensitive": false,
   "urlFilter": "/mainos."
  },
  "id": 8
 },
 {
  "action": {
   "type": "block"
  },
  "condition": {
   "isUrlFilterCaseSensitive": false,
   "urlFilter": "/mainos/"
  },
  "id": 9
 },
 {
  "action": {
   "type": "block"
  },
  "condition": {
   "isUrlFilterCaseSensitive": false,
   "urlFilter": "/mainos_"
  },
  "id": 10
 },
 {
  "action": {
   "type": "block"
  },
  "condition": {
   "isUrlFilterCaseSensitive": false,
   "urlFilter": "/mainosbanneri."
  },
  "id": 11
 },
 {
  "action": {
   "type": "block"
  },
  "condition": {
   "isUrlFilterCaseSensitive": false,
   "urlFilter": "/mainosbanneri/"
  },
  "id": 12
 },
 {
  "action": {
   "type": "block"
  },
  "condition": {
   "isUrlFilterCaseSensitive": false,
   "urlFilter": "/mainosbanneri_"
  },
  "id": 13
 },
 {
  "action": {
   "type": "block"
  },
  "condition": {
   "isUrlFilterCaseSensitive": false,
   "urlFilter": "/mainosbannerit."
  },
  "id": 14
 },
 {
  "action": {
   "type": "block"
  },
  "condition": {
   "isUrlFilterCaseSensitive": false,
   "urlFilter": "/mainosbannerit/"
  },
  "id": 15
 },
 {
  "action": {
   "type": "block"
  },
  "condition": {
   "isUrlFilterCaseSensitive": false,
   "urlFilter": "/mainosbannerit_"
  },
  "id": 16
 },
 {
  "action": {
   "type": "block"
  },
  "condition": {
   "isUrlFilterCaseSensitive": false,
   "urlFilter": "/mainoskaruselli."
  },
  "id": 17
 },
 {
  "action": {
   "type": "block"
  },
  "condition": {
   "isUrlFilterCaseSensitive": false,
   "urlFilter": "/mainoskaruselli/"
  },
  "id": 18
 },
 {
  "action": {
   "type": "block"
  },
  "condition": {
   "isUrlFilterCaseSensitive": false,
   "urlFilter": "/mainoskaruselli_yli"
  },
  "id": 19
 },
 {
  "action": {
   "type": "block"
  },
  "condition": {
   "isUrlFilterCaseSensitive": false,
   "urlFilter": "/sivulaskuri"
  },
  "id": 20
 },
 {
  "action": {
   "type": "block"
  },
  "condition": {
   "isUrlFilterCaseSensitive": false,
   "urlFilter": "/sponsorit."
  },
  "id": 21
 },
 {
  "action": {
   "type": "block"
  },
  "condition": {
   "isUrlFilterCaseSensitive": false,
   "urlFilter": "/sponsorit/"
  },
  "id": 22
 },
 {
  "action": {
   "type": "block"
  },
  "condition": {
   "isUrlFilterCaseSensitive": false,
   "urlFilter": "/sponsorit_"
  },
  "id": 23
 },
 {
  "action": {
   "type": "block"
  },
  "condition": {
   "isUrlFilterCaseSensitive": false,
   "urlFilter": "/yhteistyokumppanit."
  },
  "id": 24
 },
 {
  "action": {
   "type": "block"
  },
  "condition": {
   "isUrlFilterCaseSensitive": false,
   "urlFilter": "/yhteistyokumppanit/"
  },
  "id": 25
 },
 {
  "action": {
   "type": "block"
  },
  "condition": {
   "isUrlFilterCaseSensitive": false,
   "urlFilter": "/yhteistyokumppanit_"
  },
  "id": 26
 },
 {
  "action": {
   "type": "block"
  },
  "condition": {
   "isUrlFilterCaseSensitive": false,
   "urlFilter": "/yhteistyossa."
  },
  "id": 27
 },
 {
  "action": {
   "type": "block"
  },
  "condition": {
   "isUrlFilterCaseSensitive": false,
   "urlFilter": "/yhteistyossa/"
  },
  "id": 28
 },
 {
  "action": {
   "type": "block"
  },
  "condition": {
   "isUrlFilterCaseSensitive": false,
   "urlFilter": "/yhteistyossa_"
  },
  "id": 29
 },
 {
  "action": {
   "type": "block"
  },
  "condition": {
   "isUrlFilterCaseSensitive": false,
   "urlFilter": "_mainos."
  },
  "id": 30
 },
 {
  "action": {
   "type": "block"
  },
  "condition": {
   "isUrlFilterCaseSensitive": false,
   "urlFilter": "_mainosnappi."
  },
  "id": 31
 },
 {
  "action": {
   "type": "block"
  },
  "condition": {
   "initiatorDomains": [
    "futisfani.com",
    "kiekkofani.com",
    "penkkiurheilu.com",
    "uutisankka.com"
   ],
   "isUrlFilterCaseSensitive": false,
   "urlFilter": "/halvinlaina_300x300_fin.mp4"
  },
  "id": 32
 },
 {
  "action": {
   "type": "block"
  },
  "condition": {
   "initiatorDomains": [
    "gamereactor.fi"
   ],
   "isUrlFilterCaseSensitive": false,
   "urlFilter": "/prerolls/*.mp4"
  },
  "id": 33
 },
 {
  "action": {
   "type": "block"
  },
  "condition": {
   "initiatorDomains": [
    "futisfani.com",
    "kiekkofani.com",
    "penkkiurheilu.com",
    "uutisankka.com"
   ],
   "isUrlFilterCaseSensitive": false,
   "urlFilter": "/pussit_300x3001.mp4"
  },
  "id": 34
 },
 {
  "action": {
   "type": "block"
  },
  "condition": {
   "initiatorDomains": [
    "futisfani.com",
    "kiekkofani.com",
    "penkkiurheilu.com",
    "uutisankka.com"
   ],
   "isUrlFilterCaseSensitive": false,
   "urlFilter": "/pussit_vape_300x300_new.mp4"
  },
  "id": 35
 },
 {
  "action": {
   "type": "block"
  },
  "condition": {
   "initiatorDomains": [
    "futisfani.com",
    "kiekkofani.com",
    "penkkiurheilu.com",
    "uutisankka.com"
   ],
   "isUrlFilterCaseSensitive": false,
   "urlFilter": "/wp-content/uploads/pum/"
  },
  "id": 36
 },
 {
  "action": {
   "type": "block"
  },
  "condition": {
   "initiatorDomains": [
    "aland.com",
    "alandstidningen.ax",
    "enontekionsanomat.fi",
    "inarilainen.fi",
    "kainuunsanomat.fi",
    "kittilalehti.fi",
    "kotilappi.fi",
    "kuhmolainen.fi",
    "luoteis-lappi.fi",
    "saariselansanomat.fi",
    "sompio.fi",
    "sotkamolehti.fi",
    "ylakainuu.fi"
   ],
   "isUrlFilterCaseSensitive": false,
   "urlFilter": "||deals.innocode.no/api/public/v1/widgets"
  },
  "id": 37
 },
 {
  "action": {
   "type": "block"
  },
  "condition": {
   "initiatorDomains": [
    "viranomaisuutiset.fi"
   ],
   "requestDomains": [
    "deals.kledjut.com"
   ]
  },
  "id": 38
 },
 {
  "action": {
   "type": "block"
  },
  "condition": {
   "isUrlFilterCaseSensitive": false,
   "urlFilter": "||kaksplus.fi/upotukset/hintaopas^"
  },
  "id": 39
 },
 {
  "action": {
   "type": "block"
  },
  "condition": {
   "initiatorDomains": [
    "tekniikanmaailma.fi"
   ],
   "isUrlFilterCaseSensitive": false,
   "urlFilter": "||kotiliesi.fi/upotukset/hintaopas/"
  },
  "id": 40
 },
 {
  "action": {
   "type": "block"
  },
  "condition": {
   "initiatorDomains": [
    "lbaanijakuva.fi"
   ],
   "isUrlFilterCaseSensitive": false,
   "urlFilter": "||lbaanijakuva.fi/test/*?template=prisjakt"
  },
  "id": 41
 },
 {
  "action": {
   "type": "block"
  },
  "condition": {
   "isUrlFilterCaseSensitive": false,
   "urlFilter": "||matkaendurot.net/images/*banner,domain=matkaendurot.net"
  },
  "id": 42
 },
 {
  "action": {
   "type": "block"
  },
  "condition": {
   "initiatorDomains": [
    "is.fi"
   ],
   "requestDomains": [
    "recommendations.asunnot.oikotie.fi"
   ]
  },
  "id": 43
 },
 {
  "action": {
   "type": "block"
  },
  "condition": {
   "initiatorDomains": [
    "ridemedia.fi"
   ],
   "isUrlFilterCaseSensitive": false,
   "urlFilter": "||ridemedia.fi/aspbanner"
  },
  "id": 44
 },
 {
  "action": {
   "type": "block"
  },
  "condition": {
   "initiatorDomains": [
    "seksitreffit.fi"
   ],
   "isUrlFilterCaseSensitive": false,
   "urlFilter": "||seksitreffit.fi/banners/"
  },
  "id": 45
 },
 {
  "action": {
   "type": "block"
  },
  "condition": {
   "isUrlFilterCaseSensitive": false,
   "urlFilter": "||telsu.fi/telsu_top"
  },
  "id": 46
 },
 {
  "action": {
   "type": "block"
  },
  "condition": {
   "isUrlFilterCaseSensitive": false,
   "urlFilter": "||dwk14raokkwxv.cloudfront.net/sanomafi/media/*.mp4"
  },
  "id": 47
 },
 {
  "action": {
   "type": "block"
  },
  "condition": {
   "initiatorDomains": [
    "tori.fi"
   ],
   "isUrlFilterCaseSensitive": false,
   "urlFilter": "||cloudfront.net/banners/"
  },
  "id": 48
 },
 {
  "action": {
   "type": "block"
  },
  "condition": {
   "isUrlFilterCaseSensitive": false,
   "urlFilter": "||mobiili.fi/wp-content/themes/mobiilitheme/images/small-loading.gif"
  },
  "id": 49
 },
 {
  "action": {
   "type": "block"
  },
  "condition": {
   "isUrlFilterCaseSensitive": false,
   "resourceTypes": [
    "image"
   ],
   "urlFilter": "/mainosmokkula/"
  },
  "id": 50
 },
 {
  "action": {
   "type": "block"
  },
  "condition": {
   "initiatorDomains": [
    "futisfani.com",
    "kiekkofani.com",
    "omalahio.fi",
    "penkkiurheilu.com",
    "uutisankka.com"
   ],
   "isUrlFilterCaseSensitive": false,
   "resourceTypes": [
    "image"
   ],
   "urlFilter": "/*-mainos-"
  },
  "id": 52
 },
 {
  "action": {
   "type": "block"
  },
  "condition": {
   "initiatorDomains": [
    "alibi.fi",
    "hymy.fi"
   ],
   "isUrlFilterCaseSensitive": false,
   "resourceTypes": [
    "image"
   ],
   "urlFilter": "/wp-content/uploads/2022/04/hymyalibi2022_300x300_pupu.jpg"
  },
  "id": 55
 },
 {
  "action": {
   "type": "block"
  },
  "condition": {
   "isUrlFilterCaseSensitive": false,
   "resourceTypes": [
    "image"
   ],
   "urlFilter": "||aamuset.fi/content/app/img/latkaliiga_banneri.jpg"
  },
  "id": 56
 },
 {
  "action": {
   "type": "block"
  },
  "condition": {
   "isUrlFilterCaseSensitive": false,
   "resourceTypes": [
    "image"
   ],
   "urlFilter": "||alibi.fi/wp-content/uploads/2018/03/al_sivupalkin_myyntiviesti2.jpg"
  },
  "id": 57
 },
 {
  "action": {
   "type": "block"
  },
  "condition": {
   "isUrlFilterCaseSensitive": false,
   "resourceTypes": [
    "image"
   ],
   "urlFilter": "||alibi.fi/wp-content/uploads/2022/04/hymyalibi_300x300_vappu.jpg"
  },
  "id": 58
 },
 {
  "action": {
   "type": "block"
  },
  "condition": {
   "initiatorDomains": [
    "apteekkari.fi"
   ],
   "isUrlFilterCaseSensitive": false,
   "resourceTypes": [
    "image"
   ],
   "urlFilter": "||apteekkari.fi/media/kuvat/bannerit/"
  },
  "id": 59
 },
 {
  "action": {
   "type": "block"
  },
  "condition": {
   "isUrlFilterCaseSensitive": false,
   "resourceTypes": [
    "image"
   ],
   "urlFilter": "||bittiraha.fi/app/themes/bittiraha-theme/assets/images/bittiraha_coinmotion_banner"
  },
  "id": 60
 },
 {
  "action": {
   "type": "block"
  },
  "condition": {
   "isUrlFilterCaseSensitive": false,
   "resourceTypes": [
    "image"
   ],
   "urlFilter": "||bittiraha.fi/app/uploads/*/bittimaatti*_banner"
  },
  "id": 61
 },
 {
  "action": {
   "type": "block"
  },
  "condition": {
   "initiatorDomains": [
    "blogit.fi"
   ],
   "isUrlFilterCaseSensitive": false,
   "resourceTypes": [
    "image"
   ],
   "urlFilter": "||blogit.fi/ext/"
  },
  "id": 62
 },
 {
  "action": {
   "type": "block"
  },
  "condition": {
   "initiatorDomains": [
    "caravan-lehti.fi"
   ],
   "isUrlFilterCaseSensitive": false,
   "resourceTypes": [
    "image"
   ],
   "urlFilter": "||caravan-lehti.fi/media/carado-matkailuauto."
  },
  "id": 63
 },
 {
  "action": {
   "type": "block"
  },
  "condition": {
   "isUrlFilterCaseSensitive": false,
   "resourceTypes": [
    "image"
   ],
   "urlFilter": "||etn.fi/images/banners/"
  },
  "id": 64
 },
 {
  "action": {
   "type": "block"
  },
  "condition": {
   "isUrlFilterCaseSensitive": false,
   "resourceTypes": [
    "image"
   ],
   "urlFilter": "||hifimaailma.fi/neodirect/static/*/karuselli"
  },
  "id": 65
 },
 {
  "action": {
   "type": "block"
  },
  "condition": {
   "isUrlFilterCaseSensitive": false,
   "resourceTypes": [
    "image"
   ],
   "urlFilter": "||hymy.fi/wp-content/uploads/2018/03/hy_sivupalkin_myyntiviesti2.jpg"
  },
  "id": 66
 },
 {
  "action": {
   "type": "block"
  },
  "condition": {
   "isUrlFilterCaseSensitive": false,
   "resourceTypes": [
    "image"
   ],
   "urlFilter": "||hymy.fi/wp-content/uploads/2022/11/nicorette_hymy.jpg"
  },
  "id": 67
 },
 {
  "action": {
   "type": "block"
  },
  "condition": {
   "isUrlFilterCaseSensitive": false,
   "resourceTypes": [
    "image"
   ],
   "urlFilter": "||ig.fi/bannerit/koronabanneri.png"
  },
  "id": 68
 },
 {
  "action": {
   "type": "block"
  },
  "condition": {
   "isUrlFilterCaseSensitive": false,
   "resourceTypes": [
    "image"
   ],
   "urlFilter": "||io-tech.fi/images/*_290x290px.png"
  },
  "id": 69
 },
 {
  "action": {
   "type": "block"
  },
  "condition": {
   "initiatorDomains": [
    "is.fi"
   ],
   "isUrlFilterCaseSensitive": false,
   "resourceTypes": [
    "image"
   ],
   "urlFilter": "||is.fi/kampanjat/taloussanomat/startel_600x300px.jpg"
  },
  "id": 70
 },
 {
  "action": {
   "type": "block"
  },
  "condition": {
   "initiatorDomains": [
    "kaasujalka.fi"
   ],
   "isUrlFilterCaseSensitive": false,
   "resourceTypes": [
    "image"
   ],
   "urlFilter": "||kaasujalka.fi/assets/banners/"
  },
  "id": 71
 },
 {
  "action": {
   "type": "block"
  },
  "condition": {
   "initiatorDomains": [
    "karjalainen.fi"
   ],
   "isUrlFilterCaseSensitive": false,
   "resourceTypes": [
    "image"
   ],
   "urlFilter": "||karjalainen.fi/images/banners/kiinnostuitko"
  },
  "id": 72
 },
 {
  "action": {
   "type": "block"
  },
  "condition": {
   "initiatorDomains": [
    "kelkkalehti.com"
   ],
   "isUrlFilterCaseSensitive": false,
   "resourceTypes": [
    "image"
   ],
   "urlFilter": "||kelkkalehti.com/bannerit/"
  },
  "id": 73
 },
 {
  "action": {
   "type": "block"
  },
  "condition": {
   "initiatorDomains": [
    "keskustelu.pakkotoisto.com"
   ],
   "isUrlFilterCaseSensitive": false,
   "resourceTypes": [
    "image"
   ],
   "urlFilter": "||keskustelu.pakkotoisto.com/bannerit/"
  },
  "id": 74
 },
 {
  "action": {
   "type": "block"
  },
  "condition": {
   "initiatorDomains": [
    "kinuskikissa.fi"
   ],
   "isUrlFilterCaseSensitive": false,
   "resourceTypes": [
    "image"
   ],
   "urlFilter": "||kinuskikissa.fi/wp-content/uploads/*kumppani_*.gif"
  },
  "id": 75
 },
 {
  "action": {
   "type": "block"
  },
  "condition": {
   "initiatorDomains": [
    "kiuruvesilehti.fi"
   ],
   "isUrlFilterCaseSensitive": false,
   "resourceTypes": [
    "image"
   ],
   "urlFilter": "||kiuruvesilehti.fi/wp-content/uploads/*kampanja_banneri.png"
  },
  "id": 76
 },
 {
  "action": {
   "type": "block"
  },
  "condition": {
   "initiatorDomains": [
    "koeajolle.com"
   ],
   "isUrlFilterCaseSensitive": false,
   "resourceTypes": [
    "image"
   ],
   "urlFilter": "||koeajolle.com/wp-content/uploads/*/blue-billboard-*.jpg"
  },
  "id": 77
 },
 {
  "action": {
   "type": "block"
  },
  "condition": {
   "initiatorDomains": [
    "koeajolle.com"
   ],
   "isUrlFilterCaseSensitive": false,
   "resourceTypes": [
    "image"
   ],
   "urlFilter": "||koeajolle.com/wp-content/uploads/*/blue-rect-*.jpg"
  },
  "id": 78
 },
 {
  "action": {
   "type": "block"
  },
  "condition": {
   "initiatorDomains": [
    "koeajolle.com"
   ],
   "isUrlFilterCaseSensitive": false,
   "resourceTypes": [
    "image"
   ],
   "urlFilter": "||koeajolle.com/wp-content/uploads/*/pop-vakuutus-alennuskoodi.png"
  },
  "id": 79
 },
 {
  "action": {
   "type": "block"
  },
  "condition": {
   "initiatorDomains": [
    "laitilansanomat.fi"
   ],
   "isUrlFilterCaseSensitive": false,
   "resourceTypes": [
    "image"
   ],
   "urlFilter": "||laitilansanomat.fi^*/gallery/mainos*/"
  },
  "id": 80
 },
 {
  "action": {
   "type": "block"
  },
  "condition": {
   "isUrlFilterCaseSensitive": false,
   "resourceTypes": [
    "image"
   ],
   "urlFilter": "||media.power-cdn.net/images/pages/orderpage/*-power-huippudiili-*.jpg"
  },
  "id": 81
 },
 {
  "action": {
   "type": "block"
  },
  "condition": {
   "initiatorDomains": [
    "mobiili.fi"
   ],
   "isUrlFilterCaseSensitive": false,
   "resourceTypes": [
    "image"
   ],
   "urlFilter": "||mobiili.fi/wp-content/uploads/2019/08/bms_2019_980x120.jpg"
  },
  "id": 82
 },
 {
  "action": {
   "type": "block"
  },
  "condition": {
   "initiatorDomains": [
    "mvlehti.net"
   ],
   "isUrlFilterCaseSensitive": false,
   "resourceTypes": [
    "image"
   ],
   "urlFilter": "||mvlehti.net/image/adv.jpg"
  },
  "id": 83
 },
 {
  "action": {
   "type": "block"
  },
  "condition": {
   "initiatorDomains": [
    "mvlehti.net"
   ],
   "isUrlFilterCaseSensitive": false,
   "resourceTypes": [
    "image"
   ],
   "urlFilter": "||mvlehti.net/uploads/2021/06/halvinlaina-otsikko.jpg"
  },
  "id": 84
 },
 {
  "action": {
   "type": "block"
  },
  "condition": {
   "initiatorDomains": [
    "sijoittaja.fi"
   ],
   "isUrlFilterCaseSensitive": false,
   "resourceTypes": [
    "image"
   ],
   "urlFilter": "||no-cache.hubspot.com/cta/"
  },
  "id": 85
 },
 {
  "action": {
   "type": "block"
  },
  "condition": {
   "initiatorDomains": [
    "pirkkalainen.com"
   ],
   "isUrlFilterCaseSensitive": false,
   "resourceTypes": [
    "image"
   ],
   "urlFilter": "||pirkkalainen.com/images/mainospaikat/3.jpg"
  },
  "id": 86
 },
 {
  "action": {
   "type": "block"
  },
  "condition": {
   "initiatorDomains": [
    "rakentaja.fi"
   ],
   "isUrlFilterCaseSensitive": false,
   "resourceTypes": [
    "image"
   ],
   "urlFilter": "||rakentaja.fi/kuvat/esitykset/bannerit/*_keittiomaailma-schibsted-*-kampanja"
  },
  "id": 87
 },
 {
  "action": {
   "type": "block"
  },
  "condition": {
   "initiatorDomains": [
    "retkilehti.fi"
   ],
   "isUrlFilterCaseSensitive": false,
   "resourceTypes": [
    "image"
   ],
   "urlFilter": "||retkilehti.fi^*/calazo_banner_"
  },
  "id": 88
 },
 {
  "action": {
   "type": "block"
  },
  "condition": {
   "initiatorDomains": [
    "riistalehti.fi"
   ],
   "isUrlFilterCaseSensitive": false,
   "resourceTypes": [
    "image"
   ],
   "urlFilter": "||riistalehti.fi^*/haix-nature-camo-"
  },
  "id": 89
 },
 {
  "action": {
   "type": "block"
  },
  "condition": {
   "initiatorDomains": [
    "riistalehti.fi"
   ],
   "isUrlFilterCaseSensitive": false,
   "resourceTypes": [
    "image"
   ],
   "urlFilter": "||riistalehti.fi^*_banner_retki_nature_camo_"
  },
  "id": 90
 },
 {
  "action": {
   "type": "block"
  },
  "condition": {
   "isUrlFilterCaseSensitive": false,
   "resourceTypes": [
    "image"
   ],
   "urlFilter": "||testeri.fi/inc/museokortti.png"
  },
  "id": 91
 },
 {
  "action": {
   "type": "block"
  },
  "condition": {
   "initiatorDomains": [
    "tiketti.fi"
   ],
   "isUrlFilterCaseSensitive": false,
   "resourceTypes": [
    "image"
   ],
   "urlFilter": "||tiketti.fi/tiedostot/*/tiketti*_paraati_"
  },
  "id": 92
 },
 {
  "action": {
   "type": "block"
  },
  "condition": {
   "isUrlFilterCaseSensitive": false,
   "resourceTypes": [
    "image"
   ],
   "urlFilter": "||tohtorille.fi/content/img/op-banners/"
  },
  "id": 93
 },
 {
  "action": {
   "type": "block"
  },
  "condition": {
   "isUrlFilterCaseSensitive": false,
   "resourceTypes": [
    "image"
   ],
   "urlFilter": "||urbaanisanakirja.com/static/img/portsaad.png"
  },
  "id": 94
 },
 {
  "action": {
   "type": "block"
  },
  "condition": {
   "initiatorDomains": [
    "mtvuutiset.fi"
   ],
   "isUrlFilterCaseSensitive": false,
   "resourceTypes": [
    "image"
   ],
   "urlFilter": "||cloudfront.net/creatives/assets/"
  },
  "id": 95
 },
 {
  "action": {
   "type": "block"
  },
  "condition": {
   "initiatorDomains": [
    "futisfani.com",
    "kiekkofani.com",
    "penkkiurheilu.com",
    "uutisankka.com"
   ],
   "isUrlFilterCaseSensitive": false,
   "resourceTypes": [
    "script"
   ],
   "urlFilter": "/macro.adnami.io"
  },
  "id": 96
 },
 {
  "action": {
   "type": "block"
  },
  "condition": {
   "initiatorDomains": [
    "episodi.fi",
    "rumba.fi",
    "tilt.fi"
   ],
   "isUrlFilterCaseSensitive": false,
   "resourceTypes": [
    "script"
   ],
   "urlFilter": "/pop_media_*_fi_inarticle"
  },
  "id": 97
 },
 {
  "action": {
   "type": "block"
  },
  "condition": {
   "initiatorDomains": [
    "aamuposti.fi",
    "helsinginuutiset.fi",
    "keski-uusimaa.fi",
    "lansi-uusimaa.fi",
    "lansivayla.fi",
    "lappeenrannanuutiset.fi",
    "loviisansanomat.fi",
    "mantsalanuutiset.fi",
    "nurmijarvenuutiset.fi",
    "seinajoensanomat.fi",
    "sipoonsanomat.fi",
    "tamperelainen.fi",
    "turkulainen.fi",
    "uusimaa.fi",
    "vantaansanomat.fi",
    "vihdinuutiset.fi"
   ],
   "isUrlFilterCaseSensitive": false,
   "resourceTypes": [
    "script"
   ],
   "urlFilter": "||ap-online.media.fi/scripts/eneo*.dll"
  },
  "id": 98
 },
 {
  "action": {
   "type": "block"
  },
  "condition": {
   "initiatorDomains": [
    "gekkonen.net",
    "hevosurheilu.fi"
   ],
   "isUrlFilterCaseSensitive": false,
   "resourceTypes": [
    "script"
   ],
   "urlFilter": "||cdn.bluebillywig.com/apps/player/"
  },
  "id": 99
 },
 {
  "action": {
   "type": "block"
  },
  "condition": {
   "isUrlFilterCaseSensitive": false,
   "resourceTypes": [
    "script"
   ],
   "urlFilter": "||cloudfront.net/poppartners/"
  },
  "id": 100
 },
 {
  "action": {
   "type": "block"
  },
  "condition": {
   "initiatorDomains": [
    "gamereactor.fi"
   ],
   "isUrlFilterCaseSensitive": false,
   "resourceTypes": [
    "script"
   ],
   "urlFilter": "||gamereactor.fi^*/videojs.ads.js"
  },
  "id": 101
 },
 {
  "action": {
   "type": "block"
  },
  "condition": {
   "initiatorDomains": [
    "kuvake.net"
   ],
   "isUrlFilterCaseSensitive": false,
   "resourceTypes": [
    "script"
   ],
   "urlFilter": "||kuvake.net/js/bannerloader.js"
  },
  "id": 102
 },
 {
  "action": {
   "type": "block"
  },
  "condition": {
   "initiatorDomains": [
    "akaanseutu.fi",
    "lvs.fi",
    "orivedensanomat.fi",
    "radiosun.fi",
    "shl.fi",
    "ylojarvenuutiset.fi"
   ],
   "isUrlFilterCaseSensitive": false,
   "resourceTypes": [
    "script"
   ],
   "urlFilter": "||menyt.azurewebsites.net/public/js/omamainos-widget"
  },
  "id": 103
 },
 {
  "action": {
   "type": "block"
  },
  "condition": {
   "initiatorDomains": [
    "ilkkapohjalainen.fi"
   ],
   "isUrlFilterCaseSensitive": false,
   "resourceTypes": [
    "script"
   ],
   "urlFilter": "||nyt.tassa.fi/ctxwidget/ipctxwidget.js"
  },
  "id": 104
 },
 {
  "action": {
   "type": "block"
  },
  "condition": {
   "isUrlFilterCaseSensitive": false,
   "resourceTypes": [
    "script"
   ],
   "urlFilter": "||otavamedia.fi/ad/"
  },
  "id": 105
 },
 {
  "action": {
   "type": "block"
  },
  "condition": {
   "isUrlFilterCaseSensitive": false,
   "resourceTypes": [
    "script"
   ],
   "urlFilter": "||riemurasia.net/js/ads.js"
  },
  "id": 106
 },
 {
  "action": {
   "type": "block"
  },
  "condition": {
   "initiatorDomains": [
    "iltalehti.fi"
   ],
   "isUrlFilterCaseSensitive": false,
   "resourceTypes": [
    "script"
   ],
   "urlFilter": "||script.ilcdn.fi/etua-lainalaskuri/etua-lainalaskuri.min.js"
  },
  "id": 107
 },
 {
  "action": {
   "type": "block"
  },
  "condition": {
   "initiatorDomains": [
    "seksitreffit.fi"
   ],
   "isUrlFilterCaseSensitive": false,
   "resourceTypes": [
    "script"
   ],
   "urlFilter": "||seksitreffit.fi/*popunder.js"
  },
  "id": 108
 },
 {
  "action": {
   "type": "block"
  },
  "condition": {
   "initiatorDomains": [
    "alypaa.com"
   ],
   "isUrlFilterCaseSensitive": false,
   "resourceTypes": [
    "script"
   ],
   "urlFilter": "||sf.nm-ovp.nelonenmedia.fi/player/games/ruutu-player-loader.js"
  },
  "id": 109
 },
 {
  "action": {
   "type": "block"
  },
  "condition": {
   "isUrlFilterCaseSensitive": false,
   "resourceTypes": [
    "script"
   ],
   "urlFilter": "||tokentube.net/f_scripts/shared/videojs/ads.vast.js"
  },
  "id": 110
 },
 {
  "action": {
   "type": "block"
  },
  "condition": {
   "initiatorDomains": [
    "ts.fi"
   ],
   "isUrlFilterCaseSensitive": false,
   "resourceTypes": [
    "script"
   ],
   "urlFilter": "||ts.fi/adframe.js"
  },
  "id": 111
 },
 {
  "action": {
   "type": "block"
  },
  "condition": {
   "initiatorDomains": [
    "vertaa.fi"
   ],
   "isUrlFilterCaseSensitive": false,
   "resourceTypes": [
    "script"
   ],
   "urlFilter": "||vertaa.fi^*/showads.js"
  },
  "id": 112
 },
 {
  "action": {
   "type": "block"
  },
  "condition": {
   "initiatorDomains": [
    "puhekupla.com"
   ],
   "requestDomains": [
    "doubleclick.net"
   ],
   "resourceTypes": [
    "xmlhttprequest"
   ]
  },
  "id": 113
 },
 {
  "action": {
   "type": "block"
  },
  "condition": {
   "initiatorDomains": [
    "telsu.fi"
   ],
   "isUrlFilterCaseSensitive": false,
   "resourceTypes": [
    "xmlhttprequest"
   ],
   "urlFilter": "||telsu.fi/x_abcheck"
  },
  "id": 114
 },
 {
  "action": {
   "type": "block"
  },
  "condition": {
   "initiatorDomains": [
    "pkank.fi"
   ],
   "isUrlFilterCaseSensitive": false,
   "resourceTypes": [
    "xmlhttprequest"
   ],
   "urlFilter": "/neoproxy.dll"
  },
  "id": 115
 },
 {
  "action": {
   "type": "block"
  },
  "condition": {
   "initiatorDomains": [
    "keskustelu.kaksplus.fi"
   ],
   "isUrlFilterCaseSensitive": false,
   "resourceTypes": [
    "xmlhttprequest"
   ],
   "urlFilter": "||kaksplus.fi/wp-json/feeds/ad-feed"
  },
  "id": 116
 },
 {
  "action": {
   "type": "block"
  },
  "condition": {
   "initiatorDomains": [
    "kotikarjala.fi"
   ],
   "isUrlFilterCaseSensitive": false,
   "resourceTypes": [
    "xmlhttprequest"
   ],
   "urlFilter": "||kotikarjala.fi/eneo?tem=ndap_ilmoitus&"
  },
  "id": 117
 },
 {
  "action": {
   "type": "block"
  },
  "condition": {
   "isUrlFilterCaseSensitive": false,
   "resourceTypes": [
    "xmlhttprequest"
   ],
   "urlFilter": "||tokentube.net/vast?t=vjs&v="
  },
  "id": 118
 },
 {
  "action": {
   "type": "block"
  },
  "condition": {
   "initiatorDomains": [
    "ls24.fi"
   ],
   "isUrlFilterCaseSensitive": false,
   "resourceTypes": [
    "sub_frame"
   ],
   "urlFilter": "||asuntorauma.fi/iframe/uusimmat"
  },
  "id": 119
 },
 {
  "action": {
   "type": "block"
  },
  "condition": {
   "isUrlFilterCaseSensitive": false,
   "resourceTypes": [
    "sub_frame"
   ],
   "urlFilter": "||feed.autotalli.com/bannerdata/html/*.html"
  },
  "id": 120
 },
 {
  "action": {
   "type": "block"
  },
  "condition": {
   "isUrlFilterCaseSensitive": false,
   "resourceTypes": [
    "sub_frame"
   ],
   "urlFilter": "||feed.etuovi.com/etuovi/html/*.html"
  },
  "id": 121
 },
 {
  "action": {
   "type": "block"
  },
  "condition": {
   "isUrlFilterCaseSensitive": false,
   "resourceTypes": [
    "sub_frame"
   ],
   "urlFilter": "||hintaseuranta.fi/*/tripsteri_boxes/"
  },
  "id": 122
 },
 {
  "action": {
   "type": "block"
  },
  "condition": {
   "initiatorDomains": [
    "kalamies.com"
   ],
   "isUrlFilterCaseSensitive": false,
   "resourceTypes": [
    "sub_frame"
   ],
   "urlFilter": "||kalamies.com/?_dnid="
  },
  "id": 123
 },
 {
  "action": {
   "type": "block"
  },
  "condition": {
   "initiatorDomains": [
    "m.riemurasia.net"
   ],
   "isUrlFilterCaseSensitive": false,
   "resourceTypes": [
    "sub_frame"
   ],
   "urlFilter": "||m.riemurasia.net/reklaami.php"
  },
  "id": 124
 },
 {
  "action": {
   "type": "block"
  },
  "condition": {
   "initiatorDomains": [
    "ampparit.com"
   ],
   "isUrlFilterCaseSensitive": false,
   "resourceTypes": [
    "sub_frame"
   ],
   "urlFilter": "||nettiauto.com/en/ampparitbanner*.php"
  },
  "id": 125
 },
 {
  "action": {
   "type": "block"
  },
  "condition": {
   "isUrlFilterCaseSensitive": false,
   "resourceTypes": [
    "sub_frame"
   ],
   "urlFilter": "||superskills.fi/fi*?isiframe=true"
  },
  "id": 126
 },
 {
  "action": {
   "type": "block"
  },
  "condition": {
   "isUrlFilterCaseSensitive": false,
   "resourceTypes": [
    "sub_frame"
   ],
   "urlFilter": "||testeri.fi/ext_telsu"
  },
  "id": 127
 },
 {
  "action": {
   "type": "block"
  },
  "condition": {
   "isUrlFilterCaseSensitive": false,
   "resourceTypes": [
    "sub_frame"
   ],
   "urlFilter": "||vg.is.fi/autotie-is-*/"
  },
  "id": 128
 },
 {
  "action": {
   "type": "block"
  },
  "condition": {
   "initiatorDomains": [
    "discoveryplus.fi"
   ],
   "requestDomains": [
    "dni-adops-proxy-prod-adopsmediaconverter.mercury.dnitv.com"
   ],
   "resourceTypes": [
    "media"
   ]
  },
  "id": 129
 },
 {
  "action": {
   "type": "block"
  },
  "condition": {
   "isUrlFilterCaseSensitive": false,
   "resourceTypes": [
    "media"
   ],
   "urlFilter": "||com-wakedynamite-production-publish.s3.amazonaws.com/publish/"
  },
  "id": 130
 },
 {
  "action": {
   "type": "block"
  },
  "condition": {
   "isUrlFilterCaseSensitive": false,
   "resourceTypes": [
    "media"
   ],
   "urlFilter": "||nelonenmedia-pmd-ads-*.nm-stream.nelonenmedia.fi^"
  },
  "id": 131
 },
 {
  "action": {
   "type": "block"
  },
  "condition": {
   "requestDomains": [
    "freewheel-jitt.sanoma.fi"
   ],
   "resourceTypes": [
    "media"
   ]
  },
  "id": 132
 },
 {
  "action": {
   "type": "block"
  },
  "condition": {
   "initiatorDomains": [
    "ruutu.fi"
   ],
   "requestDomains": [
    "sanoma-prod.integration-x.com"
   ],
   "resourceTypes": [
    "media"
   ]
  },
  "id": 133
 },
 {
  "action": {
   "type": "block"
  },
  "condition": {
   "domainType": "firstParty",
   "isUrlFilterCaseSensitive": false,
   "urlFilter": "||fcdn.lauta.media/adform.js"
  },
  "id": 134
 },
 {
  "action": {
   "type": "block"
  },
  "condition": {
   "domainType": "thirdParty",
   "requestDomains": [
    "ad.citycdn.fi",
    "ad.ilcdn.fi",
    "affiliate.guts.com",
    "auto1.fi",
    "carousel-prod-kaleva-fi.s3.amazonaws.com",
    "celtra.com",
    "cjar.a-lehdet.fi",
    "expekt.com",
    "hintaopas.fi",
    "honestpartners.com",
    "improveads.fi",
    "kake.fi",
    "media.vuokraovi.com",
    "nayadaya.com",
    "rantapallo.fi",
    "revimages.motouutiset.fi"
   ]
  },
  "id": 135
 },
 {
  "action": {
   "type": "block"
  },
  "condition": {
   "domainType": "thirdParty",
   "isUrlFilterCaseSensitive": false,
   "urlFilter": "||cloudfront.net/images/backgroundimages/backgroundimage^"
  },
  "id": 136
 },
 {
  "action": {
   "type": "block"
  },
  "condition": {
   "domainType": "thirdParty",
   "requestDomains": [
    "c1.hinta.fi",
    "nostemedia.bbvms.com",
    "strongbox.nostemedia.fi"
   ],
   "resourceTypes": [
    "script"
   ]
  },
  "id": 137
 },
 {
  "action": {
   "type": "allow"
  },
  "condition": {
   "isUrlFilterCaseSensitive": false,
   "urlFilter": "||fi-mtv3.videoplaza.tv/proxy/pulse-sdk-html5/*/latest.min.js"
  },
  "id": 138
 },
 {
  "action": {
   "type": "allow"
  },
  "condition": {
   "initiatorDomains": [
    "mtvuutiset.fi"
   ],
   "isUrlFilterCaseSensitive": false,
   "urlFilter": "leiki.com/mtv3/mwidget"
  },
  "id": 139
 },
 {
  "action": {
   "type": "allow"
  },
  "condition": {
   "initiatorDomains": [
    "mtvuutiset.fi"
   ],
   "isUrlFilterCaseSensitive": false,
   "urlFilter": "leiki.com/mtv3/widgets/loader/"
  },
  "id": 140
 },
 {
  "action": {
   "type": "allow"
  },
  "condition": {
   "initiatorDomains": [
    "etuovi.com",
    "iltalehti.fi"
   ],
   "requestDomains": [
    "leiki.com"
   ]
  },
  "id": 141
 },
 {
  "action": {
   "type": "allow"
  },
  "condition": {
   "isUrlFilterCaseSensitive": false,
   "urlFilter": "||tags.tiqcdn.com/utag/sanoma-fi/*/utag.js"
  },
  "id": 142
 },
 {
  "action": {
   "type": "allow"
  },
  "condition": {
   "requestDomains": [
    "netstat.ayy.fi"
   ]
  },
  "id": 143
 },
 {
  "action": {
   "type": "allow"
  },
  "condition": {
   "initiatorDomains": [
    "mobiili.fi"
   ],
   "isUrlFilterCaseSensitive": false,
   "resourceTypes": [
    "image"
   ],
   "urlFilter": "||adservicemedia.dk/"
  },
  "id": 144
 },
 {
  "action": {
   "type": "allow"
  },
  "condition": {
   "initiatorDomains": [
    "elisa.fi"
   ],
   "requestDomains": [
    "conductrics.com"
   ],
   "resourceTypes": [
    "script"
   ]
  },
  "id": 145
 },
 {
  "action": {
   "type": "allow"
  },
  "condition": {
   "initiatorDomains": [
    "power.fi"
   ],
   "isUrlFilterCaseSensitive": false,
   "resourceTypes": [
    "script"
   ],
   "urlFilter": "||mpsnare.iesnare.com/snare.js"
  },
  "id": 146
 },
 {
  "action": {
   "type": "allow"
  },
  "condition": {
   "initiatorDomains": [
    "arvopaperi.fi",
    "kauppalehti.fi",
    "mediuutiset.fi",
    "mikrobitti.fi",
    "talouselama.fi",
    "tekniikkatalous.fi",
    "tivi.fi",
    "uusisuomi.fi"
   ],
   "isUrlFilterCaseSensitive": false,
   "resourceTypes": [
    "script"
   ],
   "urlFilter": "||googletagmanager.com/gtm.js"
  },
  "id": 147
 },
 {
  "action": {
   "type": "allow"
  },
  "condition": {
   "initiatorDomains": [
    "ylilauta.org"
   ],
   "isUrlFilterCaseSensitive": false,
   "resourceTypes": [
    "script"
   ],
   "urlFilter": "/adsload.js"
  },
  "id": 148
 },
 {
  "action": {
   "type": "allow"
  },
  "condition": {
   "initiatorDomains": [
    "fcdn.lauta.media"
   ],
   "isUrlFilterCaseSensitive": false,
   "resourceTypes": [
    "xmlhttprequest"
   ],
   "urlFilter": "||adform.net/banners/scripts/adx.js"
  },
  "id": 149
 },
 {
  "action": {
   "type": "allow"
  },
  "condition": {
   "initiatorDomains": [
    "ylilauta.org"
   ],
   "isUrlFilterCaseSensitive": false,
   "resourceTypes": [
    "xmlhttprequest"
   ],
   "urlFilter": "||s1.adform.net/banners/scripts/adx.js"
  },
  "id": 150
 },
 {
  "action": {
   "type": "allow"
  },
  "condition": {
   "initiatorDomains": [
    "power.fi"
   ],
   "isUrlFilterCaseSensitive": false,
   "resourceTypes": [
    "xmlhttprequest"
   ],
   "urlFilter": "||power.fi/umbraco/api/tracking/trackorder"
  },
  "id": 151
 },
 {
  "action": {
   "type": "allow"
  },
  "condition": {
   "initiatorDomains": [
    "track.adform.net"
   ],
   "isUrlFilterCaseSensitive": false,
   "resourceTypes": [
    "main_frame"
   ],
   "urlFilter": "||track.adform.net/*dna.fi/"
  },
  "id": 152
 },
 {
  "action": {
   "type": "allow"
  },
  "condition": {
   "domainType": "firstParty",
   "requestDomains": [
    "click.redditmail.com"
   ]
  },
  "id": 153
 },
 {
  "action": {
   "type": "allow"
  },
  "condition": {
   "domainType": "thirdParty",
   "initiatorDomains": [
    "elisa.fi"
   ],
   "isUrlFilterCaseSensitive": false,
   "urlFilter": "||googletagmanager.com/gtm.js?"
  },
  "id": 154
 }
]
