[
 {
  "action": {
   "type": "block"
  },
  "condition": {
   "isUrlFilterCaseSensitive": false,
   "urlFilter": "/empty.json"
  },
  "id": 1
 },
 {
  "action": {
   "type": "block"
  },
  "condition": {
   "isUrlFilterCaseSensitive": false,
   "urlFilter": "/eu-banned-popup/"
  },
  "id": 2
 },
 {
  "action": {
   "type": "block"
  },
  "condition": {
   "initiatorDomains": [
    "vilagunk.hu"
   ],
   "isUrlFilterCaseSensitive": false,
   "urlFilter": "||3monkey.lol/vilagunk_640.html"
  },
  "id": 3
 },
 {
  "action": {
   "type": "block"
  },
  "condition": {
   "isUrlFilterCaseSensitive": false,
   "urlFilter": "||444.hu/*/ease/"
  },
  "id": 4
 },
 {
  "action": {
   "type": "block"
  },
  "condition": {
   "isUrlFilterCaseSensitive": false,
   "urlFilter": "||affiliation.arukereso.hu/pbox/"
  },
  "id": 5
 },
 {
  "action": {
   "type": "block"
  },
  "condition": {
   "initiatorDomains": [
    "gyakorikerdesek.hu",
    "hoxa.hu"
   ],
   "isUrlFilterCaseSensitive": false,
   "urlFilter": "||aghtag.tech/libs/projectagora.min.js^"
  },
  "id": 6
 },
 {
  "action": {
   "type": "block"
  },
  "condition": {
   "isUrlFilterCaseSensitive": false,
   "urlFilter": "||amiotthonunk.hu/images/banners/"
  },
  "id": 7
 },
 {
  "action": {
   "type": "block"
  },
  "condition": {
   "isUrlFilterCaseSensitive": false,
   "urlFilter": "||aori.hu/banner"
  },
  "id": 8
 },
 {
  "action": {
   "type": "block"
  },
  "condition": {
   "isUrlFilterCaseSensitive": false,
   "urlFilter": "||asva.info/tmp/"
  },
  "id": 9
 },
 {
  "action": {
   "type": "block"
  },
  "condition": {
   "isUrlFilterCaseSensitive": false,
   "urlFilter": "||atv.hu/*reklam"
  },
  "id": 10
 },
 {
  "action": {
   "type": "block"
  },
  "condition": {
   "isUrlFilterCaseSensitive": false,
   "urlFilter": "||bedia.hu/banners/"
  },
  "id": 11
 },
 {
  "action": {
   "type": "block"
  },
  "condition": {
   "isUrlFilterCaseSensitive": false,
   "urlFilter": "||blog.hu/*/ad/"
  },
  "id": 12
 },
 {
  "action": {
   "type": "block"
  },
  "condition": {
   "isUrlFilterCaseSensitive": false,
   "urlFilter": "||blog.hu/*/hird/*."
  },
  "id": 13
 },
 {
  "action": {
   "type": "block"
  },
  "condition": {
   "isUrlFilterCaseSensitive": false,
   "urlFilter": "||blog.hu/ad/"
  },
  "id": 14
 },
 {
  "action": {
   "type": "block"
  },
  "condition": {
   "isUrlFilterCaseSensitive": false,
   "urlFilter": "||blog.hu/pixel"
  },
  "id": 15
 },
 {
  "action": {
   "type": "block"
  },
  "condition": {
   "isUrlFilterCaseSensitive": false,
   "urlFilter": "||borsonline.hu/*hirdetes"
  },
  "id": 16
 },
 {
  "action": {
   "type": "block"
  },
  "condition": {
   "isUrlFilterCaseSensitive": false,
   "urlFilter": "||cegmarketing.hu/banner"
  },
  "id": 17
 },
 {
  "action": {
   "type": "block"
  },
  "condition": {
   "isUrlFilterCaseSensitive": false,
   "urlFilter": "||chat.hu/client/banner"
  },
  "id": 18
 },
 {
  "action": {
   "type": "block"
  },
  "condition": {
   "isUrlFilterCaseSensitive": false,
   "urlFilter": "||cosmopolitan.hu/*/sponsor/"
  },
  "id": 19
 },
 {
  "action": {
   "type": "block"
  },
  "condition": {
   "isUrlFilterCaseSensitive": false,
   "urlFilter": "||duen.hu/*ad"
  },
  "id": 20
 },
 {
  "action": {
   "type": "block"
  },
  "condition": {
   "isUrlFilterCaseSensitive": false,
   "urlFilter": "||eoldal.hu/*eoldal_banner"
  },
  "id": 21
 },
 {
  "action": {
   "type": "block"
  },
  "condition": {
   "isUrlFilterCaseSensitive": false,
   "urlFilter": "||eudomain.eu/ad"
  },
  "id": 22
 },
 {
  "action": {
   "type": "block"
  },
  "condition": {
   "isUrlFilterCaseSensitive": false,
   "urlFilter": "||eudomain.eu/affiliate"
  },
  "id": 23
 },
 {
  "action": {
   "type": "block"
  },
  "condition": {
   "isUrlFilterCaseSensitive": false,
   "urlFilter": "||ezoterikus.hu/*banner*/"
  },
  "id": 24
 },
 {
  "action": {
   "type": "block"
  },
  "condition": {
   "isUrlFilterCaseSensitive": false,
   "urlFilter": "||femcafe.hu/*/spike_ad/"
  },
  "id": 25
 },
 {
  "action": {
   "type": "block"
  },
  "condition": {
   "isUrlFilterCaseSensitive": false,
   "urlFilter": "||femcafe.hu/*/sponsoration/"
  },
  "id": 26
 },
 {
  "action": {
   "type": "block"
  },
  "condition": {
   "isUrlFilterCaseSensitive": false,
   "urlFilter": "||femcafe.hu/*/szponzoracio/"
  },
  "id": 27
 },
 {
  "action": {
   "type": "block"
  },
  "condition": {
   "isUrlFilterCaseSensitive": false,
   "urlFilter": "||femcafe.hu/spike-ad/"
  },
  "id": 28
 },
 {
  "action": {
   "type": "block"
  },
  "condition": {
   "initiatorDomains": [
    "karpathir.com"
   ],
   "isUrlFilterCaseSensitive": false,
   "urlFilter": "||floweryoperation.com/v2/0/"
  },
  "id": 29
 },
 {
  "action": {
   "type": "block"
  },
  "condition": {
   "isUrlFilterCaseSensitive": false,
   "urlFilter": "||fn.hu/*szponzor*/*."
  },
  "id": 30
 },
 {
  "action": {
   "type": "block"
  },
  "condition": {
   "isUrlFilterCaseSensitive": false,
   "urlFilter": "||freeweb.hu/*_banner*."
  },
  "id": 31
 },
 {
  "action": {
   "type": "block"
  },
  "condition": {
   "isUrlFilterCaseSensitive": false,
   "urlFilter": "||gamepod.hu/ajanlo/lapcsalad.html"
  },
  "id": 32
 },
 {
  "action": {
   "type": "block"
  },
  "condition": {
   "isUrlFilterCaseSensitive": false,
   "urlFilter": "||geeks.hu/*body-bg-*."
  },
  "id": 33
 },
 {
  "action": {
   "type": "block"
  },
  "condition": {
   "isUrlFilterCaseSensitive": false,
   "urlFilter": "||harmonet.hu/*hirdetes"
  },
  "id": 34
 },
 {
  "action": {
   "type": "block"
  },
  "condition": {
   "isUrlFilterCaseSensitive": false,
   "urlFilter": "||hasznaltgsm.hu/gsm/iframes/"
  },
  "id": 35
 },
 {
  "action": {
   "type": "block"
  },
  "condition": {
   "isUrlFilterCaseSensitive": false,
   "urlFilter": "||hatarido-szamitas.hu/partnerek/"
  },
  "id": 36
 },
 {
  "action": {
   "type": "block"
  },
  "condition": {
   "isUrlFilterCaseSensitive": false,
   "urlFilter": "||hazipatika.com/sponsoredbys/"
  },
  "id": 37
 },
 {
  "action": {
   "type": "block"
  },
  "condition": {
   "isUrlFilterCaseSensitive": false,
   "urlFilter": "||hircsarda.hu/ads/"
  },
  "id": 38
 },
 {
  "action": {
   "type": "block"
  },
  "condition": {
   "isUrlFilterCaseSensitive": false,
   "urlFilter": "||hungariantop1000.com/cgi-bin/counter.cgi"
  },
  "id": 39
 },
 {
  "action": {
   "type": "block"
  },
  "condition": {
   "isUrlFilterCaseSensitive": false,
   "urlFilter": "||hupont.hu/hirdetes/"
  },
  "id": 40
 },
 {
  "action": {
   "type": "block"
  },
  "condition": {
   "isUrlFilterCaseSensitive": false,
   "urlFilter": "||hwsw.hu/images/bodybgs2/"
  },
  "id": 41
 },
 {
  "action": {
   "type": "block"
  },
  "condition": {
   "isUrlFilterCaseSensitive": false,
   "urlFilter": "||i.cdn29.hu/apix_collect/ads"
  },
  "id": 42
 },
 {
  "action": {
   "type": "block"
  },
  "condition": {
   "isUrlFilterCaseSensitive": false,
   "urlFilter": "||iho.hu/img/banner/"
  },
  "id": 43
 },
 {
  "action": {
   "type": "block"
  },
  "condition": {
   "isUrlFilterCaseSensitive": false,
   "urlFilter": "||infogyor.hu/*_banners/"
  },
  "id": 44
 },
 {
  "action": {
   "type": "block"
  },
  "condition": {
   "isUrlFilterCaseSensitive": false,
   "urlFilter": "||informed.hu/*banner"
  },
  "id": 45
 },
 {
  "action": {
   "type": "block"
  },
  "condition": {
   "isUrlFilterCaseSensitive": false,
   "urlFilter": "||ingyenweb.hu/felso/*."
  },
  "id": 46
 },
 {
  "action": {
   "type": "block"
  },
  "condition": {
   "isUrlFilterCaseSensitive": false,
   "urlFilter": "||ingyenweb.hu/smsbanner/"
  },
  "id": 47
 },
 {
  "action": {
   "type": "block"
  },
  "condition": {
   "isUrlFilterCaseSensitive": false,
   "urlFilter": "||jogiforum.hu/files/partner/"
  },
  "id": 48
 },
 {
  "action": {
   "type": "block"
  },
  "condition": {
   "isUrlFilterCaseSensitive": false,
   "urlFilter": "||ketyerepark.hu/banner/"
  },
  "id": 49
 },
 {
  "action": {
   "type": "block"
  },
  "condition": {
   "isUrlFilterCaseSensitive": false,
   "urlFilter": "||keymedia.hu/keymediajs.cgi"
  },
  "id": 50
 },
 {
  "action": {
   "type": "block"
  },
  "condition": {
   "isUrlFilterCaseSensitive": false,
   "urlFilter": "||koponyeg.hu/skins/k4/hirdetes/"
  },
  "id": 51
 },
 {
  "action": {
   "type": "block"
  },
  "condition": {
   "isUrlFilterCaseSensitive": false,
   "urlFilter": "||lapok.hu/felso/felso.php"
  },
  "id": 52
 },
 {
  "action": {
   "type": "block"
  },
  "condition": {
   "isUrlFilterCaseSensitive": false,
   "urlFilter": "||libri.hu/export/prodbann/"
  },
  "id": 53
 },
 {
  "action": {
   "type": "block"
  },
  "condition": {
   "isUrlFilterCaseSensitive": false,
   "urlFilter": "||lifemagazin.hu/ads/"
  },
  "id": 54
 },
 {
  "action": {
   "type": "block"
  },
  "condition": {
   "isUrlFilterCaseSensitive": false,
   "urlFilter": "||love.hu/design/*hirdetes*."
  },
  "id": 55
 },
 {
  "action": {
   "type": "block"
  },
  "condition": {
   "isUrlFilterCaseSensitive": false,
   "urlFilter": "||medicalonline.hu/*hirdetes"
  },
  "id": 56
 },
 {
  "action": {
   "type": "block"
  },
  "condition": {
   "isUrlFilterCaseSensitive": false,
   "urlFilter": "||miabonyunk.hu/hirdetesek/"
  },
  "id": 57
 },
 {
  "action": {
   "type": "block"
  },
  "condition": {
   "isUrlFilterCaseSensitive": false,
   "urlFilter": "||mkbnetbankar.hu/banner"
  },
  "id": 58
 },
 {
  "action": {
   "type": "block"
  },
  "condition": {
   "isUrlFilterCaseSensitive": false,
   "urlFilter": "||mobilarena.hu/ajanlo/lapcsalad.html"
  },
  "id": 59
 },
 {
  "action": {
   "type": "block"
  },
  "condition": {
   "isUrlFilterCaseSensitive": false,
   "urlFilter": "||napidroid.hu/*/*hird"
  },
  "id": 60
 },
 {
  "action": {
   "type": "block"
  },
  "condition": {
   "isUrlFilterCaseSensitive": false,
   "urlFilter": "||nso.hu/*/sponsoration/*."
  },
  "id": 61
 },
 {
  "action": {
   "type": "block"
  },
  "condition": {
   "isUrlFilterCaseSensitive": false,
   "urlFilter": "||okmanyiroda.hu/banner.html"
  },
  "id": 62
 },
 {
  "action": {
   "type": "block"
  },
  "condition": {
   "isUrlFilterCaseSensitive": false,
   "urlFilter": "||origo.hu/p/sales/"
  },
  "id": 63
 },
 {
  "action": {
   "type": "block"
  },
  "condition": {
   "isUrlFilterCaseSensitive": false,
   "urlFilter": "||p3k.hu/*szponz*."
  },
  "id": 64
 },
 {
  "action": {
   "type": "block"
  },
  "condition": {
   "isUrlFilterCaseSensitive": false,
   "urlFilter": "||pornolize.com/*?clicktag="
  },
  "id": 65
 },
 {
  "action": {
   "type": "block"
  },
  "condition": {
   "isUrlFilterCaseSensitive": false,
   "urlFilter": "||port-network.com/sponsoration_elements/"
  },
  "id": 66
 },
 {
  "action": {
   "type": "block"
  },
  "condition": {
   "isUrlFilterCaseSensitive": false,
   "urlFilter": "||randihely.hu/adnews/"
  },
  "id": 67
 },
 {
  "action": {
   "type": "block"
  },
  "condition": {
   "isUrlFilterCaseSensitive": false,
   "urlFilter": "||revizoronline.com/*banner"
  },
  "id": 68
 },
 {
  "action": {
   "type": "block"
  },
  "condition": {
   "isUrlFilterCaseSensitive": false,
   "urlFilter": "||sg.hu/sg.wgt"
  },
  "id": 69
 },
 {
  "action": {
   "type": "block"
  },
  "condition": {
   "isUrlFilterCaseSensitive": false,
   "urlFilter": "||static.love.hu/design/ad/"
  },
  "id": 70
 },
 {
  "action": {
   "type": "block"
  },
  "condition": {
   "isUrlFilterCaseSensitive": false,
   "urlFilter": "||static.nemzetisport.hu//style/nso/i/*banner"
  },
  "id": 71
 },
 {
  "action": {
   "type": "block"
  },
  "condition": {
   "initiatorDomains": [
    "szeretlekmagyarorszag.hu"
   ],
   "isUrlFilterCaseSensitive": false,
   "urlFilter": "||static.quantcast.mgr.consensu.org/v30/cmpui-popup.js^"
  },
  "id": 72
 },
 {
  "action": {
   "type": "block"
  },
  "condition": {
   "isUrlFilterCaseSensitive": false,
   "urlFilter": "||stylemagazin.hu/static/template_settings/"
  },
  "id": 73
 },
 {
  "action": {
   "type": "block"
  },
  "condition": {
   "isUrlFilterCaseSensitive": false,
   "urlFilter": "||szegedma.hu/*banners/*."
  },
  "id": 74
 },
 {
  "action": {
   "type": "block"
  },
  "condition": {
   "isUrlFilterCaseSensitive": false,
   "urlFilter": "||talalka.hu/hirdetes/"
  },
  "id": 75
 },
 {
  "action": {
   "type": "block"
  },
  "condition": {
   "isUrlFilterCaseSensitive": false,
   "urlFilter": "||telefonguru.hu/iframes/"
  },
  "id": 76
 },
 {
  "action": {
   "type": "block"
  },
  "condition": {
   "isUrlFilterCaseSensitive": false,
   "urlFilter": "||ultraweb.hu/ad*.php"
  },
  "id": 77
 },
 {
  "action": {
   "type": "block"
  },
  "condition": {
   "isUrlFilterCaseSensitive": false,
   "urlFilter": "||utcakereso.hu/hirdetes/"
  },
  "id": 78
 },
 {
  "action": {
   "type": "block"
  },
  "condition": {
   "isUrlFilterCaseSensitive": false,
   "urlFilter": "||zeneszoveg.hu/gfx/skin-*/*."
  },
  "id": 79
 },
 {
  "action": {
   "type": "block"
  },
  "condition": {
   "isUrlFilterCaseSensitive": false,
   "urlFilter": "||ad*.gyaloglo.hu^"
  },
  "id": 80
 },
 {
  "action": {
   "type": "block"
  },
  "condition": {
   "isUrlFilterCaseSensitive": false,
   "urlFilter": "||ad*.mellesleg.hu^"
  },
  "id": 81
 },
 {
  "action": {
   "type": "block"
  },
  "condition": {
   "isUrlFilterCaseSensitive": false,
   "urlFilter": "||advert*.ultraweb.hu^"
  },
  "id": 82
 },
 {
  "action": {
   "type": "block"
  },
  "condition": {
   "isUrlFilterCaseSensitive": false,
   "urlFilter": "||adverticum.*.hu^"
  },
  "id": 83
 },
 {
  "action": {
   "type": "block"
  },
  "condition": {
   "isUrlFilterCaseSensitive": false,
   "urlFilter": "||as*.prog.hu^"
  },
  "id": 84
 },
 {
  "action": {
   "type": "block"
  },
  "condition": {
   "isUrlFilterCaseSensitive": false,
   "urlFilter": "||etargetnet.*.hu^"
  },
  "id": 85
 },
 {
  "action": {
   "type": "block"
  },
  "condition": {
   "isUrlFilterCaseSensitive": false,
   "urlFilter": "||rehs.*.hu^"
  },
  "id": 86
 },
 {
  "action": {
   "type": "block"
  },
  "condition": {
   "isUrlFilterCaseSensitive": false,
   "urlFilter": "||sher.*.hu^"
  },
  "id": 87
 },
 {
  "action": {
   "type": "block"
  },
  "condition": {
   "isUrlFilterCaseSensitive": false,
   "urlFilter": "||szemezgeto*.ingatlan.com^"
  },
  "id": 88
 },
 {
  "action": {
   "type": "block"
  },
  "condition": {
   "initiatorDomains": [
    "infostart.hu"
   ],
   "isUrlFilterCaseSensitive": false,
   "urlFilter": "/js/push.js"
  },
  "id": 89
 },
 {
  "action": {
   "type": "block"
  },
  "condition": {
   "isUrlFilterCaseSensitive": false,
   "urlFilter": "||money.hu/assets-new/js/calculator-widget-init.js"
  },
  "id": 90
 },
 {
  "action": {
   "type": "block"
  },
  "condition": {
   "isUrlFilterCaseSensitive": false,
   "urlFilter": "/gemius.js^"
  },
  "id": 91
 },
 {
  "action": {
   "type": "block"
  },
  "condition": {
   "isUrlFilterCaseSensitive": false,
   "urlFilter": "/gemius.min.js^"
  },
  "id": 92
 },
 {
  "action": {
   "type": "block"
  },
  "condition": {
   "isUrlFilterCaseSensitive": false,
   "urlFilter": "/traffic.js"
  },
  "id": 93
 },
 {
  "action": {
   "type": "block"
  },
  "condition": {
   "isUrlFilterCaseSensitive": false,
   "urlFilter": "/traffic.min.js"
  },
  "id": 94
 },
 {
  "action": {
   "type": "block"
  },
  "condition": {
   "isUrlFilterCaseSensitive": false,
   "urlFilter": "/xgemius.js^"
  },
  "id": 95
 },
 {
  "action": {
   "type": "block"
  },
  "condition": {
   "isUrlFilterCaseSensitive": false,
   "urlFilter": "/xgemius.min.js^"
  },
  "id": 96
 },
 {
  "action": {
   "type": "block"
  },
  "condition": {
   "isUrlFilterCaseSensitive": false,
   "urlFilter": ".hu/userip.php"
  },
  "id": 97
 },
 {
  "action": {
   "type": "block"
  },
  "condition": {
   "isUrlFilterCaseSensitive": false,
   "urlFilter": "||infostart.hu/js/ga.js"
  },
  "id": 98
 },
 {
  "action": {
   "type": "block"
  },
  "condition": {
   "isUrlFilterCaseSensitive": false,
   "urlFilter": "||websas.hu/statistics/"
  },
  "id": 99
 },
 {
  "action": {
   "type": "block"
  },
  "condition": {
   "isUrlFilterCaseSensitive": false,
   "urlFilter": "||onlinestream.live/js/adb.js"
  },
  "id": 100
 },
 {
  "action": {
   "type": "block"
  },
  "condition": {
   "requestDomains": [
    "a.adnium.com",
    "ad.depo.hu",
    "ad.gyermekevek.hu",
    "ad.hirekmedia.hu",
    "ad.kapos.hu",
    "ad.love.hu",
    "ad.napilapcsoport.hu",
    "ad.onadozo.hu",
    "ad.parom.hu",
    "ad.pphungary.hu",
    "ad.supportal.hu",
    "ad.szexneked.hu",
    "adat.freemail.hu",
    "adfair.hu",
    "adfree-stat.p3g.hu",
    "adk2x.com",
    "ads.geeks.hu",
    "ads.nepszava.com",
    "adtrackeraa.com",
    "adv.forpsi.hu",
    "adv.hu",
    "adverbs.napilapcsoport.hu",
    "app.livechatoo.com",
    "audit.median.hu",
    "avatraffic.com",
    "banner.terminal.hu",
    "banner.webtar.hu",
    "boxzsak.kirowski.com",
    "brostraffic.com",
    "cdn-dynamic.optimonk.com",
    "chatrobot.mia.gov.hu",
    "chimpstatic.com",
    "counter.megagroup.ru",
    "ctnsnet.com",
    "daserver.ultraweb.hu",
    "doubleclick.net",
    "et.twyn.com",
    "fourtwentytradingcompany.net",
    "fruitflan.com",
    "gemius.hu",
    "gemius.pl",
    "iofferphoto.com",
    "loading-delivery2.com",
    "media.netpositive.hu",
    "netadclick.com",
    "netexs.com",
    "new-bigpenn.com",
    "pixel.blog.hu",
    "pixel.sojern.com",
    "rc.rc.hu",
    "rc.rootclick.com",
    "redwolfmoon.com",
    "related.hu",
    "smartadserver.com",
    "smartcj.com",
    "srv1.srv-stat.com",
    "stat.adultium.com",
    "stats.badoostats.com",
    "syndication.trafficreps.com",
    "track.trackbyme.info",
    "tracker.azet.sk",
    "tracking.binarypromos.com",
    "tracking.tchibo.hu",
    "up-banner.wavecdn.de",
    "vid4u.org",
    "wstat.ozon.ru",
    "zanox.com"
   ]
  },
  "id": 101
 },
 {
  "action": {
   "type": "block"
  },
  "condition": {
   "isUrlFilterCaseSensitive": false,
   "resourceTypes": [
    "stylesheet"
   ],
   "urlFilter": "||static.origos.hu/s/css/responsive-ads/hangar/hangar-investor-web.css"
  },
  "id": 102
 },
 {
  "action": {
   "type": "block"
  },
  "condition": {
   "isUrlFilterCaseSensitive": false,
   "resourceTypes": [
    "image"
   ],
   "urlFilter": "||0i.hu/files/images/"
  },
  "id": 104
 },
 {
  "action": {
   "type": "block"
  },
  "condition": {
   "isUrlFilterCaseSensitive": false,
   "resourceTypes": [
    "image"
   ],
   "urlFilter": "||888.hu^*/autoalkatreszek24"
  },
  "id": 105
 },
 {
  "action": {
   "type": "block"
  },
  "condition": {
   "isUrlFilterCaseSensitive": false,
   "resourceTypes": [
    "image"
   ],
   "urlFilter": "||ado.hu/banners/"
  },
  "id": 106
 },
 {
  "action": {
   "type": "block"
  },
  "condition": {
   "isUrlFilterCaseSensitive": false,
   "resourceTypes": [
    "image"
   ],
   "urlFilter": "||alfahir.hu^*/hirdetesfoto/"
  },
  "id": 107
 },
 {
  "action": {
   "type": "block"
  },
  "condition": {
   "isUrlFilterCaseSensitive": false,
   "resourceTypes": [
    "image"
   ],
   "urlFilter": "||asva.info/wp-content/themes/branfordmagazine/images/banners/"
  },
  "id": 108
 },
 {
  "action": {
   "type": "block"
  },
  "condition": {
   "isUrlFilterCaseSensitive": false,
   "resourceTypes": [
    "image"
   ],
   "urlFilter": "||autopro.hu/uploads/banners/"
  },
  "id": 109
 },
 {
  "action": {
   "type": "block"
  },
  "condition": {
   "isUrlFilterCaseSensitive": false,
   "resourceTypes": [
    "image"
   ],
   "urlFilter": "||bitport.hu/images/szponzoracio/"
  },
  "id": 110
 },
 {
  "action": {
   "type": "block"
  },
  "condition": {
   "isUrlFilterCaseSensitive": false,
   "resourceTypes": [
    "image"
   ],
   "urlFilter": "||bkv.hu/public/assets/img/banner/"
  },
  "id": 111
 },
 {
  "action": {
   "type": "block"
  },
  "condition": {
   "isUrlFilterCaseSensitive": false,
   "resourceTypes": [
    "image"
   ],
   "urlFilter": "||blog.hu/media/image/hird/"
  },
  "id": 112
 },
 {
  "action": {
   "type": "block"
  },
  "condition": {
   "isUrlFilterCaseSensitive": false,
   "resourceTypes": [
    "image"
   ],
   "urlFilter": "||chat.hu/imgadverts"
  },
  "id": 113
 },
 {
  "action": {
   "type": "block"
  },
  "condition": {
   "isUrlFilterCaseSensitive": false,
   "resourceTypes": [
    "image"
   ],
   "urlFilter": "||csongradihirek.hu/portal/images/stories/_reklamok/"
  },
  "id": 114
 },
 {
  "action": {
   "type": "block"
  },
  "condition": {
   "isUrlFilterCaseSensitive": false,
   "resourceTypes": [
    "image"
   ],
   "urlFilter": "||demotivalo.net/*banner_*."
  },
  "id": 115
 },
 {
  "action": {
   "type": "block"
  },
  "condition": {
   "isUrlFilterCaseSensitive": false,
   "resourceTypes": [
    "image"
   ],
   "urlFilter": "||dijnet.hu/ekonto/images/news/"
  },
  "id": 116
 },
 {
  "action": {
   "type": "block"
  },
  "condition": {
   "isUrlFilterCaseSensitive": false,
   "resourceTypes": [
    "image"
   ],
   "urlFilter": "||dijnet.hu/ekonto/images/szolg_logo/adomany_logo.jpg"
  },
  "id": 117
 },
 {
  "action": {
   "type": "block"
  },
  "condition": {
   "isUrlFilterCaseSensitive": false,
   "resourceTypes": [
    "image"
   ],
   "urlFilter": "||dijnet.hu/ekonto/images/szolg_logo/hu/adomany_logo.jpg"
  },
  "id": 118
 },
 {
  "action": {
   "type": "block"
  },
  "condition": {
   "isUrlFilterCaseSensitive": false,
   "resourceTypes": [
    "image"
   ],
   "urlFilter": "||est.hu/design/img/szponzoracio/"
  },
  "id": 119
 },
 {
  "action": {
   "type": "block"
  },
  "condition": {
   "isUrlFilterCaseSensitive": false,
   "resourceTypes": [
    "image"
   ],
   "urlFilter": "||fototrend.hu/design/hatter.jpg"
  },
  "id": 120
 },
 {
  "action": {
   "type": "block"
  },
  "condition": {
   "isUrlFilterCaseSensitive": false,
   "resourceTypes": [
    "image"
   ],
   "urlFilter": "||gigasex.hu/bannerek/"
  },
  "id": 121
 },
 {
  "action": {
   "type": "block"
  },
  "condition": {
   "isUrlFilterCaseSensitive": false,
   "resourceTypes": [
    "image"
   ],
   "urlFilter": "||gyakorikerdesek.hu/pic/bannerek/"
  },
  "id": 122
 },
 {
  "action": {
   "type": "block"
  },
  "condition": {
   "isUrlFilterCaseSensitive": false,
   "resourceTypes": [
    "image"
   ],
   "urlFilter": "||hirado.hu*/microsites/*wallpaper*."
  },
  "id": 123
 },
 {
  "action": {
   "type": "block"
  },
  "condition": {
   "isUrlFilterCaseSensitive": false,
   "resourceTypes": [
    "image"
   ],
   "urlFilter": "||hirado.hu/newsreel/*_bg_*."
  },
  "id": 124
 },
 {
  "action": {
   "type": "block"
  },
  "condition": {
   "isUrlFilterCaseSensitive": false,
   "resourceTypes": [
    "image"
   ],
   "urlFilter": "||hirdetes.ingatlan.com/banner/"
  },
  "id": 125
 },
 {
  "action": {
   "type": "block"
  },
  "condition": {
   "isUrlFilterCaseSensitive": false,
   "resourceTypes": [
    "image"
   ],
   "urlFilter": "||hirek.sk/banner/"
  },
  "id": 126
 },
 {
  "action": {
   "type": "block"
  },
  "condition": {
   "isUrlFilterCaseSensitive": false,
   "resourceTypes": [
    "image"
   ],
   "urlFilter": "||hosszupuskasub.com/css/*skin.jpg"
  },
  "id": 127
 },
 {
  "action": {
   "type": "block"
  },
  "condition": {
   "isUrlFilterCaseSensitive": false,
   "resourceTypes": [
    "image"
   ],
   "urlFilter": "||hrportal.hu/images/banner/"
  },
  "id": 128
 },
 {
  "action": {
   "type": "block"
  },
  "condition": {
   "isUrlFilterCaseSensitive": false,
   "resourceTypes": [
    "image"
   ],
   "urlFilter": "||hu-swingers.com/img/banners/"
  },
  "id": 129
 },
 {
  "action": {
   "type": "block"
  },
  "condition": {
   "isUrlFilterCaseSensitive": false,
   "resourceTypes": [
    "image"
   ],
   "urlFilter": "||hwsw.hu/images/bodybgs/"
  },
  "id": 130
 },
 {
  "action": {
   "type": "block"
  },
  "condition": {
   "isUrlFilterCaseSensitive": false,
   "resourceTypes": [
    "image"
   ],
   "urlFilter": "||image.arukereso.hu/ad"
  },
  "id": 131
 },
 {
  "action": {
   "type": "block"
  },
  "condition": {
   "isUrlFilterCaseSensitive": false,
   "resourceTypes": [
    "image"
   ],
   "urlFilter": "||img.hunbasket.webpont.com/kosarsport/art/*banner"
  },
  "id": 132
 },
 {
  "action": {
   "type": "block"
  },
  "condition": {
   "isUrlFilterCaseSensitive": false,
   "resourceTypes": [
    "image"
   ],
   "urlFilter": "||klasszikradio.hu/uploads/banner/"
  },
  "id": 133
 },
 {
  "action": {
   "type": "block"
  },
  "condition": {
   "isUrlFilterCaseSensitive": false,
   "resourceTypes": [
    "image"
   ],
   "urlFilter": "||klubradio.hu/data/files/banner"
  },
  "id": 134
 },
 {
  "action": {
   "type": "block"
  },
  "condition": {
   "isUrlFilterCaseSensitive": false,
   "resourceTypes": [
    "image"
   ],
   "urlFilter": "||konkretkonyvek.hu/data/banners/"
  },
  "id": 135
 },
 {
  "action": {
   "type": "block"
  },
  "condition": {
   "isUrlFilterCaseSensitive": false,
   "resourceTypes": [
    "image"
   ],
   "urlFilter": "||libri.hu/html/images/skin/"
  },
  "id": 136
 },
 {
  "action": {
   "type": "block"
  },
  "condition": {
   "isUrlFilterCaseSensitive": false,
   "resourceTypes": [
    "image"
   ],
   "urlFilter": "||lolmarkt.hu/banner/"
  },
  "id": 137
 },
 {
  "action": {
   "type": "block"
  },
  "condition": {
   "isUrlFilterCaseSensitive": false,
   "resourceTypes": [
    "image"
   ],
   "urlFilter": "||magyar-elektronika.hu/images/banners/"
  },
  "id": 138
 },
 {
  "action": {
   "type": "block"
  },
  "condition": {
   "isUrlFilterCaseSensitive": false,
   "resourceTypes": [
    "image"
   ],
   "urlFilter": "||magyarszo.com/images/banner/"
  },
  "id": 139
 },
 {
  "action": {
   "type": "block"
  },
  "condition": {
   "isUrlFilterCaseSensitive": false,
   "resourceTypes": [
    "image"
   ],
   "urlFilter": "||mandiner.hu/*/banner/"
  },
  "id": 140
 },
 {
  "action": {
   "type": "block"
  },
  "condition": {
   "isUrlFilterCaseSensitive": false,
   "resourceTypes": [
    "image"
   ],
   "urlFilter": "||mandiner.hu/images/design/*-bg."
  },
  "id": 141
 },
 {
  "action": {
   "type": "block"
  },
  "condition": {
   "isUrlFilterCaseSensitive": false,
   "resourceTypes": [
    "image"
   ],
   "urlFilter": "||metropol.hu/*/images/sponsor_*."
  },
  "id": 142
 },
 {
  "action": {
   "type": "block"
  },
  "condition": {
   "isUrlFilterCaseSensitive": false,
   "resourceTypes": [
    "image"
   ],
   "urlFilter": "||mindmegette.hu/images/294/o/nyerjagyulaival_2020_background_300x300.jpg"
  },
  "id": 143
 },
 {
  "action": {
   "type": "block"
  },
  "condition": {
   "isUrlFilterCaseSensitive": false,
   "resourceTypes": [
    "image"
   ],
   "urlFilter": "||mlzphoto.hu/bannerek/"
  },
  "id": 144
 },
 {
  "action": {
   "type": "block"
  },
  "condition": {
   "isUrlFilterCaseSensitive": false,
   "resourceTypes": [
    "image"
   ],
   "urlFilter": "||napidroid.hu/*/*logo"
  },
  "id": 145
 },
 {
  "action": {
   "type": "block"
  },
  "condition": {
   "isUrlFilterCaseSensitive": false,
   "resourceTypes": [
    "image"
   ],
   "urlFilter": "||napocska.hu/images/*_advert*."
  },
  "id": 146
 },
 {
  "action": {
   "type": "block"
  },
  "condition": {
   "isUrlFilterCaseSensitive": false,
   "resourceTypes": [
    "image"
   ],
   "urlFilter": "||net-solutions.hu/banner/"
  },
  "id": 147
 },
 {
  "action": {
   "type": "block"
  },
  "condition": {
   "isUrlFilterCaseSensitive": false,
   "resourceTypes": [
    "image"
   ],
   "urlFilter": "||noplaza.hu/banner/"
  },
  "id": 148
 },
 {
  "action": {
   "type": "block"
  },
  "condition": {
   "isUrlFilterCaseSensitive": false,
   "resourceTypes": [
    "image"
   ],
   "urlFilter": "||origo.hu/banner/"
  },
  "id": 149
 },
 {
  "action": {
   "type": "block"
  },
  "condition": {
   "isUrlFilterCaseSensitive": false,
   "resourceTypes": [
    "image"
   ],
   "urlFilter": "||p3k.hu/*_hatter*."
  },
  "id": 150
 },
 {
  "action": {
   "type": "block"
  },
  "condition": {
   "isUrlFilterCaseSensitive": false,
   "resourceTypes": [
    "image"
   ],
   "urlFilter": "||partyzoo.hu/banner/"
  },
  "id": 151
 },
 {
  "action": {
   "type": "block"
  },
  "condition": {
   "isUrlFilterCaseSensitive": false,
   "resourceTypes": [
    "image"
   ],
   "urlFilter": "||pcguru.hu/uploads/banners/*.jpg"
  },
  "id": 152
 },
 {
  "action": {
   "type": "block"
  },
  "condition": {
   "isUrlFilterCaseSensitive": false,
   "resourceTypes": [
    "image"
   ],
   "urlFilter": "||pcpult.hu/*/banner/"
  },
  "id": 153
 },
 {
  "action": {
   "type": "block"
  },
  "condition": {
   "isUrlFilterCaseSensitive": false,
   "resourceTypes": [
    "image"
   ],
   "urlFilter": "||pcworld.hu/bannerek/"
  },
  "id": 154
 },
 {
  "action": {
   "type": "block"
  },
  "condition": {
   "isUrlFilterCaseSensitive": false,
   "resourceTypes": [
    "image"
   ],
   "urlFilter": "||piacesprofit.hu/files/skin/"
  },
  "id": 155
 },
 {
  "action": {
   "type": "block"
  },
  "condition": {
   "isUrlFilterCaseSensitive": false,
   "resourceTypes": [
    "image"
   ],
   "urlFilter": "||portfolio.hu/img/partner/"
  },
  "id": 156
 },
 {
  "action": {
   "type": "block"
  },
  "condition": {
   "isUrlFilterCaseSensitive": false,
   "resourceTypes": [
    "image"
   ],
   "urlFilter": "||preissuchmaschine.de/banner/"
  },
  "id": 157
 },
 {
  "action": {
   "type": "block"
  },
  "condition": {
   "isUrlFilterCaseSensitive": false,
   "resourceTypes": [
    "image"
   ],
   "urlFilter": "||prohardver.hu/dl/cnt/*/background.png"
  },
  "id": 158
 },
 {
  "action": {
   "type": "block"
  },
  "condition": {
   "isUrlFilterCaseSensitive": false,
   "resourceTypes": [
    "image"
   ],
   "urlFilter": "||sg.hu/images/hirdetes.gif"
  },
  "id": 159
 },
 {
  "action": {
   "type": "block"
  },
  "condition": {
   "isUrlFilterCaseSensitive": false,
   "resourceTypes": [
    "image"
   ],
   "urlFilter": "||sielok.hu/kampanybanner/"
  },
  "id": 160
 },
 {
  "action": {
   "type": "block"
  },
  "condition": {
   "isUrlFilterCaseSensitive": false,
   "resourceTypes": [
    "image"
   ],
   "urlFilter": "||sikerado.hu/banner/"
  },
  "id": 161
 },
 {
  "action": {
   "type": "block"
  },
  "condition": {
   "isUrlFilterCaseSensitive": false,
   "resourceTypes": [
    "image"
   ],
   "urlFilter": "||stat.profession.hu/static/assets/images/prize-game"
  },
  "id": 162
 },
 {
  "action": {
   "type": "block"
  },
  "condition": {
   "isUrlFilterCaseSensitive": false,
   "resourceTypes": [
    "image"
   ],
   "urlFilter": "||static.lhp.hu/lhp.hu/bannerek/"
  },
  "id": 163
 },
 {
  "action": {
   "type": "block"
  },
  "condition": {
   "isUrlFilterCaseSensitive": false,
   "resourceTypes": [
    "image"
   ],
   "urlFilter": "||static.nemzetisport.hu//style/nso/i/betclic.gif"
  },
  "id": 164
 },
 {
  "action": {
   "type": "block"
  },
  "condition": {
   "isUrlFilterCaseSensitive": false,
   "resourceTypes": [
    "image"
   ],
   "urlFilter": "||szepsegbroker.hu/banner/"
  },
  "id": 165
 },
 {
  "action": {
   "type": "block"
  },
  "condition": {
   "isUrlFilterCaseSensitive": false,
   "resourceTypes": [
    "image"
   ],
   "urlFilter": "||talilap.hu/banner/"
  },
  "id": 166
 },
 {
  "action": {
   "type": "block"
  },
  "condition": {
   "isUrlFilterCaseSensitive": false,
   "resourceTypes": [
    "image"
   ],
   "urlFilter": "||telefonguru.hu/banners/"
  },
  "id": 167
 },
 {
  "action": {
   "type": "block"
  },
  "condition": {
   "isUrlFilterCaseSensitive": false,
   "resourceTypes": [
    "image"
   ],
   "urlFilter": "||tvn.hu/tvn/kepek/xpoker.hu/"
  },
  "id": 168
 },
 {
  "action": {
   "type": "block"
  },
  "condition": {
   "isUrlFilterCaseSensitive": false,
   "resourceTypes": [
    "image"
   ],
   "urlFilter": "||vatera.hu/affiliate/images/banner/"
  },
  "id": 169
 },
 {
  "action": {
   "type": "block"
  },
  "condition": {
   "isUrlFilterCaseSensitive": false,
   "resourceTypes": [
    "image"
   ],
   "urlFilter": "||vezess.hu/data/files/bannerek/"
  },
  "id": 170
 },
 {
  "action": {
   "type": "block"
  },
  "condition": {
   "isUrlFilterCaseSensitive": false,
   "resourceTypes": [
    "image"
   ],
   "urlFilter": "||vezess.hu/data/files/kapcsolodo_anyagok/szponz_hatterek/"
  },
  "id": 171
 },
 {
  "action": {
   "type": "block"
  },
  "condition": {
   "isUrlFilterCaseSensitive": false,
   "resourceTypes": [
    "image"
   ],
   "urlFilter": "||vg.hu/banners/"
  },
  "id": 172
 },
 {
  "action": {
   "type": "block"
  },
  "condition": {
   "isUrlFilterCaseSensitive": false,
   "resourceTypes": [
    "image"
   ],
   "urlFilter": "||webminute.hu/bannerek/"
  },
  "id": 173
 },
 {
  "action": {
   "type": "block"
  },
  "condition": {
   "isUrlFilterCaseSensitive": false,
   "resourceTypes": [
    "image"
   ],
   "urlFilter": "||webtraffic.hu/banner/"
  },
  "id": 174
 },
 {
  "action": {
   "type": "block"
  },
  "condition": {
   "isUrlFilterCaseSensitive": false,
   "resourceTypes": [
    "image"
   ],
   "urlFilter": "||yayo.hu/static/banner/"
  },
  "id": 175
 },
 {
  "action": {
   "type": "block"
  },
  "condition": {
   "isUrlFilterCaseSensitive": false,
   "resourceTypes": [
    "image"
   ],
   "urlFilter": "||hestore.hu/pic/cookie.png"
  },
  "id": 176
 },
 {
  "action": {
   "type": "block"
  },
  "condition": {
   "isUrlFilterCaseSensitive": false,
   "resourceTypes": [
    "script"
   ],
   "urlFilter": "||glassdoor.com/app/static/js/gd-fj-ads-init"
  },
  "id": 177
 },
 {
  "action": {
   "type": "block"
  },
  "condition": {
   "isUrlFilterCaseSensitive": false,
   "resourceTypes": [
    "script"
   ],
   "urlFilter": "||online.filmek-sorozatok.info/java.js"
  },
  "id": 178
 },
 {
  "action": {
   "type": "block"
  },
  "condition": {
   "isUrlFilterCaseSensitive": false,
   "resourceTypes": [
    "script"
   ],
   "urlFilter": "||szepsegbroker.hu/elements/bannerz.2019.js^"
  },
  "id": 179
 },
 {
  "action": {
   "type": "block"
  },
  "condition": {
   "initiatorDomains": [
    "starity.hu"
   ],
   "isUrlFilterCaseSensitive": false,
   "resourceTypes": [
    "script"
   ],
   "urlFilter": "||widget.blck4d.com/js/block/widget.js^"
  },
  "id": 180
 },
 {
  "action": {
   "type": "block"
  },
  "condition": {
   "initiatorDomains": [
    "hrportal.hu",
    "index.hu",
    "player.hu",
    "port.hu",
    "szeretlekmagyarorszag.hu",
    "telex.hu",
    "totalbike.hu",
    "totalcar.hu"
   ],
   "requestDomains": [
    "cmp.quantcast.com",
    "quantcast.mgr.consensu.org"
   ],
   "resourceTypes": [
    "script"
   ]
  },
  "id": 181
 },
 {
  "action": {
   "type": "block"
  },
  "condition": {
   "isUrlFilterCaseSensitive": false,
   "resourceTypes": [
    "script"
   ],
   "urlFilter": "||itthonrolhaza.hu/wp-content/plugins/wp-popups-lite/src/assets/js/wppopups.js^"
  },
  "id": 182
 },
 {
  "action": {
   "type": "block"
  },
  "condition": {
   "initiatorDomains": [
    "egeszsegkalauz.hu"
   ],
   "isUrlFilterCaseSensitive": false,
   "resourceTypes": [
    "script"
   ],
   "urlFilter": "||medinfo.ocdn.eu/hu/consent_v2/choice.js^"
  },
  "id": 183
 },
 {
  "action": {
   "type": "block"
  },
  "condition": {
   "isUrlFilterCaseSensitive": false,
   "resourceTypes": [
    "script"
   ],
   "urlFilter": "||szepsegbroker.hu/items/jquery.floating_popup*.js^"
  },
  "id": 184
 },
 {
  "action": {
   "type": "block"
  },
  "condition": {
   "initiatorDomains": [
    "kiskegyed.hu"
   ],
   "isUrlFilterCaseSensitive": false,
   "resourceTypes": [
    "script"
   ],
   "urlFilter": "||widget.ex1tp.com/js/ep/v2/widget.js^"
  },
  "id": 185
 },
 {
  "action": {
   "type": "block"
  },
  "condition": {
   "initiatorDomains": [
    "bpiautosok.hu"
   ],
   "isUrlFilterCaseSensitive": false,
   "resourceTypes": [
    "script"
   ],
   "urlFilter": "||cdn.performax.cz/acc/insert_rtb.js"
  },
  "id": 186
 },
 {
  "action": {
   "type": "block"
  },
  "condition": {
   "initiatorDomains": [
    "cinemo.hu"
   ],
   "isUrlFilterCaseSensitive": false,
   "resourceTypes": [
    "xmlhttprequest"
   ],
   "urlFilter": "||pagead2.googlesyndication.com/pagead/js/adsbygoogle.js"
  },
  "id": 187
 },
 {
  "action": {
   "type": "block"
  },
  "condition": {
   "initiatorDomains": [
    "cinemo.hu"
   ],
   "requestDomains": [
    "sovrn.com"
   ],
   "resourceTypes": [
    "xmlhttprequest"
   ]
  },
  "id": 188
 },
 {
  "action": {
   "type": "block"
  },
  "condition": {
   "requestDomains": [
    "affiliate.hu",
    "bannerserver.hu"
   ],
   "resourceTypes": [
    "sub_frame"
   ]
  },
  "id": 189
 },
 {
  "action": {
   "type": "block"
  },
  "condition": {
   "domainType": "thirdParty",
   "requestDomains": [
    "9klikk.com",
    "abmr.net",
    "ad.hu",
    "ad4mat.net",
    "adfox.ru",
    "ads.sg.hu",
    "ads.ventivmedia.com",
    "advantage.as",
    "advertshot.ru",
    "affiliate.hu",
    "analytics.yahoo.com",
    "audtd.com",
    "banner.aqua.hu",
    "betfair.com",
    "bongacash.com",
    "calivary.com",
    "clickspromos.com",
    "clicksure.com",
    "counter.hitslink.com",
    "ctnetwork.hu",
    "data.bookline.hu",
    "google-analytics.com",
    "gravity.com",
    "hitelkereso.hu",
    "iforex.com",
    "iitech.dk",
    "ingatlannet.hu",
    "js.leadin.com",
    "klix.hu",
    "lo.v.liveperson.net",
    "match.rundsp.com",
    "mytarget.hu",
    "napiaszhirdetesek",
    "onesignal.com",
    "out.pladform.ru",
    "playertise.com",
    "po.st",
    "pornedup.com",
    "premads.info",
    "salesmanago.pl",
    "seedr.com",
    "seedr.ru",
    "sexchat.hu",
    "shortlink.sex",
    "statsector.hu",
    "streameye.net",
    "sumome.com",
    "targetix.net",
    "track306.info",
    "trackingterrorism.org",
    "tripod.com",
    "tripod.lycos.com",
    "tulajdonostol.com",
    "xxxshort.com"
   ]
  },
  "id": 190
 },
 {
  "action": {
   "type": "block"
  },
  "condition": {
   "domainType": "thirdParty",
   "isUrlFilterCaseSensitive": false,
   "urlFilter": "||m2mzona.hu/ads^"
  },
  "id": 191
 },
 {
  "action": {
   "type": "block"
  },
  "condition": {
   "domainType": "thirdParty",
   "isUrlFilterCaseSensitive": false,
   "urlFilter": "||megaclick.com/ad.code"
  },
  "id": 192
 },
 {
  "action": {
   "type": "block"
  },
  "condition": {
   "domainType": "thirdParty",
   "requestDomains": [
    "va.v.liveperson.net"
   ],
   "resourceTypes": [
    "script"
   ]
  },
  "id": 193
 },
 {
  "action": {
   "type": "allow"
  },
  "condition": {
   "isUrlFilterCaseSensitive": false,
   "urlFilter": "||meszotar.hu/scripts/advertising.js"
  },
  "id": 194
 },
 {
  "action": {
   "type": "allow"
  },
  "condition": {
   "initiatorDomains": [
    "embed.rtl.hu"
   ],
   "isUrlFilterCaseSensitive": false,
   "urlFilter": "||pro.hit.gemius.pl/gstream.js"
  },
  "id": 195
 },
 {
  "action": {
   "type": "allow"
  },
  "condition": {
   "initiatorDomains": [
    "bikemag.hu",
    "testbike.hu"
   ],
   "isUrlFilterCaseSensitive": false,
   "resourceTypes": [
    "script"
   ],
   "urlFilter": "/js/adx_blacklist.js"
  },
  "id": 196
 },
 {
  "action": {
   "type": "allow"
  },
  "condition": {
   "isUrlFilterCaseSensitive": false,
   "resourceTypes": [
    "script"
   ],
   "urlFilter": "||777blog.hu/wp-content/themes/florence/js/dfp.min.js^"
  },
  "id": 197
 },
 {
  "action": {
   "type": "allow"
  },
  "condition": {
   "initiatorDomains": [
    "portfolio.hu"
   ],
   "isUrlFilterCaseSensitive": false,
   "resourceTypes": [
    "script"
   ],
   "urlFilter": "||assets.portfolio.hu/js/ad_300x250.js"
  },
  "id": 198
 },
 {
  "action": {
   "type": "allow"
  },
  "condition": {
   "isUrlFilterCaseSensitive": false,
   "resourceTypes": [
    "script"
   ],
   "urlFilter": "||bitepito.hu/rejtveny/data/ads/pagead/js/adsbygoogle.js^"
  },
  "id": 199
 },
 {
  "action": {
   "type": "allow"
  },
  "condition": {
   "isUrlFilterCaseSensitive": false,
   "resourceTypes": [
    "script"
   ],
   "urlFilter": "||bitepito.hu/rejtveny/data/ads/adsense.js^"
  },
  "id": 200
 },
 {
  "action": {
   "type": "allow"
  },
  "condition": {
   "isUrlFilterCaseSensitive": false,
   "resourceTypes": [
    "script"
   ],
   "urlFilter": "||bitepito.hu/rejtveny/data/ads/googleads.js^"
  },
  "id": 201
 }
]
