[
 {
  "action": {
   "type": "block"
  },
  "condition": {
   "isUrlFilterCaseSensitive": false,
   "urlFilter": "-baneris-"
  },
  "id": 1
 },
 {
  "action": {
   "type": "block"
  },
  "condition": {
   "isUrlFilterCaseSensitive": false,
   "urlFilter": ".altero-banner-2_top"
  },
  "id": 2
 },
 {
  "action": {
   "type": "block"
  },
  "condition": {
   "excludedInitiatorDomains": [
    "pigubeakcijos.lt"
   ],
   "isUrlFilterCaseSensitive": false,
   "urlFilter": "/baneriai^"
  },
  "id": 3
 },
 {
  "action": {
   "type": "block"
  },
  "condition": {
   "isUrlFilterCaseSensitive": false,
   "urlFilter": "/baneris."
  },
  "id": 4
 },
 {
  "action": {
   "type": "block"
  },
  "condition": {
   "isUrlFilterCaseSensitive": false,
   "urlFilter": "/baneris_"
  },
  "id": 5
 },
 {
  "action": {
   "type": "block"
  },
  "condition": {
   "isUrlFilterCaseSensitive": false,
   "urlFilter": "/baneriukai/"
  },
  "id": 6
 },
 {
  "action": {
   "type": "block"
  },
  "condition": {
   "isUrlFilterCaseSensitive": false,
   "urlFilter": "/baneriukas/"
  },
  "id": 7
 },
 {
  "action": {
   "type": "block"
  },
  "condition": {
   "isUrlFilterCaseSensitive": false,
   "urlFilter": "/popbox.js"
  },
  "id": 8
 },
 {
  "action": {
   "type": "block"
  },
  "condition": {
   "isUrlFilterCaseSensitive": false,
   "urlFilter": "/skydeliai/"
  },
  "id": 9
 },
 {
  "action": {
   "type": "block"
  },
  "condition": {
   "excludedInitiatorDomains": [
    "procolor.lt"
   ],
   "isUrlFilterCaseSensitive": false,
   "urlFilter": ".lt/images/banners^"
  },
  "id": 10
 },
 {
  "action": {
   "type": "block"
  },
  "condition": {
   "isUrlFilterCaseSensitive": false,
   "urlFilter": ".lt/reklamos^"
  },
  "id": 11
 },
 {
  "action": {
   "type": "block"
  },
  "condition": {
   "isUrlFilterCaseSensitive": false,
   "urlFilter": ".lt/banners^"
  },
  "id": 12
 },
 {
  "action": {
   "type": "block"
  },
  "condition": {
   "isUrlFilterCaseSensitive": false,
   "urlFilter": ".lt/uploads/banners^"
  },
  "id": 13
 },
 {
  "action": {
   "type": "block"
  },
  "condition": {
   "isUrlFilterCaseSensitive": false,
   "urlFilter": ".lt/banner^"
  },
  "id": 14
 },
 {
  "action": {
   "type": "block"
  },
  "condition": {
   "isUrlFilterCaseSensitive": false,
   "urlFilter": ".lt/resources/_banners^"
  },
  "id": 15
 },
 {
  "action": {
   "type": "block"
  },
  "condition": {
   "initiatorDomains": [
    "filmux.to"
   ],
   "requestDomains": [
    "peacto.com"
   ]
  },
  "id": 16
 },
 {
  "action": {
   "type": "block"
  },
  "condition": {
   "initiatorDomains": [
    "tv3.lt"
   ],
   "requestDomains": [
    "freewheel-mtgx-tv.akamaized.net"
   ]
  },
  "id": 17
 },
 {
  "action": {
   "type": "block"
  },
  "condition": {
   "isUrlFilterCaseSensitive": false,
   "urlFilter": "/script/suv4.js"
  },
  "id": 18
 },
 {
  "action": {
   "type": "block"
  },
  "condition": {
   "initiatorDomains": [
    "dumblas.com",
    "onlyoffice.com",
    "viskasvestuvems.eu"
   ],
   "isUrlFilterCaseSensitive": false,
   "urlFilter": "/images/banners/"
  },
  "id": 19
 },
 {
  "action": {
   "type": "block"
  },
  "condition": {
   "initiatorDomains": [
    "torrent.ai",
    "torrent.lt"
   ],
   "isUrlFilterCaseSensitive": false,
   "urlFilter": "/lt/davise/"
  },
  "id": 20
 },
 {
  "action": {
   "type": "block"
  },
  "condition": {
   "initiatorDomains": [
    "ekstremalas.lt",
    "samata.lt"
   ],
   "isUrlFilterCaseSensitive": false,
   "urlFilter": "/out_data/banners/"
  },
  "id": 21
 },
 {
  "action": {
   "type": "block"
  },
  "condition": {
   "initiatorDomains": [
    "autoplius.lt",
    "cvmarket.lt"
   ],
   "isUrlFilterCaseSensitive": false,
   "urlFilter": ".lt/infoblocks"
  },
  "id": 22
 },
 {
  "action": {
   "type": "block"
  },
  "condition": {
   "isUrlFilterCaseSensitive": false,
   "urlFilter": ".lt/static/images/banner"
  },
  "id": 23
 },
 {
  "action": {
   "type": "block"
  },
  "condition": {
   "initiatorDomains": [
    "medguru.lt",
    "sveikas.lt"
   ],
   "isUrlFilterCaseSensitive": false,
   "urlFilter": ".lt/uploads/img/banners/"
  },
  "id": 24
 },
 {
  "action": {
   "type": "block"
  },
  "condition": {
   "initiatorDomains": [
    "bigbolz.com",
    "iwant.lt"
   ],
   "isUrlFilterCaseSensitive": false,
   "urlFilter": "/ads.php"
  },
  "id": 25
 },
 {
  "action": {
   "type": "block"
  },
  "condition": {
   "initiatorDomains": [
    "www.15min.lt"
   ],
   "isUrlFilterCaseSensitive": false,
   "urlFilter": "/banner-job-ads^"
  },
  "id": 26
 },
 {
  "action": {
   "type": "block"
  },
  "condition": {
   "initiatorDomains": [
    "emp.lt",
    "viko.lt"
   ],
   "isUrlFilterCaseSensitive": false,
   "urlFilter": "/emp_sugedo_210x105.gif^"
  },
  "id": 27
 },
 {
  "action": {
   "type": "block"
  },
  "condition": {
   "initiatorDomains": [
    "delfi.lt",
    "tavovaikas.lt"
   ],
   "isUrlFilterCaseSensitive": false,
   "urlFilter": "/newsfeed/?p="
  },
  "id": 28
 },
 {
  "action": {
   "type": "block"
  },
  "condition": {
   "initiatorDomains": [
    "manonamai.lt",
    "perpasauli.lt"
   ],
   "isUrlFilterCaseSensitive": false,
   "urlFilter": "/newsfeed_v2/?p="
  },
  "id": 29
 },
 {
  "action": {
   "type": "block"
  },
  "condition": {
   "initiatorDomains": [
    "suvalkai.lt"
   ],
   "isUrlFilterCaseSensitive": false,
   "urlFilter": "/oc-content/themes^"
  },
  "id": 30
 },
 {
  "action": {
   "type": "block"
  },
  "condition": {
   "isUrlFilterCaseSensitive": false,
   "urlFilter": "||1551.lt/images/banner"
  },
  "id": 31
 },
 {
  "action": {
   "type": "block"
  },
  "condition": {
   "isUrlFilterCaseSensitive": false,
   "urlFilter": "||15minlt.adocean.pl/files/x/*.mp4"
  },
  "id": 32
 },
 {
  "action": {
   "type": "block"
  },
  "condition": {
   "isUrlFilterCaseSensitive": false,
   "urlFilter": "||alio.lt/infoblock1200x250a.html"
  },
  "id": 33
 },
 {
  "action": {
   "type": "block"
  },
  "condition": {
   "isUrlFilterCaseSensitive": false,
   "urlFilter": "||alio.lt/positionpages"
  },
  "id": 34
 },
 {
  "action": {
   "type": "block"
  },
  "condition": {
   "isUrlFilterCaseSensitive": false,
   "urlFilter": "||alio.lt/pospages.html?position=titulinis_carusele_"
  },
  "id": 35
 },
 {
  "action": {
   "type": "block"
  },
  "condition": {
   "isUrlFilterCaseSensitive": false,
   "urlFilter": "||alytausgidas.lt/media/_banners/"
  },
  "id": 36
 },
 {
  "action": {
   "type": "block"
  },
  "condition": {
   "isUrlFilterCaseSensitive": false,
   "urlFilter": "||apievestuves.lt/m/ads"
  },
  "id": 37
 },
 {
  "action": {
   "type": "block"
  },
  "condition": {
   "isUrlFilterCaseSensitive": false,
   "urlFilter": "||audifanai.com/images/bap.jpg"
  },
  "id": 38
 },
 {
  "action": {
   "type": "block"
  },
  "condition": {
   "isUrlFilterCaseSensitive": false,
   "urlFilter": "||audifanai.com/images/draugai/"
  },
  "id": 39
 },
 {
  "action": {
   "type": "block"
  },
  "condition": {
   "isUrlFilterCaseSensitive": false,
   "urlFilter": "||aukse.ucoz.com/8ea7f19510a7.gif"
  },
  "id": 40
 },
 {
  "action": {
   "type": "block"
  },
  "condition": {
   "isUrlFilterCaseSensitive": false,
   "urlFilter": "||aukse.ucoz.com/aurelialogo.jpg"
  },
  "id": 41
 },
 {
  "action": {
   "type": "block"
  },
  "condition": {
   "isUrlFilterCaseSensitive": false,
   "urlFilter": "||aukse.ucoz.com/editalogo.jpg"
  },
  "id": 42
 },
 {
  "action": {
   "type": "block"
  },
  "condition": {
   "isUrlFilterCaseSensitive": false,
   "urlFilter": "||aukse.ucoz.com/lilijos_logo.jpg"
  },
  "id": 43
 },
 {
  "action": {
   "type": "block"
  },
  "condition": {
   "isUrlFilterCaseSensitive": false,
   "urlFilter": "||aukse.ucoz.com/sokiu_bunkeris.png"
  },
  "id": 44
 },
 {
  "action": {
   "type": "block"
  },
  "condition": {
   "isUrlFilterCaseSensitive": false,
   "urlFilter": "||auto-loads.lt/media/uploads/banners/"
  },
  "id": 45
 },
 {
  "action": {
   "type": "block"
  },
  "condition": {
   "isUrlFilterCaseSensitive": false,
   "urlFilter": "||autobilis.lt/assets/images/lizingas.jpg"
  },
  "id": 46
 },
 {
  "action": {
   "type": "block"
  },
  "condition": {
   "isUrlFilterCaseSensitive": false,
   "urlFilter": "||autoplius-static.dgn.lt/static/images/desktop/placement/luminor/luminor_ap_2048.jpg"
  },
  "id": 47
 },
 {
  "action": {
   "type": "block"
  },
  "condition": {
   "isUrlFilterCaseSensitive": false,
   "urlFilter": "||b.inbox.lt/b/"
  },
  "id": 48
 },
 {
  "action": {
   "type": "block"
  },
  "condition": {
   "isUrlFilterCaseSensitive": false,
   "urlFilter": "||basketnews.lt/config/basketnews.lt/files/3/2323.gif"
  },
  "id": 49
 },
 {
  "action": {
   "type": "block"
  },
  "condition": {
   "isUrlFilterCaseSensitive": false,
   "urlFilter": "||basketnews.lt/config/basketnews.lt/themes/ads_"
  },
  "id": 50
 },
 {
  "action": {
   "type": "block"
  },
  "condition": {
   "isUrlFilterCaseSensitive": false,
   "urlFilter": "||basketnews.lt/config/basketnews.lt/themes/banners/olybet_"
  },
  "id": 51
 },
 {
  "action": {
   "type": "block"
  },
  "condition": {
   "isUrlFilterCaseSensitive": false,
   "urlFilter": "||basketzone.lt/images/stories/wfotkes/musu_statymai.jpg"
  },
  "id": 52
 },
 {
  "action": {
   "type": "block"
  },
  "condition": {
   "isUrlFilterCaseSensitive": false,
   "urlFilter": "||basketzone.lt/images/stories/wfotkes/statymai_blue_500x60.gif"
  },
  "id": 53
 },
 {
  "action": {
   "type": "block"
  },
  "condition": {
   "isUrlFilterCaseSensitive": false,
   "urlFilter": "||basset-hound.lt/uploads/basset_banner.gif"
  },
  "id": 54
 },
 {
  "action": {
   "type": "block"
  },
  "condition": {
   "isUrlFilterCaseSensitive": false,
   "urlFilter": "||beligu.lt/images/longavit.jpg"
  },
  "id": 55
 },
 {
  "action": {
   "type": "block"
  },
  "condition": {
   "isUrlFilterCaseSensitive": false,
   "urlFilter": "||bigbenas.lt/wp-content/uploads/2017/03/banner-1.jpg"
  },
  "id": 56
 },
 {
  "action": {
   "type": "block"
  },
  "condition": {
   "isUrlFilterCaseSensitive": false,
   "urlFilter": "||bigbenas.lt/wp-content/uploads/2017/10/study-in-london-1024x189-px.gif"
  },
  "id": 57
 },
 {
  "action": {
   "type": "block"
  },
  "condition": {
   "isUrlFilterCaseSensitive": false,
   "urlFilter": "||ccg.lv/ads/"
  },
  "id": 58
 },
 {
  "action": {
   "type": "block"
  },
  "condition": {
   "isUrlFilterCaseSensitive": false,
   "urlFilter": "||ccic.lt/get.php?i."
  },
  "id": 59
 },
 {
  "action": {
   "type": "block"
  },
  "condition": {
   "isUrlFilterCaseSensitive": false,
   "urlFilter": "||cdn.gsmarena.com/vv/assets8/js/"
  },
  "id": 60
 },
 {
  "action": {
   "type": "block"
  },
  "condition": {
   "isUrlFilterCaseSensitive": false,
   "urlFilter": "||church.lt/t/files/u5/kiekvienamstudentui.gif"
  },
  "id": 61
 },
 {
  "action": {
   "type": "block"
  },
  "condition": {
   "isUrlFilterCaseSensitive": false,
   "urlFilter": "||church.lt/t/files/u5/rlc_banner1.gif"
  },
  "id": 62
 },
 {
  "action": {
   "type": "block"
  },
  "condition": {
   "isUrlFilterCaseSensitive": false,
   "urlFilter": "||credit24.lt/paskolos.html?transid="
  },
  "id": 63
 },
 {
  "action": {
   "type": "block"
  },
  "condition": {
   "isUrlFilterCaseSensitive": false,
   "urlFilter": "||cvzona.lt/dienalt_adv.php"
  },
  "id": 64
 },
 {
  "action": {
   "type": "block"
  },
  "condition": {
   "isUrlFilterCaseSensitive": false,
   "urlFilter": "||dazasvydis.lt/images/laz_ban.gif"
  },
  "id": 65
 },
 {
  "action": {
   "type": "block"
  },
  "condition": {
   "isUrlFilterCaseSensitive": false,
   "urlFilter": "||dazasvydis.lt/images/lazertag_ban-ani.gif"
  },
  "id": 66
 },
 {
  "action": {
   "type": "block"
  },
  "condition": {
   "isUrlFilterCaseSensitive": false,
   "urlFilter": "||delfi.lt/apps/banners"
  },
  "id": 67
 },
 {
  "action": {
   "type": "block"
  },
  "condition": {
   "isUrlFilterCaseSensitive": false,
   "urlFilter": "||delfi.lt/b?region="
  },
  "id": 68
 },
 {
  "action": {
   "type": "block"
  },
  "condition": {
   "isUrlFilterCaseSensitive": false,
   "urlFilter": "||delfi.lt/c/ib/"
  },
  "id": 69
 },
 {
  "action": {
   "type": "block"
  },
  "condition": {
   "isUrlFilterCaseSensitive": false,
   "urlFilter": "||delfi.lt/files/*.mp4"
  },
  "id": 70
 },
 {
  "action": {
   "type": "block"
  },
  "condition": {
   "isUrlFilterCaseSensitive": false,
   "urlFilter": "||delfi.lt/misc/ebooks.php"
  },
  "id": 71
 },
 {
  "action": {
   "type": "block"
  },
  "condition": {
   "isUrlFilterCaseSensitive": false,
   "urlFilter": "||delfi.lt/misc/export/aovp.php"
  },
  "id": 72
 },
 {
  "action": {
   "type": "block"
  },
  "condition": {
   "isUrlFilterCaseSensitive": false,
   "urlFilter": "||delfi.lt/video/sporto-tv/widgets/250px/"
  },
  "id": 73
 },
 {
  "action": {
   "type": "block"
  },
  "condition": {
   "isUrlFilterCaseSensitive": false,
   "urlFilter": "||delfi.lt/video/sporto-tv/widgets/728px/images/hermis.jpg"
  },
  "id": 74
 },
 {
  "action": {
   "type": "block"
  },
  "condition": {
   "initiatorDomains": [
    "delfi.lt"
   ],
   "isUrlFilterCaseSensitive": false,
   "urlFilter": "||dcdn.lt/images/hntis/"
  },
  "id": 75
 },
 {
  "action": {
   "type": "block"
  },
  "condition": {
   "isUrlFilterCaseSensitive": false,
   "urlFilter": "||depiliacija.eu/wp-content/uploads/2011/12/fotoepiliacija-namuose.png"
  },
  "id": 76
 },
 {
  "action": {
   "type": "block"
  },
  "condition": {
   "isUrlFilterCaseSensitive": false,
   "urlFilter": "||depiliacija.eu/wp-content/uploads/2012/06/fotoepiliatorius-silkn-flashngo.png"
  },
  "id": 77
 },
 {
  "action": {
   "type": "block"
  },
  "condition": {
   "isUrlFilterCaseSensitive": false,
   "urlFilter": "||depiliacija.eu/wp-content/uploads/2013/09/hf-depiliacija-baneris180x500.jpg"
  },
  "id": 78
 },
 {
  "action": {
   "type": "block"
  },
  "condition": {
   "isUrlFilterCaseSensitive": false,
   "urlFilter": "||dgn.lt/static/5/paskolos-v2.html"
  },
  "id": 79
 },
 {
  "action": {
   "type": "block"
  },
  "condition": {
   "isUrlFilterCaseSensitive": false,
   "urlFilter": "||dgn.lt/static/nqs/5/banner"
  },
  "id": 80
 },
 {
  "action": {
   "type": "block"
  },
  "condition": {
   "initiatorDomains": [
    "15min.lt"
   ],
   "requestDomains": [
    "dgn.lt"
   ]
  },
  "id": 81
 },
 {
  "action": {
   "type": "block"
  },
  "condition": {
   "isUrlFilterCaseSensitive": false,
   "urlFilter": "||diena.lt/sites/default/files/forma/cikaga.gif"
  },
  "id": 82
 },
 {
  "action": {
   "type": "block"
  },
  "condition": {
   "isUrlFilterCaseSensitive": false,
   "urlFilter": "||diena.lt/sites/default/files/forma/izel-3.gif"
  },
  "id": 83
 },
 {
  "action": {
   "type": "block"
  },
  "condition": {
   "isUrlFilterCaseSensitive": false,
   "urlFilter": "||diena.lt/sites/default/files/vilniausdiena/vartotoju%20zona/diena_admin/giberta_darbo_0.jpg"
  },
  "id": 84
 },
 {
  "action": {
   "type": "block"
  },
  "condition": {
   "isUrlFilterCaseSensitive": false,
   "urlFilter": "||diena.lt/sites/default/files/vilniausdiena/vartotoju%20zona/diena_admin/giberta_darbo_1.jpg"
  },
  "id": 85
 },
 {
  "action": {
   "type": "block"
  },
  "condition": {
   "isUrlFilterCaseSensitive": false,
   "urlFilter": "||dienosakcijos.lt/static/banners/"
  },
  "id": 86
 },
 {
  "action": {
   "type": "block"
  },
  "condition": {
   "isUrlFilterCaseSensitive": false,
   "urlFilter": "||donoryste.eu/pictures/banner_"
  },
  "id": 87
 },
 {
  "action": {
   "type": "block"
  },
  "condition": {
   "isUrlFilterCaseSensitive": false,
   "urlFilter": "||dratas.lt/wp-content/uploads/house-fb2.jpg"
  },
  "id": 88
 },
 {
  "action": {
   "type": "block"
  },
  "condition": {
   "isUrlFilterCaseSensitive": false,
   "urlFilter": "||drauge.org/pilnas/pv140x180.jpg"
  },
  "id": 89
 },
 {
  "action": {
   "type": "block"
  },
  "condition": {
   "isUrlFilterCaseSensitive": false,
   "urlFilter": "||drauge.org/pilnas/pv200x150.jpg"
  },
  "id": 90
 },
 {
  "action": {
   "type": "block"
  },
  "condition": {
   "isUrlFilterCaseSensitive": false,
   "urlFilter": "||drauge.org/pilnas/pvgen_promo.jpg"
  },
  "id": 91
 },
 {
  "action": {
   "type": "block"
  },
  "condition": {
   "isUrlFilterCaseSensitive": false,
   "urlFilter": "||dykai.eu/fun/content/2014/01/08/video-chatas-juodame.jpg"
  },
  "id": 92
 },
 {
  "action": {
   "type": "block"
  },
  "condition": {
   "isUrlFilterCaseSensitive": false,
   "urlFilter": "||ecoland.lt/modules/sotewsadds/files/right"
  },
  "id": 93
 },
 {
  "action": {
   "type": "block"
  },
  "condition": {
   "isUrlFilterCaseSensitive": false,
   "urlFilter": "||elektromarkt.lt/out/pictures/promo/"
  },
  "id": 94
 },
 {
  "action": {
   "type": "block"
  },
  "condition": {
   "isUrlFilterCaseSensitive": false,
   "urlFilter": "||empire.dykai.eu/logo_empire.jpg"
  },
  "id": 95
 },
 {
  "action": {
   "type": "block"
  },
  "condition": {
   "isUrlFilterCaseSensitive": false,
   "urlFilter": "||eurobasket.lt/images/statymai3.jpg"
  },
  "id": 96
 },
 {
  "action": {
   "type": "block"
  },
  "condition": {
   "isUrlFilterCaseSensitive": false,
   "urlFilter": "||eurobasket.lt/images/toshow/1000x200.jpg"
  },
  "id": 97
 },
 {
  "action": {
   "type": "block"
  },
  "condition": {
   "isUrlFilterCaseSensitive": false,
   "urlFilter": "||europoszemelapis.lt/dedikuoti-nuolaida150.jpg"
  },
  "id": 98
 },
 {
  "action": {
   "type": "block"
  },
  "condition": {
   "isUrlFilterCaseSensitive": false,
   "urlFilter": "||europoszemelapis.lt/serveriai-nuolaida150.jpg"
  },
  "id": 99
 },
 {
  "action": {
   "type": "block"
  },
  "condition": {
   "isUrlFilterCaseSensitive": false,
   "urlFilter": "||fanpagelistbuilder.net/pagetab/app_coupon/scriptindex.php?pageid="
  },
  "id": 100
 },
 {
  "action": {
   "type": "block"
  },
  "condition": {
   "isUrlFilterCaseSensitive": false,
   "urlFilter": "||farm4.static.flickr.com/3512/3178137982_2d1f1d4ff1_o.gif"
  },
  "id": 101
 },
 {
  "action": {
   "type": "block"
  },
  "condition": {
   "isUrlFilterCaseSensitive": false,
   "urlFilter": "||filosofija.info/wp-content/uploads/2013/11/praktine-filosofija.gif"
  },
  "id": 102
 },
 {
  "action": {
   "type": "block"
  },
  "condition": {
   "isUrlFilterCaseSensitive": false,
   "urlFilter": "||fm99.lt/wp-content/banners/"
  },
  "id": 103
 },
 {
  "action": {
   "type": "block"
  },
  "condition": {
   "isUrlFilterCaseSensitive": false,
   "urlFilter": "||fm99.lt/wp-content/uploads/2014/03/slider_blues_konkurs_dlugi_logo_ang.jpg"
  },
  "id": 104
 },
 {
  "action": {
   "type": "block"
  },
  "condition": {
   "isUrlFilterCaseSensitive": false,
   "urlFilter": "||fotofaze.lt/img/dezavu.jpg"
  },
  "id": 105
 },
 {
  "action": {
   "type": "block"
  },
  "condition": {
   "isUrlFilterCaseSensitive": false,
   "urlFilter": "||fotofaze.lt/img/fotonaras.png"
  },
  "id": 106
 },
 {
  "action": {
   "type": "block"
  },
  "condition": {
   "isUrlFilterCaseSensitive": false,
   "urlFilter": "||fotofaze.lt/img/musu-vestuves.jpg"
  },
  "id": 107
 },
 {
  "action": {
   "type": "block"
  },
  "condition": {
   "isUrlFilterCaseSensitive": false,
   "urlFilter": "||fotofaze.lt/img/procentras.png"
  },
  "id": 108
 },
 {
  "action": {
   "type": "block"
  },
  "condition": {
   "isUrlFilterCaseSensitive": false,
   "urlFilter": "||fotofaze.lt/img/vestuveskitaip.jpg"
  },
  "id": 109
 },
 {
  "action": {
   "type": "block"
  },
  "condition": {
   "isUrlFilterCaseSensitive": false,
   "urlFilter": "||fotofaze.lt/img/zzet.jpg"
  },
  "id": 110
 },
 {
  "action": {
   "type": "block"
  },
  "condition": {
   "isUrlFilterCaseSensitive": false,
   "urlFilter": "||games.lt/i/banners/"
  },
  "id": 111
 },
 {
  "action": {
   "type": "block"
  },
  "condition": {
   "isUrlFilterCaseSensitive": false,
   "urlFilter": "||games4you.lt/img/game1.gif"
  },
  "id": 112
 },
 {
  "action": {
   "type": "block"
  },
  "condition": {
   "isUrlFilterCaseSensitive": false,
   "urlFilter": "||games4you.lt/img/game2.gif"
  },
  "id": 113
 },
 {
  "action": {
   "type": "block"
  },
  "condition": {
   "isUrlFilterCaseSensitive": false,
   "urlFilter": "||geliukrautuvele.lt/images/vestuviu_atributika.png"
  },
  "id": 114
 },
 {
  "action": {
   "type": "block"
  },
  "condition": {
   "isUrlFilterCaseSensitive": false,
   "urlFilter": "||geopolitika.lt/img/ban/"
  },
  "id": 115
 },
 {
  "action": {
   "type": "block"
  },
  "condition": {
   "isUrlFilterCaseSensitive": false,
   "urlFilter": "||geopolitika.lt/img/banner_"
  },
  "id": 116
 },
 {
  "action": {
   "type": "block"
  },
  "condition": {
   "isUrlFilterCaseSensitive": false,
   "urlFilter": "||geopolitika.lt/img/book_ppceu_en.jpg"
  },
  "id": 117
 },
 {
  "action": {
   "type": "block"
  },
  "condition": {
   "isUrlFilterCaseSensitive": false,
   "urlFilter": "||geopolitika.lt/img/logo_srtrf.png"
  },
  "id": 118
 },
 {
  "action": {
   "type": "block"
  },
  "condition": {
   "isUrlFilterCaseSensitive": false,
   "urlFilter": "||geopolitika.lt/img/newtimeslogo.jpg"
  },
  "id": 119
 },
 {
  "action": {
   "type": "block"
  },
  "condition": {
   "isUrlFilterCaseSensitive": false,
   "urlFilter": "||grafika.iv.lt/hostingas/small_logo.png"
  },
  "id": 120
 },
 {
  "action": {
   "type": "block"
  },
  "condition": {
   "isUrlFilterCaseSensitive": false,
   "urlFilter": "||grafika.iv.lt/serveriai/hosted.gif"
  },
  "id": 121
 },
 {
  "action": {
   "type": "block"
  },
  "condition": {
   "isUrlFilterCaseSensitive": false,
   "urlFilter": "||greitukas.lt/images/kupi.jpg"
  },
  "id": 122
 },
 {
  "action": {
   "type": "block"
  },
  "condition": {
   "isUrlFilterCaseSensitive": false,
   "urlFilter": "||greitukas.lt/images/papuosaliukas.jpg"
  },
  "id": 123
 },
 {
  "action": {
   "type": "block"
  },
  "condition": {
   "isUrlFilterCaseSensitive": false,
   "urlFilter": "||greitukas.lt/images/vestuves_baneris.jpg"
  },
  "id": 124
 },
 {
  "action": {
   "type": "block"
  },
  "condition": {
   "isUrlFilterCaseSensitive": false,
   "urlFilter": "||groziodovanos.lt/groupon/affiliateframe"
  },
  "id": 125
 },
 {
  "action": {
   "type": "block"
  },
  "condition": {
   "isUrlFilterCaseSensitive": false,
   "urlFilter": "||grupinis.lt/www.grupinis.lt"
  },
  "id": 126
 },
 {
  "action": {
   "type": "block"
  },
  "condition": {
   "isUrlFilterCaseSensitive": false,
   "urlFilter": "||gsmarena.lt/images/13173439603.jpeg"
  },
  "id": 127
 },
 {
  "action": {
   "type": "block"
  },
  "condition": {
   "isUrlFilterCaseSensitive": false,
   "urlFilter": "||gyvenimas.eu/g_ds/skelb_arkl.jpg"
  },
  "id": 128
 },
 {
  "action": {
   "type": "block"
  },
  "condition": {
   "isUrlFilterCaseSensitive": false,
   "urlFilter": "||hardas.lt/http://www.hardas.lt/wp-content/uploads/icons//2014/04/brother-mazasis.png"
  },
  "id": 129
 },
 {
  "action": {
   "type": "block"
  },
  "condition": {
   "isUrlFilterCaseSensitive": false,
   "urlFilter": "||herba.lt/media/dynamic/banners/"
  },
  "id": 130
 },
 {
  "action": {
   "type": "block"
  },
  "condition": {
   "isUrlFilterCaseSensitive": false,
   "urlFilter": "||hostex.lt/images/header/logo.gif"
  },
  "id": 131
 },
 {
  "action": {
   "type": "block"
  },
  "condition": {
   "isUrlFilterCaseSensitive": false,
   "urlFilter": "||i422.photobucket.com/albums/pp305/savaites/banerisold_160x192.jpg"
  },
  "id": 132
 },
 {
  "action": {
   "type": "block"
  },
  "condition": {
   "isUrlFilterCaseSensitive": false,
   "urlFilter": "||i461.photobucket.com/albums/qq339/martynukas/antbangos.gif"
  },
  "id": 133
 },
 {
  "action": {
   "type": "block"
  },
  "condition": {
   "isUrlFilterCaseSensitive": false,
   "urlFilter": "||i941.photobucket.com/albums/ad255/skoniublogas/baneris-1.png"
  },
  "id": 134
 },
 {
  "action": {
   "type": "block"
  },
  "condition": {
   "isUrlFilterCaseSensitive": false,
   "urlFilter": "||ic.pics.livejournal.com/sig_tyr/13029589/1319/1319_900.jpg"
  },
  "id": 135
 },
 {
  "action": {
   "type": "block"
  },
  "condition": {
   "isUrlFilterCaseSensitive": false,
   "urlFilter": "||ic.pics.livejournal.com/sig_tyr/13029589/1652/1652_900.gif"
  },
  "id": 136
 },
 {
  "action": {
   "type": "block"
  },
  "condition": {
   "isUrlFilterCaseSensitive": false,
   "urlFilter": "||ic.pics.livejournal.com/sig_tyr/13029589/2153/2153_900.jpg"
  },
  "id": 137
 },
 {
  "action": {
   "type": "block"
  },
  "condition": {
   "isUrlFilterCaseSensitive": false,
   "urlFilter": "||igs.lt/images/saugumas/"
  },
  "id": 138
 },
 {
  "action": {
   "type": "block"
  },
  "condition": {
   "isUrlFilterCaseSensitive": false,
   "urlFilter": "||images.neobux.com/imagens/banner9/?uh=536b79425454&u3=15892148"
  },
  "id": 139
 },
 {
  "action": {
   "type": "block"
  },
  "condition": {
   "isUrlFilterCaseSensitive": false,
   "urlFilter": "||img2.diena.lt/sites/default/files/vilniausdiena/vartotoju%20zona/diena_admin/urmas-kaledos-940x100-px-2.jpg"
  },
  "id": 140
 },
 {
  "action": {
   "type": "block"
  },
  "condition": {
   "isUrlFilterCaseSensitive": false,
   "urlFilter": "||imgur.com/rgcwn.jpg"
  },
  "id": 141
 },
 {
  "action": {
   "type": "block"
  },
  "condition": {
   "isUrlFilterCaseSensitive": false,
   "urlFilter": "||infoadmin.lt/img/alertpay120x60.gif"
  },
  "id": 142
 },
 {
  "action": {
   "type": "block"
  },
  "condition": {
   "isUrlFilterCaseSensitive": false,
   "urlFilter": "||infoadmin.lt/uploads/images/banner120x60.gif"
  },
  "id": 143
 },
 {
  "action": {
   "type": "block"
  },
  "condition": {
   "isUrlFilterCaseSensitive": false,
   "urlFilter": "||infoadmin.lt/uploads/images/infoadmin120x60.jpg"
  },
  "id": 144
 },
 {
  "action": {
   "type": "block"
  },
  "condition": {
   "isUrlFilterCaseSensitive": false,
   "urlFilter": "||infodiena.com/wp-content/uploads/2018/03/1200.gif"
  },
  "id": 145
 },
 {
  "action": {
   "type": "block"
  },
  "condition": {
   "isUrlFilterCaseSensitive": false,
   "urlFilter": "||infodiena.com/wp-content/uploads/2018/03/1200x225.gif"
  },
  "id": 146
 },
 {
  "action": {
   "type": "block"
  },
  "condition": {
   "isUrlFilterCaseSensitive": false,
   "urlFilter": "||infodiena.com/wp-content/uploads/2018/04/1280x225.gif"
  },
  "id": 147
 },
 {
  "action": {
   "type": "block"
  },
  "condition": {
   "isUrlFilterCaseSensitive": false,
   "urlFilter": "||infoma.lt/images/ruba-reklama.gif"
  },
  "id": 148
 },
 {
  "action": {
   "type": "block"
  },
  "condition": {
   "isUrlFilterCaseSensitive": false,
   "urlFilter": "||infoplius.lt/cimg/brandpage/"
  },
  "id": 149
 },
 {
  "action": {
   "type": "block"
  },
  "condition": {
   "isUrlFilterCaseSensitive": false,
   "urlFilter": "||infoplius.lt/lt/searchblocks"
  },
  "id": 150
 },
 {
  "action": {
   "type": "block"
  },
  "condition": {
   "isUrlFilterCaseSensitive": false,
   "urlFilter": "||interjeras.lt/tl_files/catalogs/banners/"
  },
  "id": 151
 },
 {
  "action": {
   "type": "block"
  },
  "condition": {
   "isUrlFilterCaseSensitive": false,
   "urlFilter": "||invega.lt/site/banners/"
  },
  "id": 152
 },
 {
  "action": {
   "type": "block"
  },
  "condition": {
   "isUrlFilterCaseSensitive": false,
   "urlFilter": "||itneta.lt/failai/centas.jpg"
  },
  "id": 153
 },
 {
  "action": {
   "type": "block"
  },
  "condition": {
   "isUrlFilterCaseSensitive": false,
   "urlFilter": "||jurbarkiskis.lt/images/stories/lanmeta.gif"
  },
  "id": 154
 },
 {
  "action": {
   "type": "block"
  },
  "condition": {
   "isUrlFilterCaseSensitive": false,
   "urlFilter": "||jurbarkosviesa.lt/var/ezwebin_site/storage/images/media/skydeliu-kategorijos/"
  },
  "id": 155
 },
 {
  "action": {
   "type": "block"
  },
  "condition": {
   "isUrlFilterCaseSensitive": false,
   "urlFilter": "||kaimai.lt/images/default/source/perku_vaikui.jpg"
  },
  "id": 156
 },
 {
  "action": {
   "type": "block"
  },
  "condition": {
   "isUrlFilterCaseSensitive": false,
   "urlFilter": "||kaina24.lt/images/kaina24_180_green.gif"
  },
  "id": 157
 },
 {
  "action": {
   "type": "block"
  },
  "condition": {
   "isUrlFilterCaseSensitive": false,
   "urlFilter": "||kainos.lt/img/logox160.png"
  },
  "id": 158
 },
 {
  "action": {
   "type": "block"
  },
  "condition": {
   "isUrlFilterCaseSensitive": false,
   "urlFilter": "||kainos.lt/kainos-banner.html"
  },
  "id": 159
 },
 {
  "action": {
   "type": "block"
  },
  "condition": {
   "isUrlFilterCaseSensitive": false,
   "urlFilter": "||kaisiadoriuzinios.lt/wp-content/uploads/2014/03/extrafm-ad-300x150.png"
  },
  "id": 160
 },
 {
  "action": {
   "type": "block"
  },
  "condition": {
   "isUrlFilterCaseSensitive": false,
   "urlFilter": "||karjerairsveikata.lt/wp-content/uploads/2013/09/profertil-720_200_1.png"
  },
  "id": 161
 },
 {
  "action": {
   "type": "block"
  },
  "condition": {
   "isUrlFilterCaseSensitive": false,
   "urlFilter": "||kasvyksta.lt/isejimas-mob.php"
  },
  "id": 162
 },
 {
  "action": {
   "type": "block"
  },
  "condition": {
   "isUrlFilterCaseSensitive": false,
   "urlFilter": "||kasvyksta.lt/wp-content/themes/kasvyksta/images/ads"
  },
  "id": 163
 },
 {
  "action": {
   "type": "block"
  },
  "condition": {
   "isUrlFilterCaseSensitive": false,
   "urlFilter": "||kasvyksta.lt/wp-content/themes/kasvyksta/images/exit/"
  },
  "id": 164
 },
 {
  "action": {
   "type": "block"
  },
  "condition": {
   "isUrlFilterCaseSensitive": false,
   "urlFilter": "||kasvyksta.lt/wp-content/uploads/2015/06/bagazinesvilijampole.jpg"
  },
  "id": 165
 },
 {
  "action": {
   "type": "block"
  },
  "condition": {
   "isUrlFilterCaseSensitive": false,
   "urlFilter": "||kasvyksta.lt/wp-content/uploads/2017/*300x250.jpg"
  },
  "id": 166
 },
 {
  "action": {
   "type": "block"
  },
  "condition": {
   "isUrlFilterCaseSensitive": false,
   "urlFilter": "||dcdn.lt/images/*/300x600.jpg|"
  },
  "id": 167
 },
 {
  "action": {
   "type": "block"
  },
  "condition": {
   "isUrlFilterCaseSensitive": false,
   "urlFilter": "||dcdn.lt/images/*/1200x250.jpg|"
  },
  "id": 168
 },
 {
  "action": {
   "type": "block"
  },
  "condition": {
   "isUrlFilterCaseSensitive": false,
   "urlFilter": "||kaunozurnalistai.lt/templates/zurnalistai/images/random/kamane.jpg"
  },
  "id": 169
 },
 {
  "action": {
   "type": "block"
  },
  "condition": {
   "isUrlFilterCaseSensitive": false,
   "urlFilter": "||kedes.lt/showimage.php?f=4786_banner_lauko_baldai_6520s.jpg&w=215"
  },
  "id": 170
 },
 {
  "action": {
   "type": "block"
  },
  "condition": {
   "isUrlFilterCaseSensitive": false,
   "urlFilter": "||kedes.lt/showimage.php?f=banner_rumsiskes_200x200_6447s.jpg&w=215"
  },
  "id": 171
 },
 {
  "action": {
   "type": "block"
  },
  "condition": {
   "isUrlFilterCaseSensitive": false,
   "urlFilter": "||kinopavasaris.lt/bnr/2014/"
  },
  "id": 172
 },
 {
  "action": {
   "type": "block"
  },
  "condition": {
   "isUrlFilterCaseSensitive": false,
   "urlFilter": "||kkml.lt/public/var/banners/"
  },
  "id": 173
 },
 {
  "action": {
   "type": "block"
  },
  "condition": {
   "isUrlFilterCaseSensitive": false,
   "urlFilter": "||komentaras.lt/wp-content/themes/kk/img/p1_baneris.jpg"
  },
  "id": 174
 },
 {
  "action": {
   "type": "block"
  },
  "condition": {
   "isUrlFilterCaseSensitive": false,
   "urlFilter": "||komiksai.com/img_rek/"
  },
  "id": 175
 },
 {
  "action": {
   "type": "block"
  },
  "condition": {
   "isUrlFilterCaseSensitive": false,
   "urlFilter": "||kompextra.lt/image/data/182x258_kompextra.jpg"
  },
  "id": 176
 },
 {
  "action": {
   "type": "block"
  },
  "condition": {
   "isUrlFilterCaseSensitive": false,
   "urlFilter": "||kompextra.lt/image/data/reklama%20sonine/cia%20galioja%20dc%20nuolaida.jpg"
  },
  "id": 177
 },
 {
  "action": {
   "type": "block"
  },
  "condition": {
   "isUrlFilterCaseSensitive": false,
   "urlFilter": "||kosmetikos.lt/images/zenklai/"
  },
  "id": 178
 },
 {
  "action": {
   "type": "block"
  },
  "condition": {
   "isUrlFilterCaseSensitive": false,
   "urlFilter": "||krastietis.lt/wp-content/uploads/ekolaome.png"
  },
  "id": 179
 },
 {
  "action": {
   "type": "block"
  },
  "condition": {
   "isUrlFilterCaseSensitive": false,
   "urlFilter": "||krastietis.lt/wp-content/uploads/tic-big.png"
  },
  "id": 180
 },
 {
  "action": {
   "type": "block"
  },
  "condition": {
   "isUrlFilterCaseSensitive": false,
   "urlFilter": "||krepsininkas.net/pav/e-parduotuve.gif"
  },
  "id": 181
 },
 {
  "action": {
   "type": "block"
  },
  "condition": {
   "isUrlFilterCaseSensitive": false,
   "urlFilter": "||kronika.lt/images/balandis2014/zaizdos_1.gif"
  },
  "id": 182
 },
 {
  "action": {
   "type": "block"
  },
  "condition": {
   "isUrlFilterCaseSensitive": false,
   "urlFilter": "||kronika.lt/images/begimas.jpg"
  },
  "id": 183
 },
 {
  "action": {
   "type": "block"
  },
  "condition": {
   "isUrlFilterCaseSensitive": false,
   "urlFilter": "||kronika.lt/images/untitled.jpg"
  },
  "id": 184
 },
 {
  "action": {
   "type": "block"
  },
  "condition": {
   "isUrlFilterCaseSensitive": false,
   "urlFilter": "||kursenuparapija.lt/wp-content/uploads/logo/logo_m-studija.gif"
  },
  "id": 185
 },
 {
  "action": {
   "type": "block"
  },
  "condition": {
   "isUrlFilterCaseSensitive": false,
   "urlFilter": "||kursenuparapija.lt/wp-content/uploads/logo/logo_marijos-r.gif"
  },
  "id": 186
 },
 {
  "action": {
   "type": "block"
  },
  "condition": {
   "isUrlFilterCaseSensitive": false,
   "urlFilter": "||kursenuparapija.lt/wp-content/uploads/logo/logo_pakuta.gif"
  },
  "id": 187
 },
 {
  "action": {
   "type": "block"
  },
  "condition": {
   "isUrlFilterCaseSensitive": false,
   "urlFilter": "||kursenuparapija.lt/wp-content/uploads/logo/logo_vatikano-r.gif"
  },
  "id": 188
 },
 {
  "action": {
   "type": "block"
  },
  "condition": {
   "isUrlFilterCaseSensitive": false,
   "urlFilter": "||kvitrina.lt/kv/updir/*-150x150.jpg^"
  },
  "id": 189
 },
 {
  "action": {
   "type": "block"
  },
  "condition": {
   "isUrlFilterCaseSensitive": false,
   "urlFilter": "||kvitrina.lt/kv/updir/*-536x*-536x*.jpeg^"
  },
  "id": 190
 },
 {
  "action": {
   "type": "block"
  },
  "condition": {
   "isUrlFilterCaseSensitive": false,
   "urlFilter": "||kvitrina.lt/kv/updir/*-reklama-*.jpg^"
  },
  "id": 191
 },
 {
  "action": {
   "type": "block"
  },
  "condition": {
   "isUrlFilterCaseSensitive": false,
   "urlFilter": "||kvitrina.lt/kv/updir/*/150x150.jpg^"
  },
  "id": 192
 },
 {
  "action": {
   "type": "block"
  },
  "condition": {
   "isUrlFilterCaseSensitive": false,
   "urlFilter": "||kvitrina.lt/kv/updir/*/a00*.jpeg^"
  },
  "id": 193
 },
 {
  "action": {
   "type": "block"
  },
  "condition": {
   "isUrlFilterCaseSensitive": false,
   "urlFilter": "||kvitrina.lt/kv/updir/*/btn-*.jpeg^"
  },
  "id": 194
 },
 {
  "action": {
   "type": "block"
  },
  "condition": {
   "isUrlFilterCaseSensitive": false,
   "urlFilter": "||kvitrina.lt/kv/updir/2015/07/mineral_spa_logo-*.jpg^"
  },
  "id": 195
 },
 {
  "action": {
   "type": "block"
  },
  "condition": {
   "isUrlFilterCaseSensitive": false,
   "urlFilter": "||kvitrina.lt/kv/updir/201*/*-536x*.jpg^"
  },
  "id": 196
 },
 {
  "action": {
   "type": "block"
  },
  "condition": {
   "isUrlFilterCaseSensitive": false,
   "urlFilter": "||kvitrina.lt/kv/updir/2020/07/*stovykla*.jpg"
  },
  "id": 197
 },
 {
  "action": {
   "type": "block"
  },
  "condition": {
   "isUrlFilterCaseSensitive": false,
   "urlFilter": "||kvitrina.lt/kv/updir/2020/08/*_2019_*.jpg^"
  },
  "id": 198
 },
 {
  "action": {
   "type": "block"
  },
  "condition": {
   "isUrlFilterCaseSensitive": false,
   "urlFilter": "||l2j.lt/ads/"
  },
  "id": 199
 },
 {
  "action": {
   "type": "block"
  },
  "condition": {
   "isUrlFilterCaseSensitive": false,
   "urlFilter": "||l2r.xz.lt/l2rbanners/"
  },
  "id": 200
 },
 {
  "action": {
   "type": "block"
  },
  "condition": {
   "isUrlFilterCaseSensitive": false,
   "urlFilter": "||l2servers.com/promo"
  },
  "id": 201
 },
 {
  "action": {
   "type": "block"
  },
  "condition": {
   "isUrlFilterCaseSensitive": false,
   "urlFilter": "||laisvaslaikrastis.lt/images/reklaminiai/"
  },
  "id": 202
 },
 {
  "action": {
   "type": "block"
  },
  "condition": {
   "isUrlFilterCaseSensitive": false,
   "urlFilter": "||lavinantys.lt/shop/out/oxbaseshop/html/2/images"
  },
  "id": 203
 },
 {
  "action": {
   "type": "block"
  },
  "condition": {
   "isUrlFilterCaseSensitive": false,
   "urlFilter": "||legacy.flirtas.lt/alfa/users_block/"
  },
  "id": 204
 },
 {
  "action": {
   "type": "block"
  },
  "condition": {
   "isUrlFilterCaseSensitive": false,
   "urlFilter": "||lianosgalerija.webs.com/tavokaroliukai%20(2).jpg%20"
  },
  "id": 205
 },
 {
  "action": {
   "type": "block"
  },
  "condition": {
   "isUrlFilterCaseSensitive": false,
   "urlFilter": "||lianosgalerija.webs.com/veriniai%20(1).jpg%20"
  },
  "id": 206
 },
 {
  "action": {
   "type": "block"
  },
  "condition": {
   "isUrlFilterCaseSensitive": false,
   "urlFilter": "||lilijairsaulius.ucoz.de/ikonos/unbenannt.png"
  },
  "id": 207
 },
 {
  "action": {
   "type": "block"
  },
  "condition": {
   "isUrlFilterCaseSensitive": false,
   "urlFilter": "||lineager.lt/images/kyc1.gif"
  },
  "id": 208
 },
 {
  "action": {
   "type": "block"
  },
  "condition": {
   "isUrlFilterCaseSensitive": false,
   "urlFilter": "||lineager.lt/images/kyc2.jpg"
  },
  "id": 209
 },
 {
  "action": {
   "type": "block"
  },
  "condition": {
   "isUrlFilterCaseSensitive": false,
   "urlFilter": "||lkl.lt/wp-content/themes/lkl/js/fancybox/jquery.fancybox.pack.js"
  },
  "id": 210
 },
 {
  "action": {
   "type": "block"
  },
  "condition": {
   "isUrlFilterCaseSensitive": false,
   "urlFilter": "||lmg.lt/kiti/img/vip_reklama2.png"
  },
  "id": 211
 },
 {
  "action": {
   "type": "block"
  },
  "condition": {
   "isUrlFilterCaseSensitive": false,
   "urlFilter": "||lombas.lt/image/gmx/"
  },
  "id": 212
 },
 {
  "action": {
   "type": "block"
  },
  "condition": {
   "isUrlFilterCaseSensitive": false,
   "urlFilter": "||lova.lt/files/uploads/images/sitefriends/"
  },
  "id": 213
 },
 {
  "action": {
   "type": "block"
  },
  "condition": {
   "isUrlFilterCaseSensitive": false,
   "urlFilter": "||lova.lt/uno/bigbank_"
  },
  "id": 214
 },
 {
  "action": {
   "type": "block"
  },
  "condition": {
   "isUrlFilterCaseSensitive": false,
   "urlFilter": "||lt.tonybet.com/tonybetpoker?trc="
  },
  "id": 215
 },
 {
  "action": {
   "type": "block"
  },
  "condition": {
   "isUrlFilterCaseSensitive": false,
   "urlFilter": "||lyderis.eu/wp-content/uploads/2010/11/ll_logo2_300_50.png"
  },
  "id": 216
 },
 {
  "action": {
   "type": "block"
  },
  "condition": {
   "isUrlFilterCaseSensitive": false,
   "urlFilter": "||lyderis.eu/wp-content/uploads/2010/11/logo-1.jpg"
  },
  "id": 217
 },
 {
  "action": {
   "type": "block"
  },
  "condition": {
   "isUrlFilterCaseSensitive": false,
   "urlFilter": "||lyderis.eu/wp-content/uploads/2011/10/agito300x300.gif"
  },
  "id": 218
 },
 {
  "action": {
   "type": "block"
  },
  "condition": {
   "isUrlFilterCaseSensitive": false,
   "urlFilter": "||lzinios.lt/lzinios/failai/video/"
  },
  "id": 219
 },
 {
  "action": {
   "type": "block"
  },
  "condition": {
   "isUrlFilterCaseSensitive": false,
   "urlFilter": "||macpartija.lt/images/stories/ishop.png"
  },
  "id": 220
 },
 {
  "action": {
   "type": "block"
  },
  "condition": {
   "isUrlFilterCaseSensitive": false,
   "urlFilter": "||macpartija.lt/images/stories/telefix_175x80.png"
  },
  "id": 221
 },
 {
  "action": {
   "type": "block"
  },
  "condition": {
   "isUrlFilterCaseSensitive": false,
   "urlFilter": "||maistobankas.lt/uploads/user/image/maisto-svaistymas-naujas.gif"
  },
  "id": 222
 },
 {
  "action": {
   "type": "block"
  },
  "condition": {
   "isUrlFilterCaseSensitive": false,
   "urlFilter": "||maldeikiene.lt/wp-content/uploads/2015/10/pensijosfondas.lt_.png"
  },
  "id": 223
 },
 {
  "action": {
   "type": "block"
  },
  "condition": {
   "isUrlFilterCaseSensitive": false,
   "urlFilter": "||mama.lt/uploads/ugallery/photos/ad/bb/8a/2f/adbb8a2f2310e49a3958169037e7d057.jpg"
  },
  "id": 224
 },
 {
  "action": {
   "type": "block"
  },
  "condition": {
   "isUrlFilterCaseSensitive": false,
   "urlFilter": "||mamairvaikas.lt/tvs/failai/2012/08/moteris-info2-e1345913451356.jpg"
  },
  "id": 225
 },
 {
  "action": {
   "type": "block"
  },
  "condition": {
   "isUrlFilterCaseSensitive": false,
   "urlFilter": "||mamosgidas.lt/uploads/images/modifast.jpg"
  },
  "id": 226
 },
 {
  "action": {
   "type": "block"
  },
  "condition": {
   "isUrlFilterCaseSensitive": false,
   "urlFilter": "||mamosgidas.lt/uploads/images/ngc2.gif"
  },
  "id": 227
 },
 {
  "action": {
   "type": "block"
  },
  "condition": {
   "isUrlFilterCaseSensitive": false,
   "urlFilter": "||mamoszurnalas.lt/multisites/mamoszurnalas/images/stories/logotipai/ikimpokyklinis.jpg"
  },
  "id": 228
 },
 {
  "action": {
   "type": "block"
  },
  "condition": {
   "isUrlFilterCaseSensitive": false,
   "urlFilter": "||manonamai.lt/newsfeed/"
  },
  "id": 229
 },
 {
  "action": {
   "type": "block"
  },
  "condition": {
   "isUrlFilterCaseSensitive": false,
   "urlFilter": "||masazonamai.lt/imunitetas.gif"
  },
  "id": 230
 },
 {
  "action": {
   "type": "block"
  },
  "condition": {
   "isUrlFilterCaseSensitive": false,
   "urlFilter": "||masazonamai.lt/kleopatra%2060x120.jpg"
  },
  "id": 231
 },
 {
  "action": {
   "type": "block"
  },
  "condition": {
   "isUrlFilterCaseSensitive": false,
   "urlFilter": "||medicina.lt/r/"
  },
  "id": 232
 },
 {
  "action": {
   "type": "block"
  },
  "condition": {
   "isUrlFilterCaseSensitive": false,
   "urlFilter": "||meileslegendos.lt/wp-content/uploads/2014/02/fotografas.png"
  },
  "id": 233
 },
 {
  "action": {
   "type": "block"
  },
  "condition": {
   "isUrlFilterCaseSensitive": false,
   "urlFilter": "||meileslegendos.lt/wp-content/uploads/2014/02/mergvakario-baneris_legendos.jpg"
  },
  "id": 234
 },
 {
  "action": {
   "type": "block"
  },
  "condition": {
   "isUrlFilterCaseSensitive": false,
   "urlFilter": "||meileslegendos.lt/wp-content/uploads/2014/03/vestuviu-fotografai.jpg"
  },
  "id": 235
 },
 {
  "action": {
   "type": "block"
  },
  "condition": {
   "isUrlFilterCaseSensitive": false,
   "urlFilter": "||meileslegendos.lt/wp-content/uploads/2014/04/ivory.png"
  },
  "id": 236
 },
 {
  "action": {
   "type": "block"
  },
  "condition": {
   "isUrlFilterCaseSensitive": false,
   "urlFilter": "||meniu.lt/uploads/user_images/ozonas_virselis_maistas_250pix.jpg"
  },
  "id": 237
 },
 {
  "action": {
   "type": "block"
  },
  "condition": {
   "isUrlFilterCaseSensitive": false,
   "urlFilter": "||meniu.lt/uploads/user_images/rv41_cover.jpg"
  },
  "id": 238
 },
 {
  "action": {
   "type": "block"
  },
  "condition": {
   "isUrlFilterCaseSensitive": false,
   "urlFilter": "||meteoprog.lt/lt/informerget/?type=4&city[]=gargzdai&color=e45700&txtcolor=ffff00&day=tommorow"
  },
  "id": 239
 },
 {
  "action": {
   "type": "block"
  },
  "condition": {
   "isUrlFilterCaseSensitive": false,
   "urlFilter": "||miestugatves.lt/nuolaida-"
  },
  "id": 240
 },
 {
  "action": {
   "type": "block"
  },
  "condition": {
   "isUrlFilterCaseSensitive": false,
   "urlFilter": "||minfo.lt/img/dovana-dukrai.jpg"
  },
  "id": 241
 },
 {
  "action": {
   "type": "block"
  },
  "condition": {
   "isUrlFilterCaseSensitive": false,
   "urlFilter": "||minfo.lt/img/horizontal_main.jpg"
  },
  "id": 242
 },
 {
  "action": {
   "type": "block"
  },
  "condition": {
   "isUrlFilterCaseSensitive": false,
   "urlFilter": "||minfo.lt/img/laiminga.png"
  },
  "id": 243
 },
 {
  "action": {
   "type": "block"
  },
  "condition": {
   "isUrlFilterCaseSensitive": false,
   "urlFilter": "||minfo.lt/img/muscle.gif"
  },
  "id": 244
 },
 {
  "action": {
   "type": "block"
  },
  "condition": {
   "isUrlFilterCaseSensitive": false,
   "urlFilter": "||minfo.lt/img/vertical_"
  },
  "id": 245
 },
 {
  "action": {
   "type": "block"
  },
  "condition": {
   "isUrlFilterCaseSensitive": false,
   "urlFilter": "||minfo.lt/img/zaidimas.jpg"
  },
  "id": 246
 },
 {
  "action": {
   "type": "block"
  },
  "condition": {
   "isUrlFilterCaseSensitive": false,
   "urlFilter": "||miskobirza.lt/images/news/baneris1_120x60[1].jpg"
  },
  "id": 247
 },
 {
  "action": {
   "type": "block"
  },
  "condition": {
   "isUrlFilterCaseSensitive": false,
   "urlFilter": "||miskobirza.lt/images/texts/ad"
  },
  "id": 248
 },
 {
  "action": {
   "type": "block"
  },
  "condition": {
   "isUrlFilterCaseSensitive": false,
   "urlFilter": "||miskobirza.lt/images/texts/miskui_lt_90x55_1[1].jpg"
  },
  "id": 249
 },
 {
  "action": {
   "type": "block"
  },
  "condition": {
   "isUrlFilterCaseSensitive": false,
   "urlFilter": "||miskobirza.lt/images/texts/sanit.jpg"
  },
  "id": 250
 },
 {
  "action": {
   "type": "block"
  },
  "condition": {
   "isUrlFilterCaseSensitive": false,
   "urlFilter": "||miskobirza.lt/images/users_ads/"
  },
  "id": 251
 },
 {
  "action": {
   "type": "block"
  },
  "condition": {
   "isUrlFilterCaseSensitive": false,
   "urlFilter": "||miskui.lt/images/news/sip-1.jpg"
  },
  "id": 252
 },
 {
  "action": {
   "type": "block"
  },
  "condition": {
   "isUrlFilterCaseSensitive": false,
   "urlFilter": "||monetupiramide.lt/skydelis-150.png"
  },
  "id": 253
 },
 {
  "action": {
   "type": "block"
  },
  "condition": {
   "isUrlFilterCaseSensitive": false,
   "urlFilter": "||mususavaite.lt/wp-content/uploads/2014/05/aeroklubas.png"
  },
  "id": 254
 },
 {
  "action": {
   "type": "block"
  },
  "condition": {
   "isUrlFilterCaseSensitive": false,
   "urlFilter": "||mususavaite.lt/wp-content/uploads/2014/05/miesto_dienos.png"
  },
  "id": 255
 },
 {
  "action": {
   "type": "block"
  },
  "condition": {
   "isUrlFilterCaseSensitive": false,
   "urlFilter": "||nailbar.lt/images/stories/nuolaidos/"
  },
  "id": 256
 },
 {
  "action": {
   "type": "block"
  },
  "condition": {
   "isUrlFilterCaseSensitive": false,
   "urlFilter": "||nesijuok.lt/images/buliausgalia.gif"
  },
  "id": 257
 },
 {
  "action": {
   "type": "block"
  },
  "condition": {
   "isUrlFilterCaseSensitive": false,
   "urlFilter": "||niekonaujo.lt/wp-content/uploads/2010/12/serveriai_logo.png"
  },
  "id": 258
 },
 {
  "action": {
   "type": "block"
  },
  "condition": {
   "isUrlFilterCaseSensitive": false,
   "urlFilter": "||nuotykiu-lenktynes.pramoguslenis.lt/failai/iliustracijos/2013/generalinis_kas.gif"
  },
  "id": 259
 },
 {
  "action": {
   "type": "block"
  },
  "condition": {
   "isUrlFilterCaseSensitive": false,
   "urlFilter": "||nuotykiu-lenktynes.pramoguslenis.lt/failai/iliustracijos/2014/pagr_remejai_aic-imenza_s-sportas.gif"
  },
  "id": 260
 },
 {
  "action": {
   "type": "block"
  },
  "condition": {
   "isUrlFilterCaseSensitive": false,
   "urlFilter": "||nuotykiu-lenktynes.pramoguslenis.lt/failai/iliustracijos/2014/s_sportas_logotipas_horizontalus_small.jpg"
  },
  "id": 261
 },
 {
  "action": {
   "type": "block"
  },
  "condition": {
   "isUrlFilterCaseSensitive": false,
   "urlFilter": "||nuotykiu-lenktynes.pramoguslenis.lt/failai/iliustracijos/2014/smapro.jpg"
  },
  "id": 262
 },
 {
  "action": {
   "type": "block"
  },
  "condition": {
   "isUrlFilterCaseSensitive": false,
   "urlFilter": "||nuotykiu-lenktynes.pramoguslenis.lt/failai/iliustracijos/aic%20logo%20copy_2.jpg"
  },
  "id": 263
 },
 {
  "action": {
   "type": "block"
  },
  "condition": {
   "isUrlFilterCaseSensitive": false,
   "urlFilter": "||nyksciai.lt/images/*_200x200*.gif"
  },
  "id": 264
 },
 {
  "action": {
   "type": "block"
  },
  "condition": {
   "isUrlFilterCaseSensitive": false,
   "urlFilter": "||nyksciai.lt/images/1551.jpg"
  },
  "id": 265
 },
 {
  "action": {
   "type": "block"
  },
  "condition": {
   "isUrlFilterCaseSensitive": false,
   "urlFilter": "||nyksciai.lt/images/a_k_banner1.jpg"
  },
  "id": 266
 },
 {
  "action": {
   "type": "block"
  },
  "condition": {
   "isUrlFilterCaseSensitive": false,
   "urlFilter": "||nyksciai.lt/images/anyksciu_vandenys_160.jpg"
  },
  "id": 267
 },
 {
  "action": {
   "type": "block"
  },
  "condition": {
   "isUrlFilterCaseSensitive": false,
   "urlFilter": "||nyksciai.lt/images/anyksciu_vynas_2014_1.gif"
  },
  "id": 268
 },
 {
  "action": {
   "type": "block"
  },
  "condition": {
   "isUrlFilterCaseSensitive": false,
   "urlFilter": "||nyksciai.lt/images/baidariu_nuoma.gif"
  },
  "id": 269
 },
 {
  "action": {
   "type": "block"
  },
  "condition": {
   "isUrlFilterCaseSensitive": false,
   "urlFilter": "||nyksciai.lt/images/edox_200x91.gif"
  },
  "id": 270
 },
 {
  "action": {
   "type": "block"
  },
  "condition": {
   "isUrlFilterCaseSensitive": false,
   "urlFilter": "||nyksciai.lt/images/futbolo_sporto_klubas.jpg"
  },
  "id": 271
 },
 {
  "action": {
   "type": "block"
  },
  "condition": {
   "isUrlFilterCaseSensitive": false,
   "urlFilter": "||nyksciai.lt/images/jaros_prekyba_140403_1.gif"
  },
  "id": 272
 },
 {
  "action": {
   "type": "block"
  },
  "condition": {
   "isUrlFilterCaseSensitive": false,
   "urlFilter": "||nyksciai.lt/images/kompeksa_200x150"
  },
  "id": 273
 },
 {
  "action": {
   "type": "block"
  },
  "condition": {
   "isUrlFilterCaseSensitive": false,
   "urlFilter": "||nyksciai.lt/images/nominacijos.gif"
  },
  "id": 274
 },
 {
  "action": {
   "type": "block"
  },
  "condition": {
   "isUrlFilterCaseSensitive": false,
   "urlFilter": "||nyksciai.lt/images/nyksciai_168x91.gif"
  },
  "id": 275
 },
 {
  "action": {
   "type": "block"
  },
  "condition": {
   "isUrlFilterCaseSensitive": false,
   "urlFilter": "||nyksciai.lt/images/res_banner.jpg"
  },
  "id": 276
 },
 {
  "action": {
   "type": "block"
  },
  "condition": {
   "isUrlFilterCaseSensitive": false,
   "urlFilter": "||nyksciai.lt/images/sportas_1.jpg"
  },
  "id": 277
 },
 {
  "action": {
   "type": "block"
  },
  "condition": {
   "isUrlFilterCaseSensitive": false,
   "urlFilter": "||nyksciai.lt/images/sveikatos_oaze_982x110new1"
  },
  "id": 278
 },
 {
  "action": {
   "type": "block"
  },
  "condition": {
   "isUrlFilterCaseSensitive": false,
   "urlFilter": "||offers.webitas.lt/o-images"
  },
  "id": 279
 },
 {
  "action": {
   "type": "block"
  },
  "condition": {
   "isUrlFilterCaseSensitive": false,
   "urlFilter": "||opti-myst.lt/wp-content/uploads/2014/05/linava_2.jpg"
  },
  "id": 280
 },
 {
  "action": {
   "type": "block"
  },
  "condition": {
   "isUrlFilterCaseSensitive": false,
   "urlFilter": "||pasidarykpats.eu/wp-content/uploads/2012/09/pasidaryk120.png"
  },
  "id": 281
 },
 {
  "action": {
   "type": "block"
  },
  "condition": {
   "isUrlFilterCaseSensitive": false,
   "urlFilter": "||pasidarykpats.eu/wp-content/uploads/2012/09/pasidaryk468.png"
  },
  "id": 282
 },
 {
  "action": {
   "type": "block"
  },
  "condition": {
   "isUrlFilterCaseSensitive": false,
   "urlFilter": "||perku.lt/uploads/taupiems_tapetas.gif"
  },
  "id": 283
 },
 {
  "action": {
   "type": "block"
  },
  "condition": {
   "isUrlFilterCaseSensitive": false,
   "urlFilter": "||15min.lt/static/cache/*adblock*.jpg|"
  },
  "id": 284
 },
 {
  "action": {
   "type": "block"
  },
  "condition": {
   "isUrlFilterCaseSensitive": false,
   "urlFilter": "||perkuvaikui.lt/media/upload/image/beautyline%20ban%20180x180.jpg"
  },
  "id": 285
 },
 {
  "action": {
   "type": "block"
  },
  "condition": {
   "isUrlFilterCaseSensitive": false,
   "urlFilter": "||perkuvaikui.lt/media/upload/image/kaimai_lt(2).jpg"
  },
  "id": 286
 },
 {
  "action": {
   "type": "block"
  },
  "condition": {
   "isUrlFilterCaseSensitive": false,
   "urlFilter": "||perkuvaikui.lt/media/upload/image/mamu%20unija-1.png"
  },
  "id": 287
 },
 {
  "action": {
   "type": "block"
  },
  "condition": {
   "isUrlFilterCaseSensitive": false,
   "urlFilter": "||perkuvaikui.lt/media/upload/image/mokinukas(1).gif"
  },
  "id": 288
 },
 {
  "action": {
   "type": "block"
  },
  "condition": {
   "isUrlFilterCaseSensitive": false,
   "urlFilter": "||perkuvaikui.lt/media/upload/image/perku%20vaikui1.jpg"
  },
  "id": 289
 },
 {
  "action": {
   "type": "block"
  },
  "condition": {
   "isUrlFilterCaseSensitive": false,
   "urlFilter": "||perkuvaikui.lt/media/upload/image/zappy%20baneris%20180x120_frame_2.jpg"
  },
  "id": 290
 },
 {
  "action": {
   "type": "block"
  },
  "condition": {
   "isUrlFilterCaseSensitive": false,
   "urlFilter": "||perkuvaikui.lt/media/wysiwyg/artmanija%20dovanos-04.jpg"
  },
  "id": 291
 },
 {
  "action": {
   "type": "block"
  },
  "condition": {
   "isUrlFilterCaseSensitive": false,
   "urlFilter": "||pho.lt/wp-content/uploads/2009/10/logo.jpg"
  },
  "id": 292
 },
 {
  "action": {
   "type": "block"
  },
  "condition": {
   "isUrlFilterCaseSensitive": false,
   "urlFilter": "||pho.lt/wp-content/uploads/2009/10/musu_paveldas_150x300.gif"
  },
  "id": 293
 },
 {
  "action": {
   "type": "block"
  },
  "condition": {
   "isUrlFilterCaseSensitive": false,
   "urlFilter": "||pho.lt/wp-content/uploads/2010/11/300_250px_fotonuoma.gif"
  },
  "id": 294
 },
 {
  "action": {
   "type": "block"
  },
  "condition": {
   "isUrlFilterCaseSensitive": false,
   "urlFilter": "||pho.lt/wp-content/uploads/2012/06/idomiausios-knygos.jpg"
  },
  "id": 295
 },
 {
  "action": {
   "type": "block"
  },
  "condition": {
   "isUrlFilterCaseSensitive": false,
   "urlFilter": "||pics.livejournal.com/yourprivatehell/pic/00050ypw"
  },
  "id": 296
 },
 {
  "action": {
   "type": "block"
  },
  "condition": {
   "isUrlFilterCaseSensitive": false,
   "urlFilter": "||pirkanglijoje.lt/wp-content/themes/pirkebay/images/regi.png"
  },
  "id": 297
 },
 {
  "action": {
   "type": "block"
  },
  "condition": {
   "isUrlFilterCaseSensitive": false,
   "urlFilter": "||pirkpigiau.lt/shop/images/shop/banners-"
  },
  "id": 298
 },
 {
  "action": {
   "type": "block"
  },
  "condition": {
   "isUrlFilterCaseSensitive": false,
   "urlFilter": "||pixolain.lt/images/stories/peliuko.jpg"
  },
  "id": 299
 },
 {
  "action": {
   "type": "block"
  },
  "condition": {
   "isUrlFilterCaseSensitive": false,
   "urlFilter": "||pokalbis.narod.ru/ismok.gif"
  },
  "id": 300
 },
 {
  "action": {
   "type": "block"
  },
  "condition": {
   "isUrlFilterCaseSensitive": false,
   "urlFilter": "||pokalbis.narod.ru/lietuva_laisva.gif"
  },
  "id": 301
 },
 {
  "action": {
   "type": "block"
  },
  "condition": {
   "isUrlFilterCaseSensitive": false,
   "urlFilter": "||pramogu.lt/pramogult.png"
  },
  "id": 302
 },
 {
  "action": {
   "type": "block"
  },
  "condition": {
   "isUrlFilterCaseSensitive": false,
   "urlFilter": "||prekes.suaugusiems.lt/shop/affiliateframe.html"
  },
  "id": 303
 },
 {
  "action": {
   "type": "block"
  },
  "condition": {
   "isUrlFilterCaseSensitive": false,
   "urlFilter": "||priejuros.lt/admin/uploads/baneriai_right"
  },
  "id": 304
 },
 {
  "action": {
   "type": "block"
  },
  "condition": {
   "isUrlFilterCaseSensitive": false,
   "urlFilter": "||priejuros.lt/imgs/issinuomosiu.gif"
  },
  "id": 305
 },
 {
  "action": {
   "type": "block"
  },
  "condition": {
   "isUrlFilterCaseSensitive": false,
   "urlFilter": "||prokuraturos.lt/portals/0/skins/lrgp/images/banner1.gif"
  },
  "id": 306
 },
 {
  "action": {
   "type": "block"
  },
  "condition": {
   "isUrlFilterCaseSensitive": false,
   "urlFilter": "||prokuraturos.lt/portals/0/skins/lrgp/images/patarimai.gif"
  },
  "id": 307
 },
 {
  "action": {
   "type": "block"
  },
  "condition": {
   "isUrlFilterCaseSensitive": false,
   "urlFilter": "||psichika.eu/wp-content/uploads/1/terapija.jpg"
  },
  "id": 308
 },
 {
  "action": {
   "type": "block"
  },
  "condition": {
   "isUrlFilterCaseSensitive": false,
   "urlFilter": "||psichika.eu/wp-content/uploads/2014/07/valgymo-sutrikimai.jpg"
  },
  "id": 309
 },
 {
  "action": {
   "type": "block"
  },
  "condition": {
   "isUrlFilterCaseSensitive": false,
   "urlFilter": "||pzemaitis.lt/wp-content/uploads/2013/06/vmi/"
  },
  "id": 310
 },
 {
  "action": {
   "type": "block"
  },
  "condition": {
   "isUrlFilterCaseSensitive": false,
   "urlFilter": "||r.diena.lt/i/co-sites/"
  },
  "id": 311
 },
 {
  "action": {
   "type": "block"
  },
  "condition": {
   "isUrlFilterCaseSensitive": false,
   "urlFilter": "||r1.lt/paveiksliukai/*.png"
  },
  "id": 312
 },
 {
  "action": {
   "type": "block"
  },
  "condition": {
   "isUrlFilterCaseSensitive": false,
   "urlFilter": "||r1.lt/wp-content/uploads/2013/04/fontanas-v-195x168.jpg"
  },
  "id": 313
 },
 {
  "action": {
   "type": "block"
  },
  "condition": {
   "isUrlFilterCaseSensitive": false,
   "urlFilter": "||rcdrift.lt/2010-07-29/plakatas%20(1).jpg"
  },
  "id": 314
 },
 {
  "action": {
   "type": "block"
  },
  "condition": {
   "isUrlFilterCaseSensitive": false,
   "urlFilter": "||rcdrift.lt/putinukas.png"
  },
  "id": 315
 },
 {
  "action": {
   "type": "block"
  },
  "condition": {
   "isUrlFilterCaseSensitive": false,
   "urlFilter": "||rcmodelis.lt/styles/hestia/theme/images/propeleris.png"
  },
  "id": 316
 },
 {
  "action": {
   "type": "block"
  },
  "condition": {
   "isUrlFilterCaseSensitive": false,
   "urlFilter": "||receptumedis.lt/wordpress/wp-content/uploads/2012/04/untitled.jpg"
  },
  "id": 317
 },
 {
  "action": {
   "type": "block"
  },
  "condition": {
   "isUrlFilterCaseSensitive": false,
   "urlFilter": "||receptumedis.lt/wordpress/wp-content/uploads/2013/03/numeris7pavasaris2013virselis.jpg"
  },
  "id": 318
 },
 {
  "action": {
   "type": "block"
  },
  "condition": {
   "isUrlFilterCaseSensitive": false,
   "urlFilter": "||redo.lt/galery/_redo/page/klaipedos_info20110506.png"
  },
  "id": 319
 },
 {
  "action": {
   "type": "block"
  },
  "condition": {
   "isUrlFilterCaseSensitive": false,
   "urlFilter": "||reitingai.eu/draugai/"
  },
  "id": 320
 },
 {
  "action": {
   "type": "block"
  },
  "condition": {
   "isUrlFilterCaseSensitive": false,
   "urlFilter": "||rimi.lt/assets/upload/userfiles/images/background/frette%20fonas%201600x970-3.jpg"
  },
  "id": 321
 },
 {
  "action": {
   "type": "block"
  },
  "condition": {
   "isUrlFilterCaseSensitive": false,
   "urlFilter": "||rkdragunas.lt/ip_themes/dragunas/rk_pav/"
  },
  "id": 322
 },
 {
  "action": {
   "type": "block"
  },
  "condition": {
   "isUrlFilterCaseSensitive": false,
   "urlFilter": "||rkl.lt/15min/index.php"
  },
  "id": 323
 },
 {
  "action": {
   "type": "block"
  },
  "condition": {
   "isUrlFilterCaseSensitive": false,
   "urlFilter": "||russianamerica.com/top/logo/index.php?id=5983"
  },
  "id": 324
 },
 {
  "action": {
   "type": "block"
  },
  "condition": {
   "isUrlFilterCaseSensitive": false,
   "urlFilter": "||s1.15cdn.lt/img/banners/knorr/knorr_oru_ikonele.png"
  },
  "id": 325
 },
 {
  "action": {
   "type": "block"
  },
  "condition": {
   "isUrlFilterCaseSensitive": false,
   "urlFilter": "||s1.postimage.org/xh5bk9p2n/siuntos_200x200.jpg"
  },
  "id": 326
 },
 {
  "action": {
   "type": "block"
  },
  "condition": {
   "isUrlFilterCaseSensitive": false,
   "urlFilter": "||s2.15cdn.lt/images/infoblocks/vaiva-cili-535f717dc89e7.jpg"
  },
  "id": 327
 },
 {
  "action": {
   "type": "block"
  },
  "condition": {
   "isUrlFilterCaseSensitive": false,
   "urlFilter": "||s2.15cdn.lt/images/infoblocks/versli-lietuva-5371f4a560b08.jpg"
  },
  "id": 328
 },
 {
  "action": {
   "type": "block"
  },
  "condition": {
   "isUrlFilterCaseSensitive": false,
   "urlFilter": "||savaite.lt/uploads/bnr/"
  },
  "id": 329
 },
 {
  "action": {
   "type": "block"
  },
  "condition": {
   "isUrlFilterCaseSensitive": false,
   "urlFilter": "||seksas.us/rek/*.jpg"
  },
  "id": 330
 },
 {
  "action": {
   "type": "block"
  },
  "condition": {
   "isUrlFilterCaseSensitive": false,
   "urlFilter": "||selonija.lt/selonija_draugai/"
  },
  "id": 331
 },
 {
  "action": {
   "type": "block"
  },
  "condition": {
   "isUrlFilterCaseSensitive": false,
   "urlFilter": "||sgg.lt/uploads/images/sgg120x60.jpg"
  },
  "id": 332
 },
 {
  "action": {
   "type": "block"
  },
  "condition": {
   "isUrlFilterCaseSensitive": false,
   "urlFilter": "||silaine.lt/kase/silokarcema2.gif"
  },
  "id": 333
 },
 {
  "action": {
   "type": "block"
  },
  "condition": {
   "isUrlFilterCaseSensitive": false,
   "urlFilter": "||silaine.lt/m/wp-content/uploads/2013/11/mla-2.gif"
  },
  "id": 334
 },
 {
  "action": {
   "type": "block"
  },
  "condition": {
   "isUrlFilterCaseSensitive": false,
   "urlFilter": "||siloaidas.lt/wp-content/uploads/2012/12/logotipas1.jpg"
  },
  "id": 335
 },
 {
  "action": {
   "type": "block"
  },
  "condition": {
   "isUrlFilterCaseSensitive": false,
   "urlFilter": "||skaiciuokle.gf.lt/calculators/display"
  },
  "id": 336
 },
 {
  "action": {
   "type": "block"
  },
  "condition": {
   "isUrlFilterCaseSensitive": false,
   "urlFilter": "||skelbiu-files.dgn.lt/blplc_0_"
  },
  "id": 337
 },
 {
  "action": {
   "type": "block"
  },
  "condition": {
   "isUrlFilterCaseSensitive": false,
   "urlFilter": "||skrastas.lt/galery/_skrastas/banners/"
  },
  "id": 338
 },
 {
  "action": {
   "type": "block"
  },
  "condition": {
   "isUrlFilterCaseSensitive": false,
   "urlFilter": "||smartseo.lt/*.png"
  },
  "id": 339
 },
 {
  "action": {
   "type": "block"
  },
  "condition": {
   "isUrlFilterCaseSensitive": false,
   "urlFilter": "||solisun.lt/?_nm_shot=files.1.2-329&_nm_nosession=1"
  },
  "id": 340
 },
 {
  "action": {
   "type": "block"
  },
  "condition": {
   "isUrlFilterCaseSensitive": false,
   "urlFilter": "||spainetosdraudimas.lt/uploads/images/banner"
  },
  "id": 341
 },
 {
  "action": {
   "type": "block"
  },
  "condition": {
   "isUrlFilterCaseSensitive": false,
   "urlFilter": "||spainetosdraudimas.lt/uploads/images/sadomaksa_ct_cs.gif"
  },
  "id": 342
 },
 {
  "action": {
   "type": "block"
  },
  "condition": {
   "isUrlFilterCaseSensitive": false,
   "urlFilter": "||spainetosdraudimas.lt/uploads/images/vart-ban-220x100(1)b.jpg"
  },
  "id": 343
 },
 {
  "action": {
   "type": "block"
  },
  "condition": {
   "isUrlFilterCaseSensitive": false,
   "urlFilter": "||spargalka.lt/images/filmai.gif"
  },
  "id": 344
 },
 {
  "action": {
   "type": "block"
  },
  "condition": {
   "isUrlFilterCaseSensitive": false,
   "urlFilter": "||spausdink-ilgiau.lt/image/cache/data/img/mokilizingas-182x182-182x182.png"
  },
  "id": 345
 },
 {
  "action": {
   "type": "block"
  },
  "condition": {
   "isUrlFilterCaseSensitive": false,
   "urlFilter": "||sport24.lt/uploads/net4.png"
  },
  "id": 346
 },
 {
  "action": {
   "type": "block"
  },
  "condition": {
   "isUrlFilterCaseSensitive": false,
   "urlFilter": "||sportas.lt/uploads/image/03_klasika_2200x1024.jpg"
  },
  "id": 347
 },
 {
  "action": {
   "type": "block"
  },
  "condition": {
   "isUrlFilterCaseSensitive": false,
   "urlFilter": "||sportas.lt/uploads/image/naujasis%20tapetas%20be%20vir%c5%a1aus.jpg"
  },
  "id": 348
 },
 {
  "action": {
   "type": "block"
  },
  "condition": {
   "isUrlFilterCaseSensitive": false,
   "urlFilter": "||suaugusiems.lt/uploads/affiliates/"
  },
  "id": 349
 },
 {
  "action": {
   "type": "block"
  },
  "condition": {
   "isUrlFilterCaseSensitive": false,
   "urlFilter": "||suru.lt/srwrd/wp-content/themes/scarlett/images/sponsors/lelo_pleasure_objects.png"
  },
  "id": 350
 },
 {
  "action": {
   "type": "block"
  },
  "condition": {
   "isUrlFilterCaseSensitive": false,
   "urlFilter": "||suru.lt/srwrd/wp-content/uploads/mbanner/banners/"
  },
  "id": 351
 },
 {
  "action": {
   "type": "block"
  },
  "condition": {
   "isUrlFilterCaseSensitive": false,
   "urlFilter": "||suvalkai.lt/wp-content/uploads/2014/bigbus.gif^"
  },
  "id": 352
 },
 {
  "action": {
   "type": "block"
  },
  "condition": {
   "isUrlFilterCaseSensitive": false,
   "urlFilter": "||sveikatosabc.lt/templates/main/images/skradio.jpg"
  },
  "id": 353
 },
 {
  "action": {
   "type": "block"
  },
  "condition": {
   "isUrlFilterCaseSensitive": false,
   "urlFilter": "||tavovaikams.lt//cshowimage/augantys_rasomieji_stalai_vaikams_akcija6264s.jpg/165/170"
  },
  "id": 354
 },
 {
  "action": {
   "type": "block"
  },
  "condition": {
   "isUrlFilterCaseSensitive": false,
   "urlFilter": "||tavovaikams.lt//cshowimage/mamairvaik._180_5207s.jpg/165/170"
  },
  "id": 355
 },
 {
  "action": {
   "type": "block"
  },
  "condition": {
   "isUrlFilterCaseSensitive": false,
   "urlFilter": "||technologijos.lt/archyvas/skydeliai_mainams/"
  },
  "id": 356
 },
 {
  "action": {
   "type": "block"
  },
  "condition": {
   "isUrlFilterCaseSensitive": false,
   "urlFilter": "||technologijos.lt/infoblocken"
  },
  "id": 357
 },
 {
  "action": {
   "type": "block"
  },
  "condition": {
   "isUrlFilterCaseSensitive": false,
   "urlFilter": "||technologijos.lt/n/iframe_baneris"
  },
  "id": 358
 },
 {
  "action": {
   "type": "block"
  },
  "condition": {
   "isUrlFilterCaseSensitive": false,
   "urlFilter": "||technologijos.lt/n/url/straipsnio_viduje/iframe_baneris"
  },
  "id": 359
 },
 {
  "action": {
   "type": "block"
  },
  "condition": {
   "isUrlFilterCaseSensitive": false,
   "urlFilter": "||technologijos.lt/upload/image/n/iliustracijos/skelbimu_logotipai/ban/"
  },
  "id": 360
 },
 {
  "action": {
   "type": "block"
  },
  "condition": {
   "isUrlFilterCaseSensitive": false,
   "urlFilter": "||technologijos.lt/upload/image/iliustracijos/ivairus^"
  },
  "id": 361
 },
 {
  "action": {
   "type": "block"
  },
  "condition": {
   "isUrlFilterCaseSensitive": false,
   "urlFilter": "||tekstai.lt/images/stories/draugai/"
  },
  "id": 362
 },
 {
  "action": {
   "type": "block"
  },
  "condition": {
   "isUrlFilterCaseSensitive": false,
   "urlFilter": "||teo.lt/akcijoms/uzsakymoformos/kontaktai3.php?no_close"
  },
  "id": 363
 },
 {
  "action": {
   "type": "block"
  },
  "condition": {
   "isUrlFilterCaseSensitive": false,
   "urlFilter": "||tevu-darzelis.lt/img/hot-stuff/happeak-ispardavimas.jpg"
  },
  "id": 364
 },
 {
  "action": {
   "type": "block"
  },
  "condition": {
   "initiatorDomains": [
    "www.topocentras.lt"
   ],
   "requestDomains": [
    "skaiciuokles.inbank.lt"
   ]
  },
  "id": 365
 },
 {
  "action": {
   "type": "block"
  },
  "condition": {
   "isUrlFilterCaseSensitive": false,
   "urlFilter": "||themusic.lt/images/geramada12x120.gif"
  },
  "id": 366
 },
 {
  "action": {
   "type": "block"
  },
  "condition": {
   "isUrlFilterCaseSensitive": false,
   "urlFilter": "||themusic.lt/images/imknuolaida2.png"
  },
  "id": 367
 },
 {
  "action": {
   "type": "block"
  },
  "condition": {
   "isUrlFilterCaseSensitive": false,
   "urlFilter": "||themusic.lt/images/thesport.png"
  },
  "id": 368
 },
 {
  "action": {
   "type": "block"
  },
  "condition": {
   "isUrlFilterCaseSensitive": false,
   "urlFilter": "||themusic.lt/images/vienisi.png"
  },
  "id": 369
 },
 {
  "action": {
   "type": "block"
  },
  "condition": {
   "isUrlFilterCaseSensitive": false,
   "urlFilter": "||tiketa.lt/files/2014.04/id_18980.jpg"
  },
  "id": 370
 },
 {
  "action": {
   "type": "block"
  },
  "condition": {
   "isUrlFilterCaseSensitive": false,
   "urlFilter": "||tinypic.com/2yos7f7.png"
  },
  "id": 371
 },
 {
  "action": {
   "type": "block"
  },
  "condition": {
   "isUrlFilterCaseSensitive": false,
   "urlFilter": "||tinypic.com/k4vxvm.gif"
  },
  "id": 372
 },
 {
  "action": {
   "type": "block"
  },
  "condition": {
   "isUrlFilterCaseSensitive": false,
   "urlFilter": "||torentai.lt/pic/ldiena.png"
  },
  "id": 373
 },
 {
  "action": {
   "type": "block"
  },
  "condition": {
   "isUrlFilterCaseSensitive": false,
   "urlFilter": "||torentai.lt/pic/logo_mazas.png"
  },
  "id": 374
 },
 {
  "action": {
   "type": "block"
  },
  "condition": {
   "isUrlFilterCaseSensitive": false,
   "urlFilter": "||torrent.ai/*/advise/"
  },
  "id": 375
 },
 {
  "action": {
   "type": "block"
  },
  "condition": {
   "isUrlFilterCaseSensitive": false,
   "urlFilter": "||torrent.lt/*/advise/"
  },
  "id": 376
 },
 {
  "action": {
   "type": "block"
  },
  "condition": {
   "isUrlFilterCaseSensitive": false,
   "urlFilter": "||toxnet.nlm.nih.gov/help/widget/lactmed_widget_large.html"
  },
  "id": 377
 },
 {
  "action": {
   "type": "block"
  },
  "condition": {
   "isUrlFilterCaseSensitive": false,
   "urlFilter": "||transplantacija.lt/images/15min.png"
  },
  "id": 378
 },
 {
  "action": {
   "type": "block"
  },
  "condition": {
   "isUrlFilterCaseSensitive": false,
   "urlFilter": "||transplantacija.lt/images/novartis.png"
  },
  "id": 379
 },
 {
  "action": {
   "type": "block"
  },
  "condition": {
   "isUrlFilterCaseSensitive": false,
   "urlFilter": "||travianas.lt/images/2007/zaidimai-01.gif"
  },
  "id": 380
 },
 {
  "action": {
   "type": "block"
  },
  "condition": {
   "isUrlFilterCaseSensitive": false,
   "urlFilter": "||travianas.lt/images/2008/travian-lt-03.jpg"
  },
  "id": 381
 },
 {
  "action": {
   "type": "block"
  },
  "condition": {
   "isUrlFilterCaseSensitive": false,
   "urlFilter": "||triada.lt/image/data/image001.png"
  },
  "id": 382
 },
 {
  "action": {
   "type": "block"
  },
  "condition": {
   "isUrlFilterCaseSensitive": false,
   "urlFilter": "||triada.lt/image/data/lazer-250x250-1.jpg"
  },
  "id": 383
 },
 {
  "action": {
   "type": "block"
  },
  "condition": {
   "isUrlFilterCaseSensitive": false,
   "urlFilter": "||trl.lt/di-jqox06.jpg"
  },
  "id": 384
 },
 {
  "action": {
   "type": "block"
  },
  "condition": {
   "isUrlFilterCaseSensitive": false,
   "urlFilter": "||tv3.lt/uploads/2454399.jpg"
  },
  "id": 385
 },
 {
  "action": {
   "type": "block"
  },
  "condition": {
   "isUrlFilterCaseSensitive": false,
   "urlFilter": "||tv3.lt/uploads/banner_300x250(1).png"
  },
  "id": 386
 },
 {
  "action": {
   "type": "block"
  },
  "condition": {
   "isUrlFilterCaseSensitive": false,
   "urlFilter": "||tv3.lt/uploads/image/000/indeliailt_baneris__300x200.jpg"
  },
  "id": 387
 },
 {
  "action": {
   "type": "block"
  },
  "condition": {
   "isUrlFilterCaseSensitive": false,
   "urlFilter": "||tv3.lt/uploads/image/pwr.jpg"
  },
  "id": 388
 },
 {
  "action": {
   "type": "block"
  },
  "condition": {
   "isUrlFilterCaseSensitive": false,
   "urlFilter": "||tv3.lt/uploads/kalediniai_dm_tapetas.jpg"
  },
  "id": 389
 },
 {
  "action": {
   "type": "block"
  },
  "condition": {
   "isUrlFilterCaseSensitive": false,
   "urlFilter": "||tv3.lt/uploads/wp_danai.jpg"
  },
  "id": 390
 },
 {
  "action": {
   "type": "block"
  },
  "condition": {
   "isUrlFilterCaseSensitive": false,
   "urlFilter": "||twickerz.com/banner/125x125.gif"
  },
  "id": 391
 },
 {
  "action": {
   "type": "block"
  },
  "condition": {
   "isUrlFilterCaseSensitive": false,
   "urlFilter": "||ubl.lt/skaiciuokle/calculator.php"
  },
  "id": 392
 },
 {
  "action": {
   "type": "block"
  },
  "condition": {
   "isUrlFilterCaseSensitive": false,
   "urlFilter": "||urmas.net/upload/rk/"
  },
  "id": 393
 },
 {
  "action": {
   "type": "block"
  },
  "condition": {
   "isUrlFilterCaseSensitive": false,
   "urlFilter": "||vairuokime.lt/img/lyoness.png"
  },
  "id": 394
 },
 {
  "action": {
   "type": "block"
  },
  "condition": {
   "isUrlFilterCaseSensitive": false,
   "urlFilter": "||valstietis.lt/bn/"
  },
  "id": 395
 },
 {
  "action": {
   "type": "block"
  },
  "condition": {
   "isUrlFilterCaseSensitive": false,
   "urlFilter": "||veberis.com/banner/"
  },
  "id": 396
 },
 {
  "action": {
   "type": "block"
  },
  "condition": {
   "isUrlFilterCaseSensitive": false,
   "urlFilter": "||veberis.com/foto/balionucentras/balionai.jpg"
  },
  "id": 397
 },
 {
  "action": {
   "type": "block"
  },
  "condition": {
   "isUrlFilterCaseSensitive": false,
   "urlFilter": "||veberis.com/images/virselis_26.jpg"
  },
  "id": 398
 },
 {
  "action": {
   "type": "block"
  },
  "condition": {
   "isUrlFilterCaseSensitive": false,
   "urlFilter": "||vendors.lt/pics/dumblascom.gif"
  },
  "id": 399
 },
 {
  "action": {
   "type": "block"
  },
  "condition": {
   "isUrlFilterCaseSensitive": false,
   "urlFilter": "||vendors.lt/pics/hero.png"
  },
  "id": 400
 },
 {
  "action": {
   "type": "block"
  },
  "condition": {
   "isUrlFilterCaseSensitive": false,
   "urlFilter": "||vendors.lt/pics/linkuva.gif"
  },
  "id": 401
 },
 {
  "action": {
   "type": "block"
  },
  "condition": {
   "isUrlFilterCaseSensitive": false,
   "urlFilter": "||versijos.lt/wp-content/uploads/2015/07/parama-tinklapiui.jpg"
  },
  "id": 402
 },
 {
  "action": {
   "type": "block"
  },
  "condition": {
   "isUrlFilterCaseSensitive": false,
   "urlFilter": "||verslovirusas.lt/wp-content/uploads/2013/10/logovisi.png"
  },
  "id": 403
 },
 {
  "action": {
   "type": "block"
  },
  "condition": {
   "isUrlFilterCaseSensitive": false,
   "urlFilter": "||vienaturis.lt/detales2.gif"
  },
  "id": 404
 },
 {
  "action": {
   "type": "block"
  },
  "condition": {
   "isUrlFilterCaseSensitive": false,
   "urlFilter": "||viktorijosvestuves.lt/blog/wp-content/uploads/2011/10/fotoperlas.jpg"
  },
  "id": 405
 },
 {
  "action": {
   "type": "block"
  },
  "condition": {
   "isUrlFilterCaseSensitive": false,
   "urlFilter": "||viktorijosvestuves.lt/blog/wp-content/uploads/2013/07/idw.png"
  },
  "id": 406
 },
 {
  "action": {
   "type": "block"
  },
  "condition": {
   "isUrlFilterCaseSensitive": false,
   "urlFilter": "||vilniaus-turtas.lt/images/isikelk.gif"
  },
  "id": 407
 },
 {
  "action": {
   "type": "block"
  },
  "condition": {
   "isUrlFilterCaseSensitive": false,
   "urlFilter": "||vilniausgidas.lt/wp-content/uploads/2013/05/vorutos-logo.jpg"
  },
  "id": 408
 },
 {
  "action": {
   "type": "block"
  },
  "condition": {
   "isUrlFilterCaseSensitive": false,
   "urlFilter": "||vilniausgidas.lt/wp-content/uploads/2013/06/g.clips_.png"
  },
  "id": 409
 },
 {
  "action": {
   "type": "block"
  },
  "condition": {
   "isUrlFilterCaseSensitive": false,
   "urlFilter": "||visalietuva.lt/companies/banners/"
  },
  "id": 410
 },
 {
  "action": {
   "type": "block"
  },
  "condition": {
   "isUrlFilterCaseSensitive": false,
   "urlFilter": "||viskasvestuvems.eu/images/paslaugos/patalpos/alauso/alausoslenis.gif"
  },
  "id": 411
 },
 {
  "action": {
   "type": "block"
  },
  "condition": {
   "isUrlFilterCaseSensitive": false,
   "urlFilter": "||vz.lt/images/publicationimages/c8e2a76c-d6ea-461b-8fa8-215a54ed4c4a.jpg"
  },
  "id": 412
 },
 {
  "action": {
   "type": "block"
  },
  "condition": {
   "isUrlFilterCaseSensitive": false,
   "urlFilter": "||vz.lt/img/logos/cv.png"
  },
  "id": 413
 },
 {
  "action": {
   "type": "block"
  },
  "condition": {
   "isUrlFilterCaseSensitive": false,
   "urlFilter": "||wad.ojooo.com/bs_b_en.php?u=226712"
  },
  "id": 414
 },
 {
  "action": {
   "type": "block"
  },
  "condition": {
   "isUrlFilterCaseSensitive": false,
   "urlFilter": "||wildcat.lt/images/wildcat_180.gif"
  },
  "id": 415
 },
 {
  "action": {
   "type": "block"
  },
  "condition": {
   "isUrlFilterCaseSensitive": false,
   "urlFilter": "||wp.com/www.myliusoda.lt/wp-content/uploads/2018/03/ali-sale.png"
  },
  "id": 416
 },
 {
  "action": {
   "type": "block"
  },
  "condition": {
   "isUrlFilterCaseSensitive": false,
   "urlFilter": "||xn--kl-9ma74a8c.lt/images/angleris.jpg"
  },
  "id": 417
 },
 {
  "action": {
   "type": "block"
  },
  "condition": {
   "isUrlFilterCaseSensitive": false,
   "urlFilter": "||xtgem.com/images/banners/32x32.gif"
  },
  "id": 418
 },
 {
  "action": {
   "type": "block"
  },
  "condition": {
   "isUrlFilterCaseSensitive": false,
   "urlFilter": "||zigzag.lt/laiskai/img/zigzag_stovyklos_280x169.jpg"
  },
  "id": 419
 },
 {
  "action": {
   "type": "block"
  },
  "condition": {
   "isUrlFilterCaseSensitive": false,
   "urlFilter": "||zindyk.lt/wp-content/themes/purple-pastels/images/mamairtetislogo.png"
  },
  "id": 420
 },
 {
  "action": {
   "type": "block"
  },
  "condition": {
   "isUrlFilterCaseSensitive": false,
   "urlFilter": "||zindyk.lt/wp-content/themes/purple-pastels/images/nesiokles.png"
  },
  "id": 421
 },
 {
  "action": {
   "type": "block"
  },
  "condition": {
   "isUrlFilterCaseSensitive": false,
   "urlFilter": "||zindymas.lt/sites/zindymas.lt/files/la_leche_banner_0.jpg"
  },
  "id": 422
 },
 {
  "action": {
   "type": "block"
  },
  "condition": {
   "isUrlFilterCaseSensitive": false,
   "urlFilter": "||zindymas.lt/sites/zindymas.lt/files/milksense.jpg"
  },
  "id": 423
 },
 {
  "action": {
   "type": "block"
  },
  "condition": {
   "isUrlFilterCaseSensitive": false,
   "urlFilter": "||zindymas.lt/sites/zindymas.lt/files/ptc-logo2.png"
  },
  "id": 424
 },
 {
  "action": {
   "type": "block"
  },
  "condition": {
   "isUrlFilterCaseSensitive": false,
   "urlFilter": "||1588.lt/web/companies/banners^"
  },
  "id": 425
 },
 {
  "action": {
   "type": "block"
  },
  "condition": {
   "isUrlFilterCaseSensitive": false,
   "urlFilter": "||vilniausskelbimai.lt/adv^"
  },
  "id": 426
 },
 {
  "action": {
   "type": "block"
  },
  "condition": {
   "initiatorDomains": [
    "lnk.lt"
   ],
   "isUrlFilterCaseSensitive": false,
   "urlFilter": "||p.jwpcdn.com/*/vast.js"
  },
  "id": 427
 },
 {
  "action": {
   "type": "block"
  },
  "condition": {
   "isUrlFilterCaseSensitive": false,
   "urlFilter": "||serveris.lnk.lt/*/ad.js?"
  },
  "id": 428
 },
 {
  "action": {
   "type": "block"
  },
  "condition": {
   "isUrlFilterCaseSensitive": false,
   "urlFilter": "||serveris.lnk.lt/*ad.xml?"
  },
  "id": 429
 },
 {
  "action": {
   "type": "block"
  },
  "condition": {
   "isUrlFilterCaseSensitive": false,
   "urlFilter": "||static.vz.lt/files/antsrauto/countsjs.php^"
  },
  "id": 430
 },
 {
  "action": {
   "type": "block"
  },
  "condition": {
   "initiatorDomains": [
    "tvplay.tv3.lt"
   ],
   "isUrlFilterCaseSensitive": false,
   "urlFilter": "||v.fwmrm.net/ad/g/1?"
  },
  "id": 431
 },
 {
  "action": {
   "type": "block"
  },
  "condition": {
   "requestDomains": [
    "banners.igloro.info",
    "befirstcdn.com",
    "bms.creativepartner.lt",
    "prod.one.lt",
    "r-scale-fb.static.go3.tv",
    "rkl.draugas.lt",
    "skpiramide.lt",
    "trackers.adtarget.me",
    "trafficbass.com"
   ]
  },
  "id": 432
 },
 {
  "action": {
   "type": "block"
  },
  "condition": {
   "isUrlFilterCaseSensitive": false,
   "resourceTypes": [
    "image"
   ],
   "urlFilter": "/reklamjuostes^"
  },
  "id": 433
 },
 {
  "action": {
   "type": "block"
  },
  "condition": {
   "initiatorDomains": [
    "miskobirza.lt"
   ],
   "isUrlFilterCaseSensitive": false,
   "resourceTypes": [
    "image"
   ],
   "urlFilter": "/images/texts/"
  },
  "id": 434
 },
 {
  "action": {
   "type": "block"
  },
  "condition": {
   "initiatorDomains": [
    "marijosradijas.lt"
   ],
   "isUrlFilterCaseSensitive": false,
   "resourceTypes": [
    "image"
   ],
   "urlFilter": "images/banners/"
  },
  "id": 435
 },
 {
  "action": {
   "type": "block"
  },
  "condition": {
   "initiatorDomains": [
    "orai.biz"
   ],
   "isUrlFilterCaseSensitive": false,
   "resourceTypes": [
    "image"
   ],
   "urlFilter": "pav/"
  },
  "id": 436
 },
 {
  "action": {
   "type": "block"
  },
  "condition": {
   "initiatorDomains": [
    "gyvenimoguru.lt"
   ],
   "isUrlFilterCaseSensitive": false,
   "resourceTypes": [
    "image"
   ],
   "urlFilter": "uploads/images/"
  },
  "id": 437
 },
 {
  "action": {
   "type": "block"
  },
  "condition": {
   "isUrlFilterCaseSensitive": false,
   "resourceTypes": [
    "image"
   ],
   "urlFilter": "||15min.lt/*_300x400-"
  },
  "id": 438
 },
 {
  "action": {
   "type": "block"
  },
  "condition": {
   "isUrlFilterCaseSensitive": false,
   "resourceTypes": [
    "image"
   ],
   "urlFilter": "||15min.lt/*_300x400px-*.jpg^"
  },
  "id": 439
 },
 {
  "action": {
   "type": "block"
  },
  "condition": {
   "isUrlFilterCaseSensitive": false,
   "resourceTypes": [
    "image"
   ],
   "urlFilter": "||15min.lt/*_baneriai_*.jpg^"
  },
  "id": 440
 },
 {
  "action": {
   "type": "block"
  },
  "condition": {
   "isUrlFilterCaseSensitive": false,
   "resourceTypes": [
    "image"
   ],
   "urlFilter": "||15min.lt/static/*/200x300_*.jpg^"
  },
  "id": 441
 },
 {
  "action": {
   "type": "block"
  },
  "condition": {
   "isUrlFilterCaseSensitive": false,
   "resourceTypes": [
    "image"
   ],
   "urlFilter": "||15min.lt/static/*/300x400-*.jpg^"
  },
  "id": 442
 },
 {
  "action": {
   "type": "block"
  },
  "condition": {
   "isUrlFilterCaseSensitive": false,
   "resourceTypes": [
    "image"
   ],
   "urlFilter": "||15min.lt/static/cache/*-adblock-banner-*.jpg^"
  },
  "id": 443
 },
 {
  "action": {
   "type": "block"
  },
  "condition": {
   "isUrlFilterCaseSensitive": false,
   "resourceTypes": [
    "image"
   ],
   "urlFilter": "||www.technologijos.lt/upload/image/iliustracijos/11/980-lt.gif"
  },
  "id": 444
 },
 {
  "action": {
   "type": "block"
  },
  "condition": {
   "isUrlFilterCaseSensitive": false,
   "resourceTypes": [
    "image"
   ],
   "urlFilter": "||elektronika.lt/*150x32_"
  },
  "id": 445
 },
 {
  "action": {
   "type": "block"
  },
  "condition": {
   "isUrlFilterCaseSensitive": false,
   "resourceTypes": [
    "image"
   ],
   "urlFilter": "||elektronika.lt/*150x32."
  },
  "id": 446
 },
 {
  "action": {
   "type": "block"
  },
  "condition": {
   "isUrlFilterCaseSensitive": false,
   "resourceTypes": [
    "image"
   ],
   "urlFilter": "||zarasuose.lt/reklama_"
  },
  "id": 448
 },
 {
  "action": {
   "type": "block"
  },
  "condition": {
   "initiatorDomains": [
    "filmux.to"
   ],
   "requestDomains": [
    "info",
    "world"
   ],
   "resourceTypes": [
    "xmlhttprequest"
   ]
  },
  "id": 449
 },
 {
  "action": {
   "type": "block"
  },
  "condition": {
   "initiatorDomains": [
    "skytech.lt"
   ],
   "isUrlFilterCaseSensitive": false,
   "resourceTypes": [
    "sub_frame"
   ],
   "urlFilter": "||sblizingas.lt/skaiciuokle/"
  },
  "id": 450
 },
 {
  "action": {
   "type": "block"
  },
  "condition": {
   "initiatorDomains": [
    "lnk.lt"
   ],
   "isUrlFilterCaseSensitive": false,
   "resourceTypes": [
    "media"
   ],
   "urlFilter": "||serveris.lnk.lt/files/x/*/*.mp4"
  },
  "id": 451
 },
 {
  "action": {
   "type": "block"
  },
  "condition": {
   "domainType": "firstParty",
   "isUrlFilterCaseSensitive": false,
   "urlFilter": "||15min.lt/cached/tgif"
  },
  "id": 452
 },
 {
  "action": {
   "type": "block"
  },
  "condition": {
   "domainType": "firstParty",
   "isUrlFilterCaseSensitive": false,
   "resourceTypes": [
    "image"
   ],
   "urlFilter": "pakalne.lt/wp-content/uploads/"
  },
  "id": 453
 },
 {
  "action": {
   "type": "block"
  },
  "condition": {
   "domainType": "firstParty",
   "isUrlFilterCaseSensitive": false,
   "resourceTypes": [
    "image"
   ],
   "urlFilter": "||elektromarkt.lt/assets/img/marketing/940x450/"
  },
  "id": 454
 },
 {
  "action": {
   "type": "block"
  },
  "condition": {
   "domainType": "firstParty",
   "isUrlFilterCaseSensitive": false,
   "resourceTypes": [
    "image"
   ],
   "urlFilter": "||imones.lt/companies/banners/*.gif"
  },
  "id": 455
 },
 {
  "action": {
   "type": "block"
  },
  "condition": {
   "domainType": "firstParty",
   "isUrlFilterCaseSensitive": false,
   "resourceTypes": [
    "image"
   ],
   "urlFilter": "||imones.lt/companies/sponsors/*.gif"
  },
  "id": 456
 },
 {
  "action": {
   "type": "block"
  },
  "condition": {
   "domainType": "firstParty",
   "isUrlFilterCaseSensitive": false,
   "resourceTypes": [
    "image"
   ],
   "urlFilter": "||itiketini-faktai.online/reklamos/"
  },
  "id": 457
 },
 {
  "action": {
   "type": "block"
  },
  "condition": {
   "domainType": "firstParty",
   "isUrlFilterCaseSensitive": false,
   "resourceTypes": [
    "image"
   ],
   "urlFilter": "||lkl.lt/banners_new/"
  },
  "id": 458
 },
 {
  "action": {
   "type": "block"
  },
  "condition": {
   "domainType": "firstParty",
   "isUrlFilterCaseSensitive": false,
   "resourceTypes": [
    "image"
   ],
   "urlFilter": "||static.autoplius.lt/static/images/desktop/landing_page/featured_promotion/ap_loan_promotion_08.png"
  },
  "id": 459
 },
 {
  "action": {
   "type": "block"
  },
  "condition": {
   "domainType": "firstParty",
   "isUrlFilterCaseSensitive": false,
   "resourceTypes": [
    "image"
   ],
   "urlFilter": "||technologijos.lt/upload/image/*/980x200.jpg"
  },
  "id": 460
 },
 {
  "action": {
   "type": "block"
  },
  "condition": {
   "domainType": "firstParty",
   "isUrlFilterCaseSensitive": false,
   "resourceTypes": [
    "image"
   ],
   "urlFilter": "||vela.lt/images/additional/footmate3.jpg"
  },
  "id": 461
 },
 {
  "action": {
   "type": "block"
  },
  "condition": {
   "domainType": "firstParty",
   "initiatorDomains": [
    "lrytas.lt"
   ],
   "isUrlFilterCaseSensitive": false,
   "resourceTypes": [
    "image"
   ],
   "urlFilter": "||plus.lrytas.lt/staticbanners/*1200x250_300x370.jpg"
  },
  "id": 462
 },
 {
  "action": {
   "type": "block"
  },
  "condition": {
   "domainType": "firstParty",
   "requestDomains": [
    "chatas.lt"
   ],
   "resourceTypes": [
    "xmlhttprequest"
   ]
  },
  "id": 463
 },
 {
  "action": {
   "type": "block"
  },
  "condition": {
   "domainType": "firstParty",
   "isUrlFilterCaseSensitive": false,
   "resourceTypes": [
    "media"
   ],
   "urlFilter": "||kinas.tv/info.mp4"
  },
  "id": 464
 },
 {
  "action": {
   "type": "block"
  },
  "condition": {
   "domainType": "firstParty",
   "isUrlFilterCaseSensitive": false,
   "resourceTypes": [
    "media"
   ],
   "urlFilter": "||161.97.106.129/info.mp4"
  },
  "id": 465
 },
 {
  "action": {
   "type": "block"
  },
  "condition": {
   "domainType": "thirdParty",
   "requestDomains": [
    "adart.hostin.lt",
    "adbox.lt",
    "adclick.lt",
    "ads.one.lt",
    "ads.vmedija.lt",
    "adsplius.lt",
    "adverum.lt",
    "aj2392.online",
    "aleja.lt",
    "banners.adnetmedia.lt",
    "darnipora.lt",
    "keliones.lt",
    "komi.lt",
    "on-line.lt",
    "revive.imones.lt",
    "skaitliukas.eu",
    "static.grupinis.lt",
    "top100.lt"
   ]
  },
  "id": 466
 },
 {
  "action": {
   "type": "block"
  },
  "condition": {
   "domainType": "thirdParty",
   "excludedInitiatorDomains": [
    "domoplius.lt"
   ],
   "requestDomains": [
    "plius.lt"
   ]
  },
  "id": 467
 },
 {
  "action": {
   "type": "block"
  },
  "condition": {
   "domainType": "thirdParty",
   "isUrlFilterCaseSensitive": false,
   "urlFilter": "://ad.admitad.com^"
  },
  "id": 468
 },
 {
  "action": {
   "type": "block"
  },
  "condition": {
   "domainType": "thirdParty",
   "isUrlFilterCaseSensitive": false,
   "urlFilter": "||imones.lt/searchblocks/"
  },
  "id": 469
 },
 {
  "action": {
   "type": "allow"
  },
  "condition": {
   "initiatorDomains": [
    "siustis.net"
   ],
   "isUrlFilterCaseSensitive": false,
   "urlFilter": ".png#"
  },
  "id": 470
 },
 {
  "action": {
   "type": "allow"
  },
  "condition": {
   "isUrlFilterCaseSensitive": false,
   "urlFilter": "15minlt.adocean.pl/files/js/ado.js"
  },
  "id": 471
 },
 {
  "action": {
   "type": "allow"
  },
  "condition": {
   "initiatorDomains": [
    "lrytas.lt"
   ],
   "isUrlFilterCaseSensitive": false,
   "urlFilter": "imasdk.googleapis.com^"
  },
  "id": 472
 },
 {
  "action": {
   "type": "allow"
  },
  "condition": {
   "isUrlFilterCaseSensitive": false,
   "urlFilter": "|http://skelbimai.one.lt/uploads/modules/ads/"
  },
  "id": 473
 },
 {
  "action": {
   "type": "allow"
  },
  "condition": {
   "isUrlFilterCaseSensitive": false,
   "urlFilter": "||9menesiai.lt/image/cache/data/baneriai/"
  },
  "id": 474
 },
 {
  "action": {
   "type": "allow"
  },
  "condition": {
   "isUrlFilterCaseSensitive": false,
   "urlFilter": "||apatinukai.lt/image/cache/data/baneriai/"
  },
  "id": 475
 },
 {
  "action": {
   "type": "allow"
  },
  "condition": {
   "isUrlFilterCaseSensitive": false,
   "urlFilter": "||banners.adnet.lt/i/euro_game_1.js"
  },
  "id": 476
 },
 {
  "action": {
   "type": "allow"
  },
  "condition": {
   "isUrlFilterCaseSensitive": false,
   "urlFilter": "||entitlements.jwplayer.com/*.json"
  },
  "id": 477
 },
 {
  "action": {
   "type": "allow"
  },
  "condition": {
   "isUrlFilterCaseSensitive": false,
   "urlFilter": "||eurovaistine.lt/uploads/banners/"
  },
  "id": 478
 },
 {
  "action": {
   "type": "allow"
  },
  "condition": {
   "initiatorDomains": [
    "lrytas.lt"
   ],
   "isUrlFilterCaseSensitive": false,
   "urlFilter": "||googleapis.com/js/sdkloader/ima3.js"
  },
  "id": 479
 },
 {
  "action": {
   "type": "allow"
  },
  "condition": {
   "isUrlFilterCaseSensitive": false,
   "urlFilter": "||grozionamai.lt/images/sobipro/adv/"
  },
  "id": 480
 },
 {
  "action": {
   "type": "allow"
  },
  "condition": {
   "isUrlFilterCaseSensitive": false,
   "urlFilter": "||kaunieciams.lt/miestas/"
  },
  "id": 481
 },
 {
  "action": {
   "type": "allow"
  },
  "condition": {
   "isUrlFilterCaseSensitive": false,
   "urlFilter": "||kvt.lt/ebilet.cup.static/img/header/"
  },
  "id": 482
 },
 {
  "action": {
   "type": "allow"
  },
  "condition": {
   "isUrlFilterCaseSensitive": false,
   "urlFilter": "||mega.lt/uploads/img/banners/"
  },
  "id": 483
 },
 {
  "action": {
   "type": "allow"
  },
  "condition": {
   "initiatorDomains": [
    "play.tv3.lt"
   ],
   "isUrlFilterCaseSensitive": false,
   "urlFilter": "||mssl.fwmrm.net/p/mtg_brightcove_html5/admanager.js"
  },
  "id": 484
 },
 {
  "action": {
   "type": "allow"
  },
  "condition": {
   "isUrlFilterCaseSensitive": false,
   "urlFilter": "||perlas.lt/baneriai/"
  },
  "id": 485
 },
 {
  "action": {
   "type": "allow"
  },
  "condition": {
   "isUrlFilterCaseSensitive": false,
   "urlFilter": "||perlas.lt/files/banners/"
  },
  "id": 486
 },
 {
  "action": {
   "type": "allow"
  },
  "condition": {
   "isUrlFilterCaseSensitive": false,
   "urlFilter": "||pildyk.lt/uploads/files/baneris_pildyk.jpg"
  },
  "id": 487
 },
 {
  "action": {
   "type": "allow"
  },
  "condition": {
   "isUrlFilterCaseSensitive": false,
   "urlFilter": "||play.tv3.lt/ad/banner/_adsense_/_adserver/"
  },
  "id": 488
 },
 {
  "action": {
   "type": "allow"
  },
  "condition": {
   "isUrlFilterCaseSensitive": false,
   "urlFilter": "||post.lt/bin/banners/"
  },
  "id": 489
 },
 {
  "action": {
   "type": "allow"
  },
  "condition": {
   "isUrlFilterCaseSensitive": false,
   "urlFilter": "||post.lt/files/resized/*x*/banners/"
  },
  "id": 490
 },
 {
  "action": {
   "type": "allow"
  },
  "condition": {
   "isUrlFilterCaseSensitive": false,
   "urlFilter": "||prod.one.lt/api/framesize.js"
  },
  "id": 491
 },
 {
  "action": {
   "type": "allow"
  },
  "condition": {
   "isUrlFilterCaseSensitive": false,
   "urlFilter": "||smailas.net/baneriai/"
  },
  "id": 492
 },
 {
  "action": {
   "type": "allow"
  },
  "condition": {
   "excludedInitiatorDomains": [
    "tavovaikams.lt"
   ],
   "isUrlFilterCaseSensitive": false,
   "urlFilter": "||tavovaikams.lt//images/goods/"
  },
  "id": 493
 },
 {
  "action": {
   "type": "allow"
  },
  "condition": {
   "isUrlFilterCaseSensitive": false,
   "urlFilter": "||teatras.lt/uploads/img/banners/"
  },
  "id": 494
 },
 {
  "action": {
   "type": "allow"
  },
  "condition": {
   "isUrlFilterCaseSensitive": false,
   "urlFilter": "||technologijos.lt/iframe_komentarai"
  },
  "id": 495
 },
 {
  "action": {
   "type": "allow"
  },
  "condition": {
   "isUrlFilterCaseSensitive": false,
   "urlFilter": "||telikas.biz/wp-content/uploads/2014/10/logo1.png"
  },
  "id": 496
 },
 {
  "action": {
   "type": "allow"
  },
  "condition": {
   "isUrlFilterCaseSensitive": false,
   "urlFilter": "||telikas.biz/wp-content/uploads/2015/04/test4.png"
  },
  "id": 497
 },
 {
  "action": {
   "type": "allow"
  },
  "condition": {
   "isUrlFilterCaseSensitive": false,
   "urlFilter": "||vaikutis.lt/image/cache/data/baneriai/"
  },
  "id": 498
 },
 {
  "action": {
   "type": "allow"
  },
  "condition": {
   "isUrlFilterCaseSensitive": false,
   "urlFilter": "||vaikutis.lt/image/data/baneriai/"
  },
  "id": 499
 },
 {
  "action": {
   "type": "allow"
  },
  "condition": {
   "isUrlFilterCaseSensitive": false,
   "urlFilter": "||vjs.zencdn.net/4.12.5/video.js"
  },
  "id": 500
 },
 {
  "action": {
   "type": "allow"
  },
  "condition": {
   "initiatorDomains": [
    "inbox.lt"
   ],
   "isUrlFilterCaseSensitive": false,
   "urlFilter": "://b.adbox.lv/bxlib/js/loader.js^"
  },
  "id": 501
 },
 {
  "action": {
   "type": "allow"
  },
  "condition": {
   "isUrlFilterCaseSensitive": false,
   "urlFilter": "||play.tv3.lt/static/scripts/ima3.js"
  },
  "id": 502
 },
 {
  "action": {
   "type": "allow"
  },
  "condition": {
   "initiatorDomains": [
    "play.tv3.lt"
   ],
   "isUrlFilterCaseSensitive": false,
   "urlFilter": "/events.gif?"
  },
  "id": 503
 },
 {
  "action": {
   "type": "allow"
  },
  "condition": {
   "initiatorDomains": [
    "aina.lt"
   ],
   "requestDomains": [
    "td.setupad.com"
   ]
  },
  "id": 504
 },
 {
  "action": {
   "type": "allow"
  },
  "condition": {
   "isUrlFilterCaseSensitive": false,
   "urlFilter": "||play.tv3.lt/static/scripts/adroot^"
  },
  "id": 505
 },
 {
  "action": {
   "type": "allow"
  },
  "condition": {
   "initiatorDomains": [
    "vma.esec.vu.lt"
   ],
   "isUrlFilterCaseSensitive": false,
   "urlFilter": "/banners*swf"
  },
  "id": 506
 },
 {
  "action": {
   "type": "allow"
  },
  "condition": {
   "isUrlFilterCaseSensitive": false,
   "urlFilter": "||skelbiu-static.dgn.lt/static/css/inside_ad.css"
  },
  "id": 507
 },
 {
  "action": {
   "type": "allow"
  },
  "condition": {
   "isUrlFilterCaseSensitive": false,
   "urlFilter": "||skelbiu-static.dgn.lt/static/js/inside_ad.js"
  },
  "id": 508
 },
 {
  "action": {
   "type": "allow"
  },
  "condition": {
   "initiatorDomains": [
    "filmux.org"
   ],
   "isUrlFilterCaseSensitive": false,
   "urlFilter": "||ufonaut.000webhostapp.com/advertisement.js"
  },
  "id": 509
 },
 {
  "action": {
   "type": "allow"
  },
  "condition": {
   "initiatorDomains": [
    "play.tv3.lt"
   ],
   "isUrlFilterCaseSensitive": false,
   "urlFilter": "||mssl.fwmrm.net/libs/adm/*/linktag2.js"
  },
  "id": 510
 },
 {
  "action": {
   "type": "allow"
  },
  "condition": {
   "initiatorDomains": [
    "play.tv3.lt"
   ],
   "isUrlFilterCaseSensitive": false,
   "urlFilter": "||v.fwmrm.net/ad/g/1?"
  },
  "id": 511
 },
 {
  "action": {
   "type": "allow"
  },
  "condition": {
   "requestDomains": [
    "adworks.lt",
    "manodienynas.lt",
    "tamo.lt"
   ]
  },
  "id": 512
 },
 {
  "action": {
   "type": "allow"
  },
  "condition": {
   "initiatorDomains": [
    "inbox.lt"
   ],
   "requestDomains": [
    "b.adbox.lv"
   ],
   "resourceTypes": [
    "image"
   ]
  },
  "id": 513
 },
 {
  "action": {
   "type": "allow"
  },
  "condition": {
   "initiatorDomains": [
    "lnk.lt"
   ],
   "requestDomains": [
    "lt.adocean.pl"
   ],
   "resourceTypes": [
    "script"
   ]
  },
  "id": 514
 },
 {
  "action": {
   "type": "allow"
  },
  "condition": {
   "initiatorDomains": [
    "delfi.lt"
   ],
   "isUrlFilterCaseSensitive": false,
   "resourceTypes": [
    "script"
   ],
   "urlFilter": "||adform.net/banners/scripts/adx.js|"
  },
  "id": 515
 },
 {
  "action": {
   "type": "allow"
  },
  "condition": {
   "isUrlFilterCaseSensitive": false,
   "resourceTypes": [
    "xmlhttprequest"
   ],
   "urlFilter": "||play.tv3.lt/ad/banner/_ad"
  },
  "id": 516
 },
 {
  "action": {
   "type": "allow"
  },
  "condition": {
   "initiatorDomains": [
    "telia.lt"
   ],
   "requestDomains": [
    "secure.livechatinc.com"
   ],
   "resourceTypes": [
    "sub_frame"
   ]
  },
  "id": 517
 },
 {
  "action": {
   "type": "allow"
  },
  "condition": {
   "initiatorDomains": [
    "www.tv3.lt"
   ],
   "requestDomains": [
    "prod.one.lt"
   ],
   "resourceTypes": [
    "media"
   ]
  },
  "id": 518
 },
 {
  "action": {
   "type": "allow"
  },
  "condition": {
   "domainType": "firstParty",
   "requestDomains": [
    "td.setupad.com"
   ]
  },
  "id": 519
 },
 {
  "action": {
   "type": "allow"
  },
  "condition": {
   "domainType": "thirdParty",
   "initiatorDomains": [
    "alfa.lt",
    "lnkgo.lt"
   ],
   "requestDomains": [
    "hit.gemius.pl"
   ]
  },
  "id": 520
 },
 {
  "action": {
   "type": "allow"
  },
  "condition": {
   "domainType": "thirdParty",
   "initiatorDomains": [
    "vz.lt"
   ],
   "requestDomains": [
    "sascdn.com"
   ]
  },
  "id": 521
 },
 {
  "action": {
   "type": "allow"
  },
  "condition": {
   "domainType": "thirdParty",
   "initiatorDomains": [
    "www.delfi.lt"
   ],
   "isUrlFilterCaseSensitive": false,
   "resourceTypes": [
    "image"
   ],
   "urlFilter": "||content-thumbnail.cxpublic.com/content/dominantthumbnail/"
  },
  "id": 522
 }
]
