[
 {
  "action": {
   "redirect": {
    "extensionPath": "/web_accessible_resources/noop.txt"
   },
   "type": "redirect"
  },
  "condition": {
   "isUrlFilterCaseSensitive": false,
   "resourceTypes": [
    "image",
    "media",
    "other",
    "script",
    "stylesheet",
    "sub_frame",
    "xmlhttprequest"
   ],
   "urlFilter": "||85tube.com/player/html.php?aid=*_html&video_id=*&*&referer"
  },
  "id": 6441,
  "priority": 2
 },
 {
  "action": {
   "redirect": {
    "extensionPath": "/web_accessible_resources/1x1.gif"
   },
   "type": "redirect"
  },
  "condition": {
   "isUrlFilterCaseSensitive": false,
   "resourceTypes": [
    "image"
   ],
   "urlFilter": "||manwa.me/static/custom/files/300x250.gif"
  },
  "id": 6442,
  "priority": 12
 },
 {
  "action": {
   "redirect": {
    "extensionPath": "/web_accessible_resources/1x1.gif"
   },
   "type": "redirect"
  },
  "condition": {
   "isUrlFilterCaseSensitive": false,
   "resourceTypes": [
    "image"
   ],
   "urlFilter": "||manwa.fun/static/upload/ads/"
  },
  "id": 6443,
  "priority": 12
 },
 {
  "action": {
   "redirect": {
    "extensionPath": "/web_accessible_resources/1x1.gif"
   },
   "type": "redirect"
  },
  "condition": {
   "isUrlFilterCaseSensitive": false,
   "resourceTypes": [
    "image"
   ],
   "urlFilter": "||nfmovies.com/static/*.jpg"
  },
  "id": 6444,
  "priority": 2
 },
 {
  "action": {
   "redirect": {
    "extensionPath": "/web_accessible_resources/1x1.gif"
   },
   "type": "redirect"
  },
  "condition": {
   "initiatorDomains": [
    "8maple.ru"
   ],
   "isUrlFilterCaseSensitive": false,
   "resourceTypes": [
    "image"
   ],
   "urlFilter": "||8maple.ru/dzcm"
  },
  "id": 6445,
  "priority": 2
 },
 {
  "action": {
   "redirect": {
    "extensionPath": "/web_accessible_resources/googlesyndication_adsbygoogle.js"
   },
   "type": "redirect"
  },
  "condition": {
   "initiatorDomains": [
    "wuyong.fun"
   ],
   "isUrlFilterCaseSensitive": false,
   "resourceTypes": [
    "script"
   ],
   "urlFilter": "||pagead2.googlesyndication.com/pagead/js/adsbygoogle.js"
  },
  "id": 6446,
  "priority": 12
 },
 {
  "action": {
   "redirect": {
    "extensionPath": "/web_accessible_resources/noop.js"
   },
   "type": "redirect"
  },
  "condition": {
   "initiatorDomains": [
    "rjno1.com"
   ],
   "requestDomains": [
    "126.net"
   ],
   "resourceTypes": [
    "script"
   ]
  },
  "id": 6447,
  "priority": 2
 },
 {
  "action": {
   "redirect": {
    "extensionPath": "/web_accessible_resources/noop.js"
   },
   "type": "redirect"
  },
  "condition": {
   "initiatorDomains": [
    "m.twfanti.com"
   ],
   "isUrlFilterCaseSensitive": false,
   "resourceTypes": [
    "script"
   ],
   "urlFilter": "||pagead2.googlesyndication.com/pagead/js/adsbygoogle.js"
  },
  "id": 6448,
  "priority": 12
 },
 {
  "action": {
   "redirect": {
    "extensionPath": "/web_accessible_resources/noop.js"
   },
   "type": "redirect"
  },
  "condition": {
   "initiatorDomains": [
    "yodu.org"
   ],
   "isUrlFilterCaseSensitive": false,
   "resourceTypes": [
    "script"
   ],
   "urlFilter": "||pagead2.googlesyndication.com/pagead/js/adsbygoogle.js"
  },
  "id": 6449,
  "priority": 2
 },
 {
  "action": {
   "redirect": {
    "extensionPath": "/web_accessible_resources/google-ima.js"
   },
   "type": "redirect"
  },
  "condition": {
   "initiatorDomains": [
    "linetv.tw"
   ],
   "isUrlFilterCaseSensitive": false,
   "resourceTypes": [
    "script"
   ],
   "urlFilter": "||imasdk.googleapis.com/js/sdkloader/ima3.js"
  },
  "id": 6450,
  "priority": 12
 },
 {
  "action": {
   "redirect": {
    "extensionPath": "/web_accessible_resources/googletagservices_gpt.js"
   },
   "type": "redirect"
  },
  "condition": {
   "initiatorDomains": [
    "ani.gamer.com.tw"
   ],
   "isUrlFilterCaseSensitive": false,
   "resourceTypes": [
    "script"
   ],
   "urlFilter": "||googletagservices.com/tag/js/gpt.js"
  },
  "id": 6451,
  "priority": 2
 },
 {
  "action": {
   "redirect": {
    "extensionPath": "/web_accessible_resources/noop.js"
   },
   "type": "redirect"
  },
  "condition": {
   "initiatorDomains": [
    "dilidili.wang"
   ],
   "isUrlFilterCaseSensitive": false,
   "resourceTypes": [
    "script"
   ],
   "urlFilter": "||static.jfrft.com/js/main_list.js^"
  },
  "id": 6452,
  "priority": 12
 },
 {
  "action": {
   "redirect": {
    "extensionPath": "/web_accessible_resources/noop.js"
   },
   "type": "redirect"
  },
  "condition": {
   "initiatorDomains": [
    "dilidili.wang"
   ],
   "isUrlFilterCaseSensitive": false,
   "resourceTypes": [
    "script"
   ],
   "urlFilter": "||static.jfrft.com/js/main_video.js^"
  },
  "id": 6453,
  "priority": 12
 },
 {
  "action": {
   "redirect": {
    "extensionPath": "/web_accessible_resources/noop.js"
   },
   "type": "redirect"
  },
  "condition": {
   "initiatorDomains": [
    "bukaivip.com",
    "zhenbuka2.com",
    "zhenbuka3.com"
   ],
   "isUrlFilterCaseSensitive": false,
   "resourceTypes": [
    "script"
   ],
   "urlFilter": "||pc.weizhenwx.com/pc/rich-tf.js"
  },
  "id": 6454,
  "priority": 2
 },
 {
  "action": {
   "redirect": {
    "extensionPath": "/web_accessible_resources/googlesyndication_adsbygoogle.js"
   },
   "type": "redirect"
  },
  "condition": {
   "initiatorDomains": [
    "xiebruce.top"
   ],
   "isUrlFilterCaseSensitive": false,
   "resourceTypes": [
    "script"
   ],
   "urlFilter": "||pagead2.googlesyndication.com/pagead/js/adsbygoogle.js"
  },
  "id": 6455,
  "priority": 2
 },
 {
  "action": {
   "redirect": {
    "extensionPath": "/web_accessible_resources/noop.js"
   },
   "type": "redirect"
  },
  "condition": {
   "initiatorDomains": [
    "ddrk.me"
   ],
   "isUrlFilterCaseSensitive": false,
   "resourceTypes": [
    "script",
    "xmlhttprequest"
   ],
   "urlFilter": "||cnzz.com/z_stat.php"
  },
  "id": 6456,
  "priority": 12
 },
 {
  "action": {
   "redirect": {
    "extensionPath": "/web_accessible_resources/googlesyndication_adsbygoogle.js"
   },
   "type": "redirect"
  },
  "condition": {
   "initiatorDomains": [
    "haoweichi.com"
   ],
   "isUrlFilterCaseSensitive": false,
   "resourceTypes": [
    "script",
    "xmlhttprequest"
   ],
   "urlFilter": "||pagead2.googlesyndication.com/pagead/js/adsbygoogle.js"
  },
  "id": 6457,
  "priority": 12
 },
 {
  "action": {
   "redirect": {
    "extensionPath": "/web_accessible_resources/googlesyndication_adsbygoogle.js"
   },
   "type": "redirect"
  },
  "condition": {
   "initiatorDomains": [
    "youneed.win"
   ],
   "isUrlFilterCaseSensitive": false,
   "resourceTypes": [
    "script",
    "xmlhttprequest"
   ],
   "urlFilter": "||pagead2.googlesyndication.com/pagead/js/adsbygoogle.js"
  },
  "id": 6458,
  "priority": 2
 },
 {
  "action": {
   "redirect": {
    "extensionPath": "/web_accessible_resources/googletagservices_gpt.js"
   },
   "type": "redirect"
  },
  "condition": {
   "initiatorDomains": [
    "gamer.com.tw"
   ],
   "isUrlFilterCaseSensitive": false,
   "resourceTypes": [
    "script"
   ],
   "urlFilter": "||googletagservices.com/tag/js/gpt.js"
  },
  "id": 6459,
  "priority": 12
 },
 {
  "action": {
   "redirect": {
    "extensionPath": "/web_accessible_resources/noop.js"
   },
   "type": "redirect"
  },
  "condition": {
   "initiatorDomains": [
    "wasu.cn"
   ],
   "isUrlFilterCaseSensitive": false,
   "resourceTypes": [
    "script"
   ],
   "urlFilter": "||delivery-pc.wasu.cn/d/frontjs/3.0"
  },
  "id": 6460,
  "priority": 2
 },
 {
  "action": {
   "redirect": {
    "extensionPath": "/web_accessible_resources/noop.js"
   },
   "type": "redirect"
  },
  "condition": {
   "initiatorDomains": [
    "yitongkan.com"
   ],
   "isUrlFilterCaseSensitive": false,
   "resourceTypes": [
    "script"
   ],
   "urlFilter": "||yitongkan.com/splash.xml"
  },
  "id": 6461,
  "priority": 2
 },
 {
  "action": {
   "redirect": {
    "extensionPath": "/web_accessible_resources/noop.txt"
   },
   "type": "redirect"
  },
  "condition": {
   "isUrlFilterCaseSensitive": false,
   "resourceTypes": [
    "xmlhttprequest"
   ],
   "urlFilter": "||itad.linetv.tw/api/v2/vmap?ad_id="
  },
  "id": 6462,
  "priority": 2
 },
 {
  "action": {
   "redirect": {
    "extensionPath": "/web_accessible_resources/noop.txt"
   },
   "type": "redirect"
  },
  "condition": {
   "isUrlFilterCaseSensitive": false,
   "resourceTypes": [
    "xmlhttprequest"
   ],
   "urlFilter": "||hboav.com/guga/images/"
  },
  "id": 6463,
  "priority": 2
 },
 {
  "action": {
   "redirect": {
    "extensionPath": "/web_accessible_resources/noop.txt"
   },
   "type": "redirect"
  },
  "condition": {
   "initiatorDomains": [
    "hboav.com"
   ],
   "isUrlFilterCaseSensitive": false,
   "resourceTypes": [
    "xmlhttprequest"
   ],
   "urlFilter": "||syndication.exosrv.com/splash.php?"
  },
  "id": 6464,
  "priority": 12
 },
 {
  "action": {
   "redirect": {
    "extensionPath": "/web_accessible_resources/noop-1s.mp4"
   },
   "type": "redirect"
  },
  "condition": {
   "isUrlFilterCaseSensitive": false,
   "resourceTypes": [
    "media"
   ],
   "urlFilter": "||abminbuy.com/*.mp4"
  },
  "id": 6472,
  "priority": 2
 },
 {
  "action": {
   "redirect": {
    "extensionPath": "/web_accessible_resources/noop-1s.mp4"
   },
   "type": "redirect"
  },
  "condition": {
   "isUrlFilterCaseSensitive": false,
   "resourceTypes": [
    "media"
   ],
   "urlFilter": "||52996.me/upload/ad/"
  },
  "id": 6473,
  "priority": 2
 },
 {
  "action": {
   "redirect": {
    "extensionPath": "/web_accessible_resources/noop-1s.mp4"
   },
   "type": "redirect"
  },
  "condition": {
   "initiatorDomains": [
    "v.youku.com"
   ],
   "isUrlFilterCaseSensitive": false,
   "resourceTypes": [
    "media"
   ],
   "urlFilter": "||cibntv.net/youku/*.mp4?"
  },
  "id": 6474,
  "priority": 12
 },
 {
  "action": {
   "redirect": {
    "extensionPath": "/web_accessible_resources/noop-0.1s.mp3"
   },
   "type": "redirect"
  },
  "condition": {
   "initiatorDomains": [
    "huaren.tv"
   ],
   "isUrlFilterCaseSensitive": false,
   "resourceTypes": [
    "media"
   ],
   "urlFilter": "/ad/"
  },
  "id": 6475,
  "priority": 2
 },
 {
  "action": {
   "redirect": {
    "extensionPath": "/web_accessible_resources/noop-0.1s.mp3"
   },
   "type": "redirect"
  },
  "condition": {
   "initiatorDomains": [
    "17173.com"
   ],
   "isUrlFilterCaseSensitive": false,
   "resourceTypes": [
    "media"
   ],
   "urlFilter": "||17173cdn.com/20*.mp4"
  },
  "id": 6476,
  "priority": 2
 },
 {
  "action": {
   "redirect": {
    "extensionPath": "/web_accessible_resources/noop-0.1s.mp3"
   },
   "type": "redirect"
  },
  "condition": {
   "initiatorDomains": [
    "iyingshi7.tv",
    "localmv1.com"
   ],
   "isUrlFilterCaseSensitive": false,
   "resourceTypes": [
    "media"
   ],
   "urlFilter": "||amazononline.xyz/mp4/*.mp4"
  },
  "id": 6477,
  "priority": 2
 },
 {
  "action": {
   "redirect": {
    "extensionPath": "/web_accessible_resources/noop-0.1s.mp3"
   },
   "type": "redirect"
  },
  "condition": {
   "initiatorDomains": [
    "eastday.com"
   ],
   "requestDomains": [
    "e9377f.com"
   ],
   "resourceTypes": [
    "media"
   ]
  },
  "id": 6478,
  "priority": 2
 },
 {
  "action": {
   "redirect": {
    "extensionPath": "/web_accessible_resources/noop-1s.mp4"
   },
   "type": "redirect"
  },
  "condition": {
   "initiatorDomains": [
    "localmv1.com"
   ],
   "isUrlFilterCaseSensitive": false,
   "resourceTypes": [
    "media"
   ],
   "urlFilter": "||hellocenter.xyz^*.mp4"
  },
  "id": 6479,
  "priority": 2
 },
 {
  "action": {
   "redirect": {
    "extensionPath": "/web_accessible_resources/noop-0.1s.mp3"
   },
   "type": "redirect"
  },
  "condition": {
   "initiatorDomains": [
    "huya.com"
   ],
   "isUrlFilterCaseSensitive": false,
   "resourceTypes": [
    "media"
   ],
   "urlFilter": "||huya.com/leaf/*=vodadv&"
  },
  "id": 6480,
  "priority": 2
 },
 {
  "action": {
   "redirect": {
    "extensionPath": "/web_accessible_resources/noop-0.1s.mp3"
   },
   "type": "redirect"
  },
  "condition": {
   "initiatorDomains": [
    "qq.com"
   ],
   "isUrlFilterCaseSensitive": false,
   "resourceTypes": [
    "media"
   ],
   "urlFilter": "^sdtfrom=^"
  },
  "id": 6481,
  "priority": 2
 },
 {
  "action": {
   "redirect": {
    "extensionPath": "/web_accessible_resources/noop-0.1s.mp3"
   },
   "type": "redirect"
  },
  "condition": {
   "initiatorDomains": [
    "qq.com"
   ],
   "isUrlFilterCaseSensitive": false,
   "resourceTypes": [
    "media"
   ],
   "urlFilter": "||lts*.qq.com^*.ts?index="
  },
  "id": 6482,
  "priority": 2
 },
 {
  "action": {
   "redirect": {
    "extensionPath": "/web_accessible_resources/1x1.gif"
   },
   "type": "redirect"
  },
  "condition": {
   "domainType": "firstParty",
   "isUrlFilterCaseSensitive": false,
   "resourceTypes": [
    "image"
   ],
   "urlFilter": "||manwa2.me/static/custom/files/300x250."
  },
  "id": 6483,
  "priority": 2
 },
 {
  "action": {
   "redirect": {
    "extensionPath": "/web_accessible_resources/1x1.gif"
   },
   "type": "redirect"
  },
  "condition": {
   "domainType": "thirdParty",
   "initiatorDomains": [
    "rmdown.com"
   ],
   "isUrlFilterCaseSensitive": false,
   "resourceTypes": [
    "image"
   ],
   "urlFilter": "."
  },
  "id": 6484,
  "priority": 2
 }
]
