[
 {
  "action": {
   "redirect": {
    "extensionPath": "/web_accessible_resources/2x2.png"
   },
   "type": "redirect"
  },
  "condition": {
   "initiatorDomains": [
    "calcalist.co.il",
    "mako.co.il",
    "walla.co.il",
    "yad2.co.il",
    "ynet.co.il"
   ],
   "isUrlFilterCaseSensitive": false,
   "resourceTypes": [
    "image"
   ],
   "urlFilter": "||ad.doubleclick.net/favicon.ico?ad="
  },
  "id": 256,
  "priority": 12
 },
 {
  "action": {
   "redirect": {
    "extensionPath": "/web_accessible_resources/noop.js"
   },
   "type": "redirect"
  },
  "condition": {
   "initiatorDomains": [
    "calcalist.co.il",
    "mako.co.il",
    "walla.co.il",
    "yad2.co.il",
    "ynet.co.il"
   ],
   "isUrlFilterCaseSensitive": false,
   "resourceTypes": [
    "script"
   ],
   "urlFilter": "||pagead2.googlesyndication.com/pagead/js"
  },
  "id": 257,
  "priority": 12
 },
 {
  "action": {
   "redirect": {
    "extensionPath": "/web_accessible_resources/noop.js"
   },
   "type": "redirect"
  },
  "condition": {
   "initiatorDomains": [
    "walla.co.il"
   ],
   "isUrlFilterCaseSensitive": false,
   "resourceTypes": [
    "script"
   ],
   "urlFilter": "||walla.co.il/dist/scripts/ads/global-targeting.js"
  },
  "id": 258,
  "priority": 2
 },
 {
  "action": {
   "redirect": {
    "extensionPath": "/web_accessible_resources/noop.js"
   },
   "type": "redirect"
  },
  "condition": {
   "initiatorDomains": [
    "yad2.co.il"
   ],
   "isUrlFilterCaseSensitive": false,
   "resourceTypes": [
    "script"
   ],
   "urlFilter": "||yad2.co.il/js-new/showads.js"
  },
  "id": 259,
  "priority": 2
 },
 {
  "action": {
   "redirect": {
    "extensionPath": "/web_accessible_resources/noop.txt"
   },
   "type": "redirect"
  },
  "condition": {
   "initiatorDomains": [
    "jmusic.me"
   ],
   "isUrlFilterCaseSensitive": false,
   "resourceTypes": [
    "xmlhttprequest"
   ],
   "urlFilter": "||pagead2.googlesyndication.com/pagead/js/adsbygoogle.js"
  },
  "id": 260,
  "priority": 2
 },
 {
  "action": {
   "redirect": {
    "extensionPath": "/web_accessible_resources/noop-1s.mp4"
   },
   "type": "redirect"
  },
  "condition": {
   "isUrlFilterCaseSensitive": false,
   "resourceTypes": [
    "media"
   ],
   "urlFilter": "||moodaot.kipa.co.il^*/*.mp4"
  },
  "id": 262,
  "priority": 2
 },
 {
  "action": {
   "redirect": {
    "extensionPath": "/web_accessible_resources/noop-1s.mp4"
   },
   "type": "redirect"
  },
  "condition": {
   "isUrlFilterCaseSensitive": false,
   "resourceTypes": [
    "media"
   ],
   "urlFilter": "||jdn.co.il/wp-content/banners/bankleumi/"
  },
  "id": 263,
  "priority": 2
 },
 {
  "action": {
   "redirect": {
    "extensionPath": "/web_accessible_resources/noop-1s.mp4"
   },
   "type": "redirect"
  },
  "condition": {
   "isUrlFilterCaseSensitive": false,
   "resourceTypes": [
    "media"
   ],
   "urlFilter": "||jdn.co.il/wp-content/uploads/video/yugort.mp4"
  },
  "id": 264,
  "priority": 2
 },
 {
  "action": {
   "redirect": {
    "extensionPath": "/web_accessible_resources/noop-1s.mp4"
   },
   "type": "redirect"
  },
  "condition": {
   "isUrlFilterCaseSensitive": false,
   "resourceTypes": [
    "media"
   ],
   "urlFilter": "||ch10.co.il/wp-content/uploads/2021/*/*.mp4"
  },
  "id": 265,
  "priority": 2
 },
 {
  "action": {
   "redirect": {
    "extensionPath": "/web_accessible_resources/noop.js"
   },
   "type": "redirect"
  },
  "condition": {
   "domainType": "firstParty",
   "isUrlFilterCaseSensitive": false,
   "resourceTypes": [
    "script"
   ],
   "urlFilter": "||xads.zedo.com/ads2/c?*.one.co.il/"
  },
  "id": 266,
  "priority": 12
 }
]
