[
 {
  "action": {
   "redirect": {
    "extensionPath": "/web_accessible_resources/32x32.png"
   },
   "type": "redirect"
  },
  "condition": {
   "isUrlFilterCaseSensitive": false,
   "resourceTypes": [
    "image"
   ],
   "urlFilter": "||clustrmaps.com/counter/"
  },
  "id": 5849,
  "priority": 2
 },
 {
  "action": {
   "redirect": {
    "extensionPath": "/web_accessible_resources/1x1.gif"
   },
   "type": "redirect"
  },
  "condition": {
   "isUrlFilterCaseSensitive": false,
   "resourceTypes": [
    "image"
   ],
   "urlFilter": "||mc.admetrica.ru/sync_cookie_image_check"
  },
  "id": 5850,
  "priority": 2
 },
 {
  "action": {
   "redirect": {
    "extensionPath": "/web_accessible_resources/empty"
   },
   "type": "redirect"
  },
  "condition": {
   "isUrlFilterCaseSensitive": false,
   "resourceTypes": [
    "image",
    "script",
    "xmlhttprequest"
   ],
   "urlFilter": "||ad.mail.ru/"
  },
  "id": 5851,
  "priority": 2
 },
 {
  "action": {
   "redirect": {
    "extensionPath": "/web_accessible_resources/1x1.gif"
   },
   "type": "redirect"
  },
  "condition": {
   "initiatorDomains": [
    "mail.ru",
    "sportmail.ru"
   ],
   "isUrlFilterCaseSensitive": false,
   "resourceTypes": [
    "image"
   ],
   "urlFilter": "||ru/count/"
  },
  "id": 5852,
  "priority": 12
 },
 {
  "action": {
   "redirect": {
    "extensionPath": "/web_accessible_resources/noop.js"
   },
   "type": "redirect"
  },
  "condition": {
   "requestDomains": [
    "adbutton.net"
   ],
   "resourceTypes": [
    "script"
   ]
  },
  "id": 5853,
  "priority": 2
 },
 {
  "action": {
   "redirect": {
    "extensionPath": "/web_accessible_resources/noop.js"
   },
   "type": "redirect"
  },
  "condition": {
   "isUrlFilterCaseSensitive": false,
   "resourceTypes": [
    "script"
   ],
   "urlFilter": "||dominantroute.com/bens/vinos.js"
  },
  "id": 5855,
  "priority": 2
 },
 {
  "action": {
   "redirect": {
    "extensionPath": "/web_accessible_resources/noop.js"
   },
   "type": "redirect"
  },
  "condition": {
   "isUrlFilterCaseSensitive": false,
   "resourceTypes": [
    "script"
   ],
   "urlFilter": "||franecki.net/js/lib.js"
  },
  "id": 5856,
  "priority": 12
 },
 {
  "action": {
   "redirect": {
    "extensionPath": "/web_accessible_resources/noop.js"
   },
   "type": "redirect"
  },
  "condition": {
   "requestDomains": [
    "loadercdn.com"
   ],
   "resourceTypes": [
    "script"
   ]
  },
  "id": 5857,
  "priority": 12
 },
 {
  "action": {
   "redirect": {
    "extensionPath": "/web_accessible_resources/noeval-silent.js"
   },
   "type": "redirect"
  },
  "condition": {
   "initiatorDomains": [
    "yandex.ru",
    "yastatic.net"
   ],
   "isUrlFilterCaseSensitive": false,
   "resourceTypes": [
    "script"
   ],
   "urlFilter": "||strm.yandex.ru/get/"
  },
  "id": 5858,
  "priority": 2
 },
 {
  "action": {
   "redirect": {
    "extensionPath": "/web_accessible_resources/empty"
   },
   "type": "redirect"
  },
  "condition": {
   "isUrlFilterCaseSensitive": false,
   "resourceTypes": [
    "script"
   ],
   "urlFilter": "||r.mradx.net/img/*.js|"
  },
  "id": 5859,
  "priority": 2
 },
 {
  "action": {
   "redirect": {
    "extensionPath": "/web_accessible_resources/noop.txt"
   },
   "type": "redirect"
  },
  "condition": {
   "isUrlFilterCaseSensitive": false,
   "resourceTypes": [
    "xmlhttprequest"
   ],
   "urlFilter": "||v*.plrjs.org/*.xml"
  },
  "id": 5860,
  "priority": 12
 },
 {
  "action": {
   "redirect": {
    "extensionPath": "/web_accessible_resources/noop.html"
   },
   "type": "redirect"
  },
  "condition": {
   "initiatorDomains": [
    "pronpic.org"
   ],
   "requestDomains": [
    "pronpic.org"
   ],
   "resourceTypes": [
    "sub_frame"
   ]
  },
  "id": 5894,
  "priority": 2
 },
 {
  "action": {
   "redirect": {
    "extensionPath": "/web_accessible_resources/noop-0.1s.mp3"
   },
   "type": "redirect"
  },
  "condition": {
   "initiatorDomains": [
    "anidub.vip",
    "anidubonline.com",
    "loveanime.live"
   ],
   "requestDomains": [
    "loveanime.live"
   ],
   "resourceTypes": [
    "media"
   ]
  },
  "id": 5901,
  "priority": 2
 },
 {
  "action": {
   "redirect": {
    "extensionPath": "/web_accessible_resources/noop-0.1s.mp3"
   },
   "type": "redirect"
  },
  "condition": {
   "initiatorDomains": [
    "player-films.online"
   ],
   "isUrlFilterCaseSensitive": false,
   "resourceTypes": [
    "media"
   ],
   "urlFilter": "||s-cdn.org/promo/*.mp4"
  },
  "id": 5902,
  "priority": 2
 },
 {
  "action": {
   "redirect": {
    "extensionPath": "/web_accessible_resources/noop-0.1s.mp3"
   },
   "type": "redirect"
  },
  "condition": {
   "initiatorDomains": [
    "player-films.online"
   ],
   "isUrlFilterCaseSensitive": false,
   "resourceTypes": [
    "media"
   ],
   "urlFilter": "||s-club.tv/promo/*.mp4"
  },
  "id": 5903,
  "priority": 2
 },
 {
  "action": {
   "redirect": {
    "extensionPath": "/web_accessible_resources/empty"
   },
   "type": "redirect"
  },
  "condition": {
   "initiatorDomains": [
    "1tv.ru",
    "karaoke.ru",
    "mediavitrina.ru",
    "yastatic.net"
   ],
   "requestDomains": [
    "strm.yandex.ru"
   ],
   "resourceTypes": [
    "media"
   ]
  },
  "id": 5904,
  "priority": 2
 },
 {
  "action": {
   "redirect": {
    "extensionPath": "/web_accessible_resources/noop-0.1s.mp3"
   },
   "type": "redirect"
  },
  "condition": {
   "isUrlFilterCaseSensitive": false,
   "resourceTypes": [
    "media"
   ],
   "urlFilter": "||ts.kg/olol*.mp4"
  },
  "id": 5905,
  "priority": 2
 }
]
