[
 {
  "action": {
   "redirect": {
    "extensionPath": "/web_accessible_resources/noop.txt"
   },
   "type": "redirect"
  },
  "condition": {
   "initiatorDomains": [
    "jovempan.uol.com.br"
   ],
   "isUrlFilterCaseSensitive": false,
   "resourceTypes": [
    "image",
    "media",
    "other",
    "script",
    "stylesheet",
    "sub_frame",
    "xmlhttprequest"
   ],
   "urlFilter": "||static.criteo.net/js/px.js?ch="
  },
  "id": 943,
  "priority": 12
 },
 {
  "action": {
   "redirect": {
    "extensionPath": "/web_accessible_resources/noop.txt"
   },
   "type": "redirect"
  },
  "condition": {
   "initiatorDomains": [
    "jovempan.uol.com.br"
   ],
   "isUrlFilterCaseSensitive": false,
   "resourceTypes": [
    "image",
    "media",
    "other",
    "script",
    "stylesheet",
    "sub_frame",
    "xmlhttprequest"
   ],
   "urlFilter": "||cas.criteo.com/delivery/ajs.php"
  },
  "id": 944,
  "priority": 12
 },
 {
  "action": {
   "redirect": {
    "extensionPath": "/web_accessible_resources/1x1.gif"
   },
   "type": "redirect"
  },
  "condition": {
   "isUrlFilterCaseSensitive": false,
   "resourceTypes": [
    "image"
   ],
   "urlFilter": "||mundodonghua.com/ver/supreme-god-2/banner.gif?"
  },
  "id": 945,
  "priority": 12
 },
 {
  "action": {
   "redirect": {
    "extensionPath": "/web_accessible_resources/noop.js"
   },
   "type": "redirect"
  },
  "condition": {
   "initiatorDomains": [
    "baixedetudo.net.br",
    "fantasy.lu",
    "haddoz.net",
    "lawebdelprogramador.com",
    "saludmasya.com",
    "stardeos.com",
    "sudoroot.net",
    "tipsdesalud.tips",
    "xkekos.tv"
   ],
   "isUrlFilterCaseSensitive": false,
   "resourceTypes": [
    "script",
    "xmlhttprequest"
   ],
   "urlFilter": "||pagead2.googlesyndication.com/pagead/js/adsbygoogle.js"
  },
  "id": 946,
  "priority": 2
 },
 {
  "action": {
   "redirect": {
    "extensionPath": "/web_accessible_resources/googlesyndication_adsbygoogle.js"
   },
   "type": "redirect"
  },
  "condition": {
   "initiatorDomains": [
    "olhonaviagem.com"
   ],
   "isUrlFilterCaseSensitive": false,
   "resourceTypes": [
    "script"
   ],
   "urlFilter": "||pagead2.googlesyndication.com/pagead/js/adsbygoogle.js"
  },
  "id": 947,
  "priority": 2
 },
 {
  "action": {
   "redirect": {
    "extensionPath": "/web_accessible_resources/noop.js"
   },
   "type": "redirect"
  },
  "condition": {
   "initiatorDomains": [
    "juegos.news",
    "letrasdemusicas.org"
   ],
   "isUrlFilterCaseSensitive": false,
   "resourceTypes": [
    "script",
    "xmlhttprequest"
   ],
   "urlFilter": "||pagead2.googlesyndication.com/pagead/js/adsbygoogle.js"
  },
  "id": 948,
  "priority": 12
 },
 {
  "action": {
   "redirect": {
    "extensionPath": "/web_accessible_resources/googlesyndication_adsbygoogle.js"
   },
   "type": "redirect"
  },
  "condition": {
   "initiatorDomains": [
    "tvguia.es",
    "yesmangas1.com"
   ],
   "isUrlFilterCaseSensitive": false,
   "resourceTypes": [
    "script"
   ],
   "urlFilter": "||pagead2.googlesyndication.com/pagead/js/adsbygoogle.js"
  },
  "id": 949,
  "priority": 12
 },
 {
  "action": {
   "redirect": {
    "extensionPath": "/web_accessible_resources/googlesyndication_adsbygoogle.js"
   },
   "type": "redirect"
  },
  "condition": {
   "initiatorDomains": [
    "forum.lfspro.net",
    "kepahoo.com",
    "monarcamanga.com"
   ],
   "isUrlFilterCaseSensitive": false,
   "resourceTypes": [
    "script",
    "xmlhttprequest"
   ],
   "urlFilter": "||pagead2.googlesyndication.com/pagead/js/adsbygoogle.js"
  },
  "id": 950,
  "priority": 12
 },
 {
  "action": {
   "redirect": {
    "extensionPath": "/web_accessible_resources/noop.js"
   },
   "type": "redirect"
  },
  "condition": {
   "initiatorDomains": [
    "g1novelas.online",
    "g1novelas.org",
    "geeksweb.net",
    "sudoroot.net"
   ],
   "isUrlFilterCaseSensitive": false,
   "resourceTypes": [
    "script"
   ],
   "urlFilter": "||pagead2.googlesyndication.com/pagead/js/adsbygoogle.js"
  },
  "id": 951,
  "priority": 12
 },
 {
  "action": {
   "redirect": {
    "extensionPath": "/web_accessible_resources/noop.js"
   },
   "type": "redirect"
  },
  "condition": {
   "initiatorDomains": [
    "maringapost.com.br",
    "r7.com"
   ],
   "isUrlFilterCaseSensitive": false,
   "resourceTypes": [
    "script"
   ],
   "urlFilter": "||imasdk.googleapis.com/js/sdkloader/ima3.js"
  },
  "id": 952,
  "priority": 2
 },
 {
  "action": {
   "redirect": {
    "extensionPath": "/web_accessible_resources/noop.js"
   },
   "type": "redirect"
  },
  "condition": {
   "initiatorDomains": [
    "elcorreo.com"
   ],
   "isUrlFilterCaseSensitive": false,
   "resourceTypes": [
    "script"
   ],
   "urlFilter": "||static.vocento.com/dab/latest/strategy.js"
  },
  "id": 953,
  "priority": 12
 },
 {
  "action": {
   "redirect": {
    "extensionPath": "/web_accessible_resources/noop.js"
   },
   "type": "redirect"
  },
  "condition": {
   "initiatorDomains": [
    "cozinha.minhasdelicias.com",
    "sejasaudavel.net"
   ],
   "isUrlFilterCaseSensitive": false,
   "resourceTypes": [
    "script"
   ],
   "urlFilter": "||pagead2.googlesyndication.com/pagead/js/adsbygoogle.js"
  },
  "id": 954,
  "priority": 2
 },
 {
  "action": {
   "redirect": {
    "extensionPath": "/web_accessible_resources/googlesyndication_adsbygoogle.js"
   },
   "type": "redirect"
  },
  "condition": {
   "initiatorDomains": [
    "elquintobeatle.com",
    "empregoestagios.com",
    "satcesc.com"
   ],
   "isUrlFilterCaseSensitive": false,
   "resourceTypes": [
    "script",
    "xmlhttprequest"
   ],
   "urlFilter": "||pagead2.googlesyndication.com/pagead/js/adsbygoogle.js"
  },
  "id": 955,
  "priority": 2
 },
 {
  "action": {
   "redirect": {
    "extensionPath": "/web_accessible_resources/noop.js"
   },
   "type": "redirect"
  },
  "condition": {
   "initiatorDomains": [
    "anihub.tv"
   ],
   "isUrlFilterCaseSensitive": false,
   "resourceTypes": [
    "script"
   ],
   "urlFilter": "||st.bebi.com/bebi_v*.js"
  },
  "id": 956,
  "priority": 2
 },
 {
  "action": {
   "redirect": {
    "extensionPath": "/web_accessible_resources/noop.js"
   },
   "type": "redirect"
  },
  "condition": {
   "initiatorDomains": [
    "animesonline.cz",
    "anitube.cz"
   ],
   "isUrlFilterCaseSensitive": false,
   "resourceTypes": [
    "script"
   ],
   "urlFilter": "||cdn.adtrue.com/rtb/async.js"
  },
  "id": 957,
  "priority": 12
 },
 {
  "action": {
   "redirect": {
    "extensionPath": "/web_accessible_resources/noop.js"
   },
   "type": "redirect"
  },
  "condition": {
   "initiatorDomains": [
    "animesonline.cz",
    "anitube.cz"
   ],
   "isUrlFilterCaseSensitive": false,
   "resourceTypes": [
    "script"
   ],
   "urlFilter": "||cdn.onesignal.com/sdks/onesignalsdk.js"
  },
  "id": 958,
  "priority": 12
 },
 {
  "action": {
   "redirect": {
    "extensionPath": "/web_accessible_resources/noop.js"
   },
   "type": "redirect"
  },
  "condition": {
   "initiatorDomains": [
    "serieslatinoamerica.tv"
   ],
   "isUrlFilterCaseSensitive": false,
   "resourceTypes": [
    "script"
   ],
   "urlFilter": "/tghr.js"
  },
  "id": 959,
  "priority": 2
 },
 {
  "action": {
   "redirect": {
    "extensionPath": "/web_accessible_resources/googletagservices_gpt.js"
   },
   "type": "redirect"
  },
  "condition": {
   "initiatorDomains": [
    "jn.pt"
   ],
   "isUrlFilterCaseSensitive": false,
   "resourceTypes": [
    "script"
   ],
   "urlFilter": "||securepubads.g.doubleclick.net/tag/js/gpt.js"
  },
  "id": 960,
  "priority": 2
 },
 {
  "action": {
   "redirect": {
    "extensionPath": "/web_accessible_resources/googletagservices_gpt.js"
   },
   "type": "redirect"
  },
  "condition": {
   "initiatorDomains": [
    "downdetector.com.br"
   ],
   "isUrlFilterCaseSensitive": false,
   "resourceTypes": [
    "script"
   ],
   "urlFilter": "||googletagservices.com/tag/js/gpt.js"
  },
  "id": 961,
  "priority": 12
 },
 {
  "action": {
   "redirect": {
    "extensionPath": "/web_accessible_resources/noop.txt"
   },
   "type": "redirect"
  },
  "condition": {
   "initiatorDomains": [
    "comando.to"
   ],
   "requestDomains": [
    "aj1907.online"
   ],
   "resourceTypes": [
    "xmlhttprequest"
   ]
  },
  "id": 962,
  "priority": 2
 },
 {
  "action": {
   "redirect": {
    "extensionPath": "/web_accessible_resources/noop.txt"
   },
   "type": "redirect"
  },
  "condition": {
   "initiatorDomains": [
    "recetasdelaabuela.me"
   ],
   "isUrlFilterCaseSensitive": false,
   "resourceTypes": [
    "xmlhttprequest"
   ],
   "urlFilter": "||ads-twitter.com/uwt.js"
  },
  "id": 963,
  "priority": 12
 },
 {
  "action": {
   "redirect": {
    "extensionPath": "/web_accessible_resources/noop.txt"
   },
   "type": "redirect"
  },
  "condition": {
   "isUrlFilterCaseSensitive": false,
   "resourceTypes": [
    "xmlhttprequest"
   ],
   "urlFilter": "||mahimeta.com/networks/ad_code.php"
  },
  "id": 964,
  "priority": 2
 },
 {
  "action": {
   "redirect": {
    "extensionPath": "/web_accessible_resources/googlesyndication_adsbygoogle.js"
   },
   "type": "redirect"
  },
  "condition": {
   "initiatorDomains": [
    "funzen.net"
   ],
   "isUrlFilterCaseSensitive": false,
   "resourceTypes": [
    "xmlhttprequest"
   ],
   "urlFilter": "||pagead2.googlesyndication.com/pagead/js/adsbygoogle.js"
  },
  "id": 965,
  "priority": 12
 },
 {
  "action": {
   "redirect": {
    "extensionPath": "/web_accessible_resources/noop-0.1s.mp3"
   },
   "type": "redirect"
  },
  "condition": {
   "initiatorDomains": [
    "pobre.wtf"
   ],
   "isUrlFilterCaseSensitive": false,
   "resourceTypes": [
    "media"
   ],
   "urlFilter": "||cloud.mail.ru/weblink/view/*?advideo"
  },
  "id": 966,
  "priority": 2
 },
 {
  "action": {
   "redirect": {
    "extensionPath": "/web_accessible_resources/noop-0.1s.mp3"
   },
   "type": "redirect"
  },
  "condition": {
   "initiatorDomains": [
    "player.hentaistube.com"
   ],
   "isUrlFilterCaseSensitive": false,
   "resourceTypes": [
    "media"
   ],
   "urlFilter": "||baixarhentais.com/*/*-pre-roll-*.mp4"
  },
  "id": 967,
  "priority": 2
 },
 {
  "action": {
   "redirect": {
    "extensionPath": "/web_accessible_resources/noop-0.1s.mp3"
   },
   "type": "redirect"
  },
  "condition": {
   "isUrlFilterCaseSensitive": false,
   "resourceTypes": [
    "media"
   ],
   "urlFilter": "||pobre.tv/videos/bt.mp4"
  },
  "id": 968,
  "priority": 2
 },
 {
  "action": {
   "redirect": {
    "extensionPath": "/web_accessible_resources/noop-1s.mp4"
   },
   "type": "redirect"
  },
  "condition": {
   "isUrlFilterCaseSensitive": false,
   "resourceTypes": [
    "media"
   ],
   "urlFilter": "||hentaiporno.xxx/wp-content/uploads/*/*_video.mp4.mp4"
  },
  "id": 969,
  "priority": 2
 }
]
