[
 {
  "action": {
   "redirect": {
    "extensionPath": "/web_accessible_resources/noop-1s.mp4"
   },
   "type": "redirect"
  },
  "condition": {
   "initiatorDomains": [
    "thmovieshd.com"
   ],
   "isUrlFilterCaseSensitive": false,
   "resourceTypes": [
    "media"
   ],
   "urlFilter": "||b-cdn.net/ssd1/ads/*.mp4"
  },
  "id": 751,
  "priority": 12
 },
 {
  "action": {
   "redirect": {
    "extensionPath": "/web_accessible_resources/noop-0.1s.mp3"
   },
   "type": "redirect"
  },
  "condition": {
   "domainType": "thirdParty",
   "initiatorDomains": [
    "hdd.moviefun24.com"
   ],
   "resourceTypes": [
    "media"
   ]
  },
  "id": 752,
  "priority": 2
 }
]
