[
 {
  "action": {
   "redirect": {
    "extensionPath": "/web_accessible_resources/noop-0.1s.mp3"
   },
   "type": "redirect"
  },
  "condition": {
   "initiatorDomains": [
    "phimchat1.net"
   ],
   "isUrlFilterCaseSensitive": false,
   "urlFilter": "||phimchat1.net/public/*.mp4"
  },
  "id": 504,
  "priority": 2
 },
 {
  "action": {
   "redirect": {
    "extensionPath": "/web_accessible_resources/noop-0.1s.mp3"
   },
   "type": "redirect"
  },
  "condition": {
   "initiatorDomains": [
    "xemphim365.org"
   ],
   "isUrlFilterCaseSensitive": false,
   "urlFilter": "||xemphim365.org/public/*.mp4"
  },
  "id": 505,
  "priority": 2
 },
 {
  "action": {
   "redirect": {
    "extensionPath": "/web_accessible_resources/noop-0.1s.mp3"
   },
   "type": "redirect"
  },
  "condition": {
   "initiatorDomains": [
    "phimbo88.org"
   ],
   "isUrlFilterCaseSensitive": false,
   "resourceTypes": [
    "media"
   ],
   "urlFilter": "||fimhay1.com/public/"
  },
  "id": 506,
  "priority": 2
 },
 {
  "action": {
   "redirect": {
    "extensionPath": "/web_accessible_resources/noop-0.1s.mp3"
   },
   "type": "redirect"
  },
  "condition": {
   "initiatorDomains": [
    "phimnet.one"
   ],
   "isUrlFilterCaseSensitive": false,
   "resourceTypes": [
    "media"
   ],
   "urlFilter": "||phimnet.one/uploads/videos/"
  },
  "id": 507,
  "priority": 2
 }
]
