[
 {
  "id": "default",
  "name": "Ads, trackers, miners, and more",
  "enabled": true,
  "homeURL": "https://github.com/uBlockOrigin/uAssets",
  "filters": {
   "total": 80992,
   "accepted": 78511,
   "rejected": 172
  },
  "rules": {
   "total": 20945,
   "plain": 20184,
   "regex": 138,
   "removeparam": 25,
   "redirect": 308,
   "csp": 59,
   "discarded": 11,
   "rejected": 231
  },
  "css": {
   "generic": {
    "count": 16535,
    "exclusionCount": 0
   },
   "specific": {
    "domainBased": 5139,
    "entityBased": 348
   },
   "declarative": 280,
   "procedural": 472
  },
  "scriptlets": {
   "domainBasedTokens": [
    "json-prune",
    "set-constant",
    "no-settimeout-if",
    "abort-on-property-read",
    "no-addeventlistener-if",
    "no-setinterval-if",
    "no-fetch-if",
    "abort-current-script",
    "no-windowopen-if",
    "abort-on-property-write",
    "no-xhr-if"
   ],
   "entityBasedTokens": [
    "no-settimeout-if",
    "no-addeventlistener-if",
    "abort-on-property-read",
    "abort-current-script",
    "set-constant",
    "no-windowopen-if",
    "abort-on-property-write"
   ]
  }
 },
 {
  "id": "alb-0",
  "name": "ALB: Adblock List for Albania",
  "enabled": false,
  "lang": "sq",
  "homeURL": "https://github.com/AnXh3L0/blocklist",
  "filters": {
   "total": 34,
   "accepted": 31,
   "rejected": 0
  },
  "rules": {
   "total": 28,
   "plain": 25,
   "regex": 0,
   "removeparam": 0,
   "redirect": 0,
   "csp": 0,
   "discarded": 0,
   "rejected": 3
  },
  "css": {
   "generic": {
    "count": 6,
    "exclusionCount": 0
   },
   "specific": {
    "domainBased": 104,
    "entityBased": 2
   },
   "declarative": 2,
   "procedural": 4
  }
 },
 {
  "id": "bgr-0",
  "name": "BGR: Bulgarian Adblock list",
  "enabled": false,
  "lang": "bg mk",
  "homeURL": "https://stanev.org/abp/",
  "filters": {
   "total": 673,
   "accepted": 673,
   "rejected": 0
  },
  "rules": {
   "total": 662,
   "plain": 662,
   "regex": 0,
   "removeparam": 0,
   "redirect": 0,
   "csp": 0,
   "discarded": 0,
   "rejected": 0
  },
  "css": {
   "generic": {
    "count": 3,
    "exclusionCount": 0
   },
   "specific": {
    "domainBased": 185,
    "entityBased": 0
   },
   "declarative": 0,
   "procedural": 0
  }
 },
 {
  "id": "chn-0",
  "name": "CHN: AdGuard Chinese (中文)",
  "enabled": false,
  "lang": "ug zh",
  "homeURL": "https://github.com/AdguardTeam/AdguardFilters#adguard-filters",
  "filters": {
   "total": 17215,
   "accepted": 17167,
   "rejected": 0
  },
  "rules": {
   "total": 6489,
   "plain": 6429,
   "regex": 11,
   "removeparam": 0,
   "redirect": 37,
   "csp": 7,
   "discarded": 0,
   "rejected": 5
  },
  "css": {
   "generic": {
    "count": 691,
    "exclusionCount": 0
   },
   "specific": {
    "domainBased": 2615,
    "entityBased": 2
   },
   "declarative": 52,
   "procedural": 91
  },
  "scriptlets": {
   "domainBasedTokens": [
    "set-constant",
    "no-settimeout-if",
    "abort-current-script",
    "no-fetch-if",
    "no-addeventlistener-if",
    "no-setinterval-if",
    "abort-on-property-read",
    "abort-on-property-write",
    "json-prune",
    "no-windowopen-if"
   ],
   "entityBasedTokens": [
    "abort-current-script"
   ]
  }
 },
 {
  "id": "cze-0",
  "name": "CZE, SVK: EasyList Czech and Slovak",
  "enabled": false,
  "lang": "cs sk",
  "homeURL": "https://github.com/tomasko126/easylistczechandslovak",
  "filters": {
   "total": 229,
   "accepted": 229,
   "rejected": 0
  },
  "rules": {
   "total": 122,
   "plain": 117,
   "regex": 0,
   "removeparam": 0,
   "redirect": 4,
   "csp": 1,
   "discarded": 0,
   "rejected": 0
  },
  "css": {
   "generic": {
    "count": 36,
    "exclusionCount": 0
   },
   "specific": {
    "domainBased": 149,
    "entityBased": 0
   },
   "declarative": 7,
   "procedural": 5
  },
  "scriptlets": {
   "domainBasedTokens": [
    "abort-on-property-read",
    "abort-current-script",
    "set-constant",
    "abort-on-property-write",
    "no-addeventlistener-if",
    "no-setinterval-if"
   ]
  }
 },
 {
  "id": "deu-0",
  "name": "DEU: EasyList Germany",
  "enabled": false,
  "lang": "de dsb hsb lb rm",
  "homeURL": "https://forums.lanik.us/viewforum.php?f=90",
  "filters": {
   "total": 2232,
   "accepted": 2232,
   "rejected": 0
  },
  "rules": {
   "total": 1721,
   "plain": 1715,
   "regex": 4,
   "removeparam": 0,
   "redirect": 0,
   "csp": 0,
   "discarded": 0,
   "rejected": 2
  },
  "css": {
   "generic": {
    "count": 354,
    "exclusionCount": 0
   },
   "specific": {
    "domainBased": 1246,
    "entityBased": 0
   },
   "declarative": 0,
   "procedural": 55
  }
 },
 {
  "id": "fin-0",
  "name": "FIN: Adblock List for Finland",
  "enabled": false,
  "lang": "fi",
  "homeURL": "https://github.com/finnish-easylist-addition/finnish-easylist-addition",
  "filters": {
   "total": 181,
   "accepted": 181,
   "rejected": 0
  },
  "rules": {
   "total": 160,
   "plain": 151,
   "regex": 3,
   "removeparam": 0,
   "redirect": 3,
   "csp": 0,
   "discarded": 0,
   "rejected": 3
  },
  "css": {
   "generic": {
    "count": 52,
    "exclusionCount": 0
   },
   "specific": {
    "domainBased": 431,
    "entityBased": 0
   },
   "declarative": 15,
   "procedural": 94
  },
  "scriptlets": {
   "domainBasedTokens": [
    "no-settimeout-if",
    "abort-current-script",
    "abort-on-property-read"
   ]
  }
 },
 {
  "id": "fra-0",
  "name": "FRA: AdGuard Français",
  "enabled": false,
  "lang": "ar br ff fr lb oc son",
  "homeURL": "https://github.com/AdguardTeam/AdguardFilters#adguard-filters",
  "filters": {
   "total": 21122,
   "accepted": 20576,
   "rejected": 525
  },
  "rules": {
   "total": 6588,
   "plain": 6535,
   "regex": 7,
   "removeparam": 0,
   "redirect": 31,
   "csp": 6,
   "discarded": 0,
   "rejected": 9
  },
  "css": {
   "generic": {
    "count": 2420,
    "exclusionCount": 0
   },
   "specific": {
    "domainBased": 1177,
    "entityBased": 2
   },
   "declarative": 35,
   "procedural": 78
  },
  "scriptlets": {
   "domainBasedTokens": [
    "abort-current-script",
    "no-settimeout-if",
    "no-fetch-if",
    "set-constant",
    "abort-on-property-read",
    "abort-on-property-write",
    "no-setinterval-if",
    "no-addeventlistener-if",
    "json-prune",
    "no-xhr-if",
    "no-windowopen-if"
   ]
  }
 },
 {
  "id": "grc-0",
  "name": "GRC: Greek AdBlock Filter",
  "enabled": false,
  "lang": "el",
  "homeURL": "https://github.com/kargig/greek-adblockplus-filter",
  "filters": {
   "total": 446,
   "accepted": 446,
   "rejected": 0
  },
  "rules": {
   "total": 412,
   "plain": 412,
   "regex": 0,
   "removeparam": 0,
   "redirect": 0,
   "csp": 0,
   "discarded": 0,
   "rejected": 0
  },
  "css": {
   "generic": {
    "count": 1,
    "exclusionCount": 0
   },
   "specific": {
    "domainBased": 166,
    "entityBased": 0
   },
   "declarative": 5,
   "procedural": 2
  }
 },
 {
  "id": "hun-0",
  "name": "HUN: hufilter",
  "enabled": false,
  "lang": "hu",
  "homeURL": "https://github.com/hufilter/hufilter",
  "filters": {
   "total": 327,
   "accepted": 327,
   "rejected": 0
  },
  "rules": {
   "total": 203,
   "plain": 200,
   "regex": 1,
   "removeparam": 0,
   "redirect": 2,
   "csp": 0,
   "discarded": 0,
   "rejected": 0
  },
  "css": {
   "generic": {
    "count": 60,
    "exclusionCount": 0
   },
   "specific": {
    "domainBased": 442,
    "entityBased": 0
   },
   "declarative": 15,
   "procedural": 20
  },
  "scriptlets": {
   "domainBasedTokens": [
    "abort-current-script",
    "set-constant",
    "no-settimeout-if",
    "abort-on-property-read",
    "abort-on-property-write",
    "no-addeventlistener-if"
   ]
  }
 },
 {
  "id": "idn-0",
  "name": "IDN, MYS: ABPindo",
  "enabled": false,
  "lang": "id ms",
  "homeURL": "https://github.com/ABPindo/indonesianadblockrules",
  "filters": {
   "total": 3997,
   "accepted": 3997,
   "rejected": 0
  },
  "rules": {
   "total": 3016,
   "plain": 3016,
   "regex": 0,
   "removeparam": 0,
   "redirect": 0,
   "csp": 0,
   "discarded": 0,
   "rejected": 0
  },
  "css": {
   "generic": {
    "count": 221,
    "exclusionCount": 0
   },
   "specific": {
    "domainBased": 412,
    "entityBased": 0
   },
   "declarative": 2,
   "procedural": 0
  }
 },
 {
  "id": "ind-0",
  "name": "IND, LKA, NPL: IndianList",
  "enabled": false,
  "lang": "as bn gu hi kn ml mr ne pa si ta te",
  "homeURL": "https://github.com/mediumkreation/IndianList",
  "filters": {
   "total": 5322,
   "accepted": 5322,
   "rejected": 0
  },
  "rules": {
   "total": 5277,
   "plain": 5277,
   "regex": 0,
   "removeparam": 0,
   "redirect": 0,
   "csp": 0,
   "discarded": 0,
   "rejected": 0
  },
  "css": {
   "generic": {
    "count": 0,
    "exclusionCount": 0
   },
   "specific": {
    "domainBased": 2451,
    "entityBased": 0
   },
   "declarative": 0,
   "procedural": 58
  }
 },
 {
  "id": "irn-0",
  "name": "IRN: PersianBlocker",
  "enabled": false,
  "lang": "fa ps tg",
  "homeURL": "https://github.com/MasterKia/PersianBlocker",
  "filters": {
   "total": 1503,
   "accepted": 1503,
   "rejected": 0
  },
  "rules": {
   "total": 598,
   "plain": 560,
   "regex": 2,
   "removeparam": 9,
   "redirect": 0,
   "csp": 0,
   "discarded": 26,
   "rejected": 27
  },
  "css": {
   "generic": {
    "count": 16,
    "exclusionCount": 0
   },
   "specific": {
    "domainBased": 368,
    "entityBased": 0
   },
   "declarative": 41,
   "procedural": 95
  },
  "scriptlets": {
   "domainBasedTokens": [
    "abort-current-script",
    "no-windowopen-if",
    "no-xhr-if",
    "set-constant",
    "abort-on-property-read",
    "json-prune",
    "no-addeventlistener-if",
    "no-settimeout-if"
   ]
  }
 },
 {
  "id": "isl-0",
  "name": "ISL: Icelandic ABP List",
  "enabled": false,
  "lang": "is",
  "homeURL": "https://adblock.gardar.net/",
  "filters": {
   "total": 68,
   "accepted": 68,
   "rejected": 0
  },
  "rules": {
   "total": 68,
   "plain": 68,
   "regex": 0,
   "removeparam": 0,
   "redirect": 0,
   "csp": 0,
   "discarded": 0,
   "rejected": 0
  },
  "css": {
   "generic": {
    "count": 0,
    "exclusionCount": 0
   },
   "specific": {
    "domainBased": 43,
    "entityBased": 0
   },
   "declarative": 0,
   "procedural": 0
  }
 },
 {
  "id": "isr-0",
  "name": "ISR: EasyList Hebrew",
  "enabled": false,
  "lang": "he",
  "homeURL": "https://github.com/easylist/EasyListHebrew",
  "filters": {
   "total": 714,
   "accepted": 713,
   "rejected": 1
  },
  "rules": {
   "total": 276,
   "plain": 251,
   "regex": 4,
   "removeparam": 0,
   "redirect": 10,
   "csp": 1,
   "discarded": 0,
   "rejected": 10
  },
  "css": {
   "generic": {
    "count": 5,
    "exclusionCount": 0
   },
   "specific": {
    "domainBased": 122,
    "entityBased": 1
   },
   "declarative": 3,
   "procedural": 2
  },
  "scriptlets": {
   "domainBasedTokens": [
    "abort-on-property-read",
    "no-settimeout-if",
    "abort-on-property-write",
    "no-windowopen-if",
    "no-addeventlistener-if",
    "set-constant",
    "abort-current-script"
   ]
  }
 },
 {
  "id": "ita-0",
  "name": "ITA: EasyList Italy",
  "enabled": false,
  "lang": "it lij",
  "homeURL": "https://forums.lanik.us/viewforum.php?f=96",
  "filters": {
   "total": 5719,
   "accepted": 5719,
   "rejected": 0
  },
  "rules": {
   "total": 5443,
   "plain": 5439,
   "regex": 4,
   "removeparam": 0,
   "redirect": 0,
   "csp": 0,
   "discarded": 0,
   "rejected": 0
  },
  "css": {
   "generic": {
    "count": 361,
    "exclusionCount": 0
   },
   "specific": {
    "domainBased": 2127,
    "entityBased": 0
   },
   "declarative": 0,
   "procedural": 22
  }
 },
 {
  "id": "jpn-1",
  "name": "JPN: AdGuard Japanese",
  "enabled": false,
  "lang": "ja",
  "homeURL": "https://github.com/AdguardTeam/AdguardFilters#adguard-filters",
  "filters": {
   "total": 1482,
   "accepted": 1481,
   "rejected": 0
  },
  "rules": {
   "total": 1000,
   "plain": 963,
   "regex": 13,
   "removeparam": 0,
   "redirect": 21,
   "csp": 0,
   "discarded": 1,
   "rejected": 3
  },
  "css": {
   "generic": {
    "count": 81,
    "exclusionCount": 0
   },
   "specific": {
    "domainBased": 2470,
    "entityBased": 7
   },
   "declarative": 107,
   "procedural": 624
  },
  "scriptlets": {
   "domainBasedTokens": [
    "set-constant",
    "no-fetch-if",
    "abort-current-script",
    "no-settimeout-if",
    "no-addeventlistener-if",
    "abort-on-property-read",
    "json-prune",
    "no-windowopen-if"
   ],
   "entityBasedTokens": [
    "no-settimeout-if",
    "abort-current-script"
   ]
  }
 },
 {
  "id": "kor-1",
  "name": "KOR: List-KR",
  "enabled": false,
  "lang": "ko",
  "homeURL": "https://github.com/List-KR/List-KR#readme",
  "filters": {
   "total": 1145,
   "accepted": 1139,
   "rejected": 0
  },
  "rules": {
   "total": 828,
   "plain": 668,
   "regex": 131,
   "removeparam": 1,
   "redirect": 20,
   "csp": 0,
   "discarded": 0,
   "rejected": 8
  },
  "css": {
   "generic": {
    "count": 5,
    "exclusionCount": 0
   },
   "specific": {
    "domainBased": 561,
    "entityBased": 0
   },
   "declarative": 94,
   "procedural": 144
  },
  "scriptlets": {
   "domainBasedTokens": [
    "abort-current-script",
    "json-prune",
    "no-settimeout-if",
    "set-constant",
    "no-xhr-if",
    "abort-on-property-read",
    "no-fetch-if"
   ]
  }
 },
 {
  "id": "ltu-0",
  "name": "LTU: EasyList Lithuania",
  "enabled": false,
  "lang": "lt",
  "homeURL": "https://github.com/EasyList-Lithuania/easylist_lithuania",
  "filters": {
   "total": 570,
   "accepted": 570,
   "rejected": 0
  },
  "rules": {
   "total": 525,
   "plain": 521,
   "regex": 1,
   "removeparam": 0,
   "redirect": 3,
   "csp": 0,
   "discarded": 0,
   "rejected": 0
  },
  "css": {
   "generic": {
    "count": 5,
    "exclusionCount": 0
   },
   "specific": {
    "domainBased": 294,
    "entityBased": 0
   },
   "declarative": 5,
   "procedural": 15
  },
  "scriptlets": {
   "domainBasedTokens": [
    "abort-current-script",
    "no-settimeout-if",
    "abort-on-property-read",
    "no-windowopen-if"
   ]
  }
 },
 {
  "id": "lva-0",
  "name": "LVA: Latvian List",
  "enabled": false,
  "lang": "lv",
  "homeURL": "https://github.com/Latvian-List/adblock-latvian",
  "filters": {
   "total": 185,
   "accepted": 185,
   "rejected": 0
  },
  "rules": {
   "total": 144,
   "plain": 144,
   "regex": 0,
   "removeparam": 0,
   "redirect": 0,
   "csp": 0,
   "discarded": 0,
   "rejected": 0
  },
  "css": {
   "generic": {
    "count": 0,
    "exclusionCount": 0
   },
   "specific": {
    "domainBased": 62,
    "entityBased": 0
   },
   "declarative": 0,
   "procedural": 0
  }
 },
 {
  "id": "mkd-0",
  "name": "MKD: Macedonian adBlock Filters",
  "enabled": false,
  "lang": "mk",
  "homeURL": "https://github.com/DeepSpaceHarbor/Macedonian-adBlock-Filters",
  "filters": {
   "total": 288,
   "accepted": 288,
   "rejected": 0
  },
  "rules": {
   "total": 156,
   "plain": 155,
   "regex": 0,
   "removeparam": 0,
   "redirect": 0,
   "csp": 0,
   "discarded": 0,
   "rejected": 1
  },
  "css": {
   "generic": {
    "count": 2,
    "exclusionCount": 0
   },
   "specific": {
    "domainBased": 125,
    "entityBased": 0
   },
   "declarative": 0,
   "procedural": 0
  }
 },
 {
  "id": "nld-0",
  "name": "NLD: EasyDutch",
  "enabled": false,
  "lang": "af fy nl",
  "homeURL": "https://github.com/EasyDutch-uBO/EasyDutch/",
  "filters": {
   "total": 766,
   "accepted": 761,
   "rejected": 0
  },
  "rules": {
   "total": 653,
   "plain": 646,
   "regex": 4,
   "removeparam": 0,
   "redirect": 2,
   "csp": 0,
   "discarded": 0,
   "rejected": 1
  },
  "css": {
   "generic": {
    "count": 15,
    "exclusionCount": 0
   },
   "specific": {
    "domainBased": 669,
    "entityBased": 1
   },
   "declarative": 5,
   "procedural": 179
  },
  "scriptlets": {
   "domainBasedTokens": [
    "no-settimeout-if",
    "abort-current-script",
    "set-constant",
    "abort-on-property-write",
    "abort-on-property-read",
    "no-addeventlistener-if",
    "no-windowopen-if",
    "no-setinterval-if"
   ]
  }
 },
 {
  "id": "nor-0",
  "name": "NOR, DNK, ISL: Dandelion Sprouts nordiske filtre",
  "enabled": false,
  "lang": "nb nn no da is",
  "homeURL": "https://github.com/DandelionSprout/adfilt",
  "filters": {
   "total": 1165,
   "accepted": 1158,
   "rejected": 0
  },
  "rules": {
   "total": 503,
   "plain": 450,
   "regex": 3,
   "removeparam": 25,
   "redirect": 3,
   "csp": 1,
   "discarded": 4,
   "rejected": 21
  },
  "css": {
   "generic": {
    "count": 124,
    "exclusionCount": 0
   },
   "specific": {
    "domainBased": 495,
    "entityBased": 13
   },
   "declarative": 29,
   "procedural": 124
  },
  "scriptlets": {
   "domainBasedTokens": [
    "set-constant",
    "abort-current-script",
    "abort-on-property-read",
    "json-prune",
    "abort-on-property-write",
    "no-fetch-if",
    "no-addeventlistener-if"
   ],
   "entityBasedTokens": [
    "no-addeventlistener-if",
    "set-constant",
    "abort-current-script",
    "abort-on-property-write"
   ]
  }
 },
 {
  "id": "pol-0",
  "name": "POL: Oficjalne Polskie Filtry do AdBlocka, uBlocka Origin i AdGuarda",
  "enabled": false,
  "lang": "szl pl",
  "homeURL": "https://github.com/MajkiIT/polish-ads-filter/issues",
  "filters": {
   "total": 1435,
   "accepted": 1433,
   "rejected": 1
  },
  "rules": {
   "total": 1055,
   "plain": 974,
   "regex": 44,
   "removeparam": 0,
   "redirect": 27,
   "csp": 0,
   "discarded": 0,
   "rejected": 10
  },
  "css": {
   "generic": {
    "count": 61,
    "exclusionCount": 0
   },
   "specific": {
    "domainBased": 2709,
    "entityBased": 0
   },
   "declarative": 99,
   "procedural": 75
  },
  "scriptlets": {
   "domainBasedTokens": [
    "no-windowopen-if",
    "abort-on-property-write",
    "no-settimeout-if",
    "abort-current-script",
    "abort-on-property-read",
    "set-constant",
    "no-addeventlistener-if",
    "no-setinterval-if"
   ]
  }
 },
 {
  "id": "rou-1",
  "name": "ROU: Romanian Ad (ROad) Block List Light",
  "enabled": false,
  "lang": "ro",
  "homeURL": "https://github.com/tcptomato/ROad-Block",
  "filters": {
   "total": 522,
   "accepted": 521,
   "rejected": 0
  },
  "rules": {
   "total": 416,
   "plain": 413,
   "regex": 3,
   "removeparam": 0,
   "redirect": 0,
   "csp": 0,
   "discarded": 0,
   "rejected": 0
  },
  "css": {
   "generic": {
    "count": 9,
    "exclusionCount": 0
   },
   "specific": {
    "domainBased": 276,
    "entityBased": 0
   },
   "declarative": 0,
   "procedural": 32
  }
 },
 {
  "id": "rus-0",
  "name": "RUS: RU AdList",
  "enabled": false,
  "lang": "be kk tt ru uk uz",
  "homeURL": "https://forums.lanik.us/viewforum.php?f=102",
  "filters": {
   "total": 17238,
   "accepted": 17226,
   "rejected": 8
  },
  "rules": {
   "total": 5912,
   "plain": 5827,
   "regex": 21,
   "removeparam": 13,
   "redirect": 17,
   "csp": 29,
   "discarded": 2,
   "rejected": 5
  },
  "css": {
   "generic": {
    "count": 307,
    "exclusionCount": 0
   },
   "specific": {
    "domainBased": 5274,
    "entityBased": 0
   },
   "declarative": 509,
   "procedural": 221
  },
  "scriptlets": {
   "domainBasedTokens": [
    "abort-current-script",
    "abort-on-property-read",
    "abort-on-property-write",
    "no-addeventlistener-if",
    "json-prune",
    "no-setinterval-if",
    "no-settimeout-if",
    "no-xhr-if",
    "set-constant",
    "no-windowopen-if"
   ],
   "entityBasedTokens": [
    "abort-current-script",
    "set-constant",
    "abort-on-property-read",
    "no-settimeout-if"
   ]
  }
 },
 {
  "id": "spa-0",
  "name": "spa: EasyList Spanish",
  "enabled": false,
  "lang": "an ast ca cak es eu gn gl trs quz",
  "homeURL": "https://forums.lanik.us/viewforum.php?f=103",
  "filters": {
   "total": 1196,
   "accepted": 1196,
   "rejected": 0
  },
  "rules": {
   "total": 695,
   "plain": 688,
   "regex": 7,
   "removeparam": 0,
   "redirect": 0,
   "csp": 0,
   "discarded": 0,
   "rejected": 0
  },
  "css": {
   "generic": {
    "count": 236,
    "exclusionCount": 0
   },
   "specific": {
    "domainBased": 817,
    "entityBased": 0
   },
   "declarative": 0,
   "procedural": 20
  }
 },
 {
  "id": "spa-1",
  "name": "spa, por: AdGuard Spanish/Portuguese",
  "enabled": false,
  "lang": "an ast ca cak es eu gl gn trs pt quz",
  "homeURL": "https://github.com/AdguardTeam/AdguardFilters#adguard-filters",
  "filters": {
   "total": 1459,
   "accepted": 1453,
   "rejected": 0
  },
  "rules": {
   "total": 973,
   "plain": 936,
   "regex": 6,
   "removeparam": 0,
   "redirect": 27,
   "csp": 0,
   "discarded": 0,
   "rejected": 4
  },
  "css": {
   "generic": {
    "count": 82,
    "exclusionCount": 0
   },
   "specific": {
    "domainBased": 1159,
    "entityBased": 5
   },
   "declarative": 76,
   "procedural": 124
  },
  "scriptlets": {
   "domainBasedTokens": [
    "no-fetch-if",
    "abort-current-script",
    "no-xhr-if",
    "set-constant",
    "no-settimeout-if",
    "no-setinterval-if",
    "abort-on-property-read",
    "abort-on-property-write",
    "no-addeventlistener-if",
    "no-windowopen-if",
    "json-prune"
   ],
   "entityBasedTokens": [
    "set-constant",
    "no-windowopen-if",
    "abort-on-property-read",
    "abort-current-script"
   ]
  }
 },
 {
  "id": "svn-0",
  "name": "SVN: Slovenian List",
  "enabled": false,
  "lang": "sl",
  "homeURL": "https://github.com/betterwebleon/slovenian-list",
  "filters": {
   "total": 148,
   "accepted": 148,
   "rejected": 0
  },
  "rules": {
   "total": 103,
   "plain": 103,
   "regex": 0,
   "removeparam": 0,
   "redirect": 0,
   "csp": 0,
   "discarded": 0,
   "rejected": 0
  },
  "css": {
   "generic": {
    "count": 4,
    "exclusionCount": 0
   },
   "specific": {
    "domainBased": 167,
    "entityBased": 0
   },
   "declarative": 0,
   "procedural": 2
  }
 },
 {
  "id": "swe-1",
  "name": "SWE: Frellwit's Swedish Filter",
  "enabled": false,
  "lang": "sv",
  "homeURL": "https://github.com/lassekongo83/Frellwits-filter-lists",
  "filters": {
   "total": 1579,
   "accepted": 1579,
   "rejected": 0
  },
  "rules": {
   "total": 1202,
   "plain": 1182,
   "regex": 2,
   "removeparam": 4,
   "redirect": 9,
   "csp": 2,
   "discarded": 3,
   "rejected": 3
  },
  "css": {
   "generic": {
    "count": 143,
    "exclusionCount": 0
   },
   "specific": {
    "domainBased": 605,
    "entityBased": 0
   },
   "declarative": 65,
   "procedural": 226
  },
  "scriptlets": {
   "domainBasedTokens": [
    "no-settimeout-if",
    "json-prune",
    "abort-current-script",
    "no-addeventlistener-if",
    "set-constant",
    "abort-on-property-write",
    "no-setinterval-if",
    "abort-on-property-read"
   ]
  }
 },
 {
  "id": "tha-0",
  "name": "THA: EasyList Thailand",
  "enabled": false,
  "lang": "th",
  "homeURL": "https://github.com/easylist-thailand/easylist-thailand",
  "filters": {
   "total": 763,
   "accepted": 763,
   "rejected": 0
  },
  "rules": {
   "total": 752,
   "plain": 748,
   "regex": 2,
   "removeparam": 0,
   "redirect": 2,
   "csp": 0,
   "discarded": 0,
   "rejected": 0
  },
  "css": {
   "generic": {
    "count": 0,
    "exclusionCount": 0
   },
   "specific": {
    "domainBased": 179,
    "entityBased": 0
   },
   "declarative": 0,
   "procedural": 11
  },
  "scriptlets": {
   "domainBasedTokens": [
    "abort-on-property-read",
    "set-constant",
    "json-prune"
   ]
  }
 },
 {
  "id": "tur-0",
  "name": "TUR: AdGuard Turkish",
  "enabled": false,
  "lang": "tr",
  "homeURL": "https://github.com/AdguardTeam/AdguardFilters#adguard-filters",
  "filters": {
   "total": 1737,
   "accepted": 1736,
   "rejected": 0
  },
  "rules": {
   "total": 1305,
   "plain": 1265,
   "regex": 13,
   "removeparam": 0,
   "redirect": 17,
   "csp": 0,
   "discarded": 0,
   "rejected": 10
  },
  "css": {
   "generic": {
    "count": 121,
    "exclusionCount": 0
   },
   "specific": {
    "domainBased": 1594,
    "entityBased": 43
   },
   "declarative": 123,
   "procedural": 219
  },
  "scriptlets": {
   "domainBasedTokens": [
    "no-settimeout-if",
    "set-constant",
    "no-fetch-if",
    "abort-on-property-read",
    "no-xhr-if",
    "abort-current-script",
    "abort-on-property-write",
    "no-addeventlistener-if",
    "json-prune",
    "no-windowopen-if",
    "no-setinterval-if"
   ],
   "entityBasedTokens": [
    "set-constant",
    "no-addeventlistener-if",
    "abort-on-property-read",
    "no-settimeout-if",
    "no-windowopen-if"
   ]
  }
 },
 {
  "id": "vie-1",
  "name": "VIE: ABPVN List",
  "enabled": false,
  "lang": "vi",
  "homeURL": "https://abpvn.com/",
  "filters": {
   "total": 618,
   "accepted": 618,
   "rejected": 0
  },
  "rules": {
   "total": 507,
   "plain": 500,
   "regex": 3,
   "removeparam": 0,
   "redirect": 4,
   "csp": 0,
   "discarded": 0,
   "rejected": 0
  },
  "css": {
   "generic": {
    "count": 9,
    "exclusionCount": 0
   },
   "specific": {
    "domainBased": 375,
    "entityBased": 0
   },
   "declarative": 3,
   "procedural": 2
  },
  "scriptlets": {
   "domainBasedTokens": [
    "abort-on-property-read",
    "abort-current-script",
    "no-addeventlistener-if",
    "abort-on-property-write",
    "no-fetch-if",
    "no-settimeout-if",
    "set-constant",
    "json-prune",
    "no-xhr-if"
   ]
  }
 },
 {
  "id": "block-lan",
  "name": "Block Outsider Intrusion into LAN",
  "enabled": false,
  "homeURL": "https://github.com/uBlockOrigin/uAssets",
  "filters": {
   "total": 44,
   "accepted": 44,
   "rejected": 0
  },
  "rules": {
   "total": 10,
   "plain": 4,
   "regex": 6,
   "removeparam": 0,
   "redirect": 0,
   "csp": 0,
   "discarded": 0,
   "rejected": 0
  },
  "css": {
   "generic": {
    "count": 0,
    "exclusionCount": 0
   },
   "specific": {
    "domainBased": 0,
    "entityBased": 0
   },
   "declarative": 0,
   "procedural": 0
  }
 },
 {
  "id": "dpollock-0",
  "name": "Dan Pollock’s hosts file",
  "enabled": false,
  "homeURL": "https://someonewhocares.org/hosts/",
  "filters": {
   "total": 11336,
   "accepted": 11336,
   "rejected": 0
  },
  "rules": {
   "total": 1,
   "plain": 1,
   "regex": 0,
   "removeparam": 0,
   "redirect": 0,
   "csp": 0,
   "discarded": 0,
   "rejected": 0
  },
  "css": {
   "generic": {
    "count": 0,
    "exclusionCount": 0
   },
   "specific": {
    "domainBased": 0,
    "entityBased": 0
   },
   "declarative": 0,
   "procedural": 0
  }
 },
 {
  "id": "adguard-spyware-url",
  "name": "AdGuard URL Tracking Protection",
  "enabled": false,
  "homeURL": "https://github.com/AdguardTeam/AdguardFilters#adguard-filters",
  "filters": {
   "total": 928,
   "accepted": 926,
   "rejected": 0
  },
  "rules": {
   "total": 347,
   "plain": 0,
   "regex": 0,
   "removeparam": 273,
   "redirect": 0,
   "csp": 0,
   "discarded": 74,
   "rejected": 74
  },
  "css": {
   "generic": {
    "count": 0,
    "exclusionCount": 0
   },
   "specific": {
    "domainBased": 0,
    "entityBased": 0
   },
   "declarative": 0,
   "procedural": 0
  }
 },
 {
  "id": "stevenblack-hosts",
  "name": "Steven Black's hosts file",
  "enabled": false,
  "homeURL": "https://github.com/StevenBlack/hosts#readme",
  "filters": {
   "total": 186098,
   "accepted": 186098,
   "rejected": 0
  },
  "rules": {
   "total": 1,
   "plain": 1,
   "regex": 0,
   "removeparam": 0,
   "redirect": 0,
   "csp": 0,
   "discarded": 0,
   "rejected": 0
  },
  "css": {
   "generic": {
    "count": 0,
    "exclusionCount": 0
   },
   "specific": {
    "domainBased": 0,
    "entityBased": 0
   },
   "declarative": 0,
   "procedural": 0
  }
 }
]
