[
 {
  "action": {
   "redirect": {
    "transform": {
     "queryTransform": {
      "removeParams": [
       "vastUrl"
      ]
     }
    }
   },
   "type": "redirect"
  },
  "condition": {
   "requestDomains": [
    "tamasha.com"
   ],
   "resourceTypes": [
    "main_frame",
    "sub_frame",
    "xmlhttprequest"
   ]
  },
  "id": 563
 },
 {
  "action": {
   "redirect": {
    "transform": {
     "queryTransform": {
      "removeParams": [
       "referer"
      ]
     }
    }
   },
   "type": "redirect"
  },
  "condition": {
   "requestDomains": [
    "aparat.com"
   ],
   "resourceTypes": [
    "main_frame",
    "sub_frame",
    "xmlhttprequest"
   ]
  },
  "id": 564
 },
 {
  "action": {
   "redirect": {
    "transform": {
     "queryTransform": {
      "removeParams": [
       "affid",
       "bCode",
       "cpcAdToken"
      ]
     }
    }
   },
   "type": "redirect"
  },
  "condition": {
   "requestDomains": [
    "digikala.com"
   ],
   "resourceTypes": [
    "main_frame",
    "sub_frame",
    "xmlhttprequest"
   ]
  },
  "id": 565
 },
 {
  "action": {
   "redirect": {
    "transform": {
     "queryTransform": {
      "removeParams": [
       "rssRedirect"
      ]
     }
    }
   },
   "type": "redirect"
  },
  "condition": {
   "requestDomains": [
    "eghtesadnews.com"
   ],
   "resourceTypes": [
    "main_frame",
    "sub_frame",
    "xmlhttprequest"
   ]
  },
  "id": 566
 },
 {
  "action": {
   "redirect": {
    "transform": {
     "queryTransform": {
      "removeParams": [
       "_ga",
       "_gl"
      ]
     }
    }
   },
   "type": "redirect"
  },
  "condition": {
   "requestDomains": [
    "app.technews-iran.com"
   ],
   "resourceTypes": [
    "main_frame",
    "sub_frame",
    "xmlhttprequest"
   ]
  },
  "id": 567
 },
 {
  "action": {
   "redirect": {
    "transform": {
     "queryTransform": {
      "removeParams": [
       "_bt__experiment",
       "_ft__ab_test",
       "_ft__shop_score",
       "_http_referrer",
       "_url_referrer",
       "android_app_ver",
       "btn",
       "bvid",
       "device",
       "discover_method",
       "is_adv",
       "pre_prk",
       "session_id",
       "shop_rank",
       "suid",
       "uid"
      ]
     }
    }
   },
   "type": "redirect"
  },
  "condition": {
   "requestDomains": [
    "api.torob.com"
   ],
   "resourceTypes": [
    "main_frame",
    "sub_frame",
    "xmlhttprequest"
   ]
  },
  "id": 568
 },
 {
  "action": {
   "redirect": {
    "transform": {
     "queryTransform": {
      "removeParams": [
       "source"
      ]
     }
    }
   },
   "type": "redirect"
  },
  "condition": {
   "requestDomains": [
    "api.torob.com",
    "virgool.io"
   ],
   "resourceTypes": [
    "main_frame",
    "sub_frame",
    "xmlhttprequest"
   ]
  },
  "id": 569
 },
 {
  "action": {
   "redirect": {
    "transform": {
     "queryTransform": {
      "removeParams": [
       "ref"
      ]
     }
    }
   },
   "type": "redirect"
  },
  "condition": {
   "requestDomains": [
    "upera.tv"
   ],
   "resourceTypes": [
    "main_frame",
    "sub_frame",
    "xmlhttprequest"
   ]
  },
  "id": 570
 },
 {
  "action": {
   "redirect": {
    "transform": {
     "queryTransform": {
      "removeParams": [
       "tatoken"
      ]
     }
    }
   },
   "type": "redirect"
  },
  "condition": {
   "isUrlFilterCaseSensitive": false,
   "resourceTypes": [
    "main_frame"
   ],
   "urlFilter": "^utm_source=takhfifan^"
  },
  "id": 571
 }
]
