[
 {
  "action": {
   "redirect": {
    "transform": {
     "query": ""
    }
   },
   "type": "redirect"
  },
  "condition": {
   "isUrlFilterCaseSensitive": false,
   "resourceTypes": [
    "script"
   ],
   "urlFilter": "||amedia.online/templates/animedia/js/libs.js"
  },
  "id": 5854
 },
 {
  "action": {
   "redirect": {
    "transform": {
     "query": ""
    }
   },
   "type": "redirect"
  },
  "condition": {
   "isUrlFilterCaseSensitive": false,
   "resourceTypes": [
    "sub_frame"
   ],
   "urlFilter": "||1plus1.video/*/embed/*autoplay=1"
  },
  "id": 5890
 },
 {
  "action": {
   "redirect": {
    "transform": {
     "queryTransform": {
      "removeParams": [
       "geoblock"
      ]
     }
    }
   },
   "type": "redirect"
  },
  "condition": {
   "requestDomains": [
    "aniqit.com"
   ],
   "resourceTypes": [
    "sub_frame"
   ]
  },
  "id": 5891
 },
 {
  "action": {
   "redirect": {
    "transform": {
     "query": ""
    }
   },
   "type": "redirect"
  },
  "condition": {
   "excludedInitiatorDomains": [
    "music.yandex.ru"
   ],
   "isUrlFilterCaseSensitive": false,
   "resourceTypes": [
    "sub_frame"
   ],
   "urlFilter": "||frontend.vh.yandex.ru/player/*autoplay=1"
  },
  "id": 5892
 },
 {
  "action": {
   "redirect": {
    "transform": {
     "queryTransform": {
      "removeParams": [
       "autoplay"
      ]
     }
    }
   },
   "type": "redirect"
  },
  "condition": {
   "isUrlFilterCaseSensitive": false,
   "resourceTypes": [
    "sub_frame"
   ],
   "urlFilter": "||my.mail.ru/video/embed/*autoplay=1"
  },
  "id": 5893
 },
 {
  "action": {
   "redirect": {
    "transform": {
     "query": ""
    }
   },
   "type": "redirect"
  },
  "condition": {
   "isUrlFilterCaseSensitive": false,
   "resourceTypes": [
    "sub_frame"
   ],
   "urlFilter": "||sportrecs.com/embed/*autoplay=1"
  },
  "id": 5895
 },
 {
  "action": {
   "redirect": {
    "transform": {
     "query": ""
    }
   },
   "type": "redirect"
  },
  "condition": {
   "isUrlFilterCaseSensitive": false,
   "resourceTypes": [
    "sub_frame"
   ],
   "urlFilter": "||u-stream.in/start/*&autoplay=1"
  },
  "id": 5896
 },
 {
  "action": {
   "redirect": {
    "transform": {
     "queryTransform": {
      "removeParams": [
       "autostart",
       "skin_name"
      ]
     }
    }
   },
   "type": "redirect"
  },
  "condition": {
   "isUrlFilterCaseSensitive": false,
   "resourceTypes": [
    "sub_frame"
   ],
   "urlFilter": "||video.matchtv.ru/iframe/feed/*autostart=1"
  },
  "id": 5897
 },
 {
  "action": {
   "redirect": {
    "transform": {
     "queryTransform": {
      "removeParams": [
       "autoplay"
      ]
     }
    }
   },
   "type": "redirect"
  },
  "condition": {
   "initiatorDomains": [
    "weukraine.tv"
   ],
   "isUrlFilterCaseSensitive": false,
   "resourceTypes": [
    "sub_frame"
   ],
   "urlFilter": "||youtube-nocookie.com/embed/*autoplay=1"
  },
  "id": 5898
 },
 {
  "action": {
   "redirect": {
    "transform": {
     "query": ""
    }
   },
   "type": "redirect"
  },
  "condition": {
   "initiatorDomains": [
    "1news.com.ua",
    "7days.ru",
    "factor.ua",
    "gamasexual.com",
    "gamasexual.ru",
    "go.mail.ru",
    "gor-master.ru",
    "igromania.ru",
    "kanobu.ru",
    "life.ru",
    "segodnya.ua",
    "sledcom.ru",
    "sm.news",
    "sport-express.ru",
    "sports.ru",
    "u24.ua",
    "xn--b1ats.xn--80asehdb"
   ],
   "isUrlFilterCaseSensitive": false,
   "resourceTypes": [
    "sub_frame"
   ],
   "urlFilter": "||youtube.com/embed/*autoplay=1"
  },
  "id": 5899
 },
 {
  "action": {
   "redirect": {
    "transform": {
     "query": ""
    }
   },
   "type": "redirect"
  },
  "condition": {
   "isUrlFilterCaseSensitive": false,
   "resourceTypes": [
    "sub_frame"
   ],
   "urlFilter": "||ok.ru/videoembed/*autoplay=1"
  },
  "id": 5900
 },
 {
  "action": {
   "redirect": {
    "transform": {
     "query": ""
    }
   },
   "type": "redirect"
  },
  "condition": {
   "domainType": "thirdParty",
   "isUrlFilterCaseSensitive": false,
   "resourceTypes": [
    "sub_frame"
   ],
   "urlFilter": "||dzen.ru/embed/*autoplay=1"
  },
  "id": 5906
 },
 {
  "action": {
   "redirect": {
    "transform": {
     "queryTransform": {
      "removeParams": [
       "autoplay"
      ]
     }
    }
   },
   "type": "redirect"
  },
  "condition": {
   "domainType": "thirdParty",
   "isUrlFilterCaseSensitive": false,
   "resourceTypes": [
    "sub_frame"
   ],
   "urlFilter": "||vk.com/video_ext.php?"
  },
  "id": 5907
 }
]
