[
 {
  "action": {
   "type": "block"
  },
  "condition": {
   "initiatorDomains": [
    "meitui.org"
   ],
   "isUrlFilterCaseSensitive": false,
   "regexFilter": "meitui.org\\/[a-z][a-z].js"
  },
  "id": 167
 },
 {
  "action": {
   "type": "block"
  },
  "condition": {
   "initiatorDomains": [
    "meitui.org"
   ],
   "isUrlFilterCaseSensitive": false,
   "regexFilter": "meitui.org\\/[a-z].js"
  },
  "id": 168
 },
 {
  "action": {
   "type": "block"
  },
  "condition": {
   "initiatorDomains": [
    "91ron.org"
   ],
   "isUrlFilterCaseSensitive": false,
   "regexFilter": "tuuu.me\\/\\d*.gif"
  },
  "id": 294
 },
 {
  "action": {
   "type": "block"
  },
  "condition": {
   "initiatorDomains": [
    "higu.tv"
   ],
   "isUrlFilterCaseSensitive": false,
   "regexFilter": "\\/upload\\/[a-z0-9]{7}\\/[0-9]+-[0-9]?\\/[a-z0-9]{32}\\.gif"
  },
  "id": 296
 },
 {
  "action": {
   "type": "block"
  },
  "condition": {
   "initiatorDomains": [
    "dngz.net"
   ],
   "isUrlFilterCaseSensitive": false,
   "regexFilter": "dngz.net\\/g\\d+.js"
  },
  "id": 318
 },
 {
  "action": {
   "type": "block"
  },
  "condition": {
   "initiatorDomains": [
    "novipnoad.com"
   ],
   "isUrlFilterCaseSensitive": false,
   "regexFilter": "\\/theme\\/js\\/[a-z0-9]{5,}\\.js\\?v="
  },
  "id": 1020
 },
 {
  "action": {
   "type": "block"
  },
  "condition": {
   "domainType": "firstParty",
   "initiatorDomains": [
    "pcbeta.com"
   ],
   "regexFilter": "pcbeta\\.com\\/data\\/cache\\/(?:common)?_[a-z]{14}\\.js\\?",
   "resourceTypes": [
    "script"
   ]
  },
  "id": 5458
 },
 {
  "action": {
   "type": "block"
  },
  "condition": {
   "domainType": "thirdParty",
   "isUrlFilterCaseSensitive": false,
   "regexFilter": ":\\/\\/666(7|8)[0-9]{2}.xyz\\/",
   "resourceTypes": [
    "image"
   ]
  },
  "id": 5516
 },
 {
  "action": {
   "type": "block"
  },
  "condition": {
   "domainType": "thirdParty",
   "isUrlFilterCaseSensitive": false,
   "regexFilter": "\\.(com|cn|top|xyz)\\/(j|K)\\/[0-9]{6}$",
   "resourceTypes": [
    "script"
   ]
  },
  "id": 5558
 },
 {
  "action": {
   "type": "block"
  },
  "condition": {
   "domainType": "thirdParty",
   "isUrlFilterCaseSensitive": false,
   "regexFilter": "\\.(cyou|ink)\\/[a-z]{4}_[0-9]{5}_[a-z]{5}js\\?",
   "resourceTypes": [
    "script"
   ]
  },
  "id": 5559
 },
 {
  "action": {
   "type": "block"
  },
  "condition": {
   "domainType": "thirdParty",
   "isUrlFilterCaseSensitive": false,
   "regexFilter": "\\.(cc|com|top|xyz)\\/i\\/v$",
   "resourceTypes": [
    "xmlhttprequest"
   ]
  },
  "id": 5598
 }
]
