[
 {
  "action": {
   "type": "block"
  },
  "condition": {
   "isUrlFilterCaseSensitive": false,
   "regexFilter": "banners.*\\/go\\/page"
  },
  "id": 2637
 },
 {
  "action": {
   "type": "block"
  },
  "condition": {
   "isUrlFilterCaseSensitive": false,
   "regexFilter": "(https?:\\/\\/)104\\.154\\..{100,}"
  },
  "id": 5416
 },
 {
  "action": {
   "type": "block"
  },
  "condition": {
   "isUrlFilterCaseSensitive": false,
   "regexFilter": "(https?:\\/\\/)104\\.197\\..{100,}"
  },
  "id": 5417
 },
 {
  "action": {
   "type": "block"
  },
  "condition": {
   "isUrlFilterCaseSensitive": false,
   "regexFilter": "(https?:\\/\\/)104\\.198\\..{100,}"
  },
  "id": 5418
 },
 {
  "action": {
   "type": "block"
  },
  "condition": {
   "isUrlFilterCaseSensitive": false,
   "regexFilter": "(https?:\\/\\/)130\\.211\\..{100,}"
  },
  "id": 5419
 },
 {
  "action": {
   "type": "block"
  },
  "condition": {
   "isUrlFilterCaseSensitive": false,
   "regexFilter": "(https?:\\/\\/)142\\.91\\.159\\..{100,}"
  },
  "id": 5420
 },
 {
  "action": {
   "type": "block"
  },
  "condition": {
   "isUrlFilterCaseSensitive": false,
   "regexFilter": "(https?:\\/\\/)213\\.32\\.115\\..{100,}"
  },
  "id": 5421
 },
 {
  "action": {
   "type": "block"
  },
  "condition": {
   "isUrlFilterCaseSensitive": false,
   "regexFilter": "(https?:\\/\\/)216\\.21\\..{100,}"
  },
  "id": 5422
 },
 {
  "action": {
   "type": "block"
  },
  "condition": {
   "isUrlFilterCaseSensitive": false,
   "regexFilter": "(https?:\\/\\/)217\\.182\\.11\\..{100,}"
  },
  "id": 5423
 },
 {
  "action": {
   "type": "block"
  },
  "condition": {
   "isUrlFilterCaseSensitive": false,
   "regexFilter": "(https?:\\/\\/)51\\.195\\.31\\..{100,}"
  },
  "id": 5424
 },
 {
  "action": {
   "type": "block"
  },
  "condition": {
   "initiatorDomains": [
    "1337x.to",
    "cryptobriefing.com",
    "eztv.io",
    "eztv.tf",
    "eztv.yt",
    "fmovies.taxi",
    "fmovies.world",
    "limetorrents.info",
    "megaup.net",
    "mrunlock.kim",
    "newser.com",
    "sendit.cloud",
    "torlock.com",
    "uiz.io",
    "userscloud.com",
    "vev.red",
    "vidbull.tv",
    "vidop.icu",
    "vidup.io",
    "yourbittorrent2.com"
   ],
   "isUrlFilterCaseSensitive": false,
   "regexFilter": "^https?:\\/\\/.*bit(ly)?\\.(com|ly)\\/"
  },
  "id": 6108
 },
 {
  "action": {
   "type": "block"
  },
  "condition": {
   "initiatorDomains": [
    "1vag.com",
    "4tube.com",
    "asianpornmovies.com",
    "getsex.xxx",
    "glam0ur.com",
    "hclips.com",
    "hdzog.com",
    "homemadevids.org",
    "hotmovs.com",
    "milfzr.com",
    "porn555.com",
    "pornforrelax.com",
    "pornj.com",
    "pornl.com",
    "puporn.com",
    "see.xxx",
    "shemalez.com",
    "sss.xxx",
    "streanplay.cc",
    "thegay.com",
    "thegay.porn",
    "tits-guru.com",
    "tubepornclassic.com",
    "tuberel.com",
    "txxx.com",
    "txxx.tube",
    "upornia.com",
    "vjav.com",
    "voyeurhit.com",
    "xozilla.com"
   ],
   "isUrlFilterCaseSensitive": false,
   "regexFilter": "^https?:\\/\\/.*\\.(club|news|live|online|store|tech|guru|cloud|bid|xyz|site|pro|info|online|icu|monster|buzz|fun|website|photos|re|casa|top|today|space|network|live|work|systems|ml|world|life)\\/.*"
  },
  "id": 6468
 },
 {
  "action": {
   "type": "block"
  },
  "condition": {
   "isUrlFilterCaseSensitive": false,
   "regexFilter": "^https:\\/\\/([a-z]+\\.)?sythe\\.org\\/[\\w\\W]{30,}",
   "resourceTypes": [
    "image"
   ]
  },
  "id": 15077
 },
 {
  "action": {
   "type": "block"
  },
  "condition": {
   "initiatorDomains": [
    "ipatriot.com"
   ],
   "isUrlFilterCaseSensitive": false,
   "regexFilter": "^https?:\\/\\/(.+?\\.)?ipatriot\\.com[\\/]{1,}.*[a-zA-Z0-9]{9,}\\/[a-zA-Z0-9]{6,}\\/.*",
   "resourceTypes": [
    "image"
   ]
  },
  "id": 15150
 },
 {
  "action": {
   "type": "block"
  },
  "condition": {
   "initiatorDomains": [
    "letocard.fr"
   ],
   "isUrlFilterCaseSensitive": false,
   "regexFilter": "^https?:\\/\\/(.+?\\.)?letocard\\.fr[\\/]{1,}.*[a-zA-Z0-9]{3,7}\\/[a-zA-Z0-9]{6,}\\/.*",
   "resourceTypes": [
    "image"
   ]
  },
  "id": 15151
 },
 {
  "action": {
   "type": "block"
  },
  "condition": {
   "initiatorDomains": [
    "letocard.fr"
   ],
   "isUrlFilterCaseSensitive": false,
   "regexFilter": "^https?:\\/\\/(.+?\\.)?letocard\\.fr\\/[a-zA-Z0-9]{3,7}\\/[a-zA-Z0-9]{6,}\\/.*",
   "resourceTypes": [
    "image"
   ]
  },
  "id": 15152
 },
 {
  "action": {
   "type": "block"
  },
  "condition": {
   "initiatorDomains": [
    "lovezin.fr"
   ],
   "isUrlFilterCaseSensitive": false,
   "regexFilter": "^https?:\\/\\/(.+?\\.)?lovezin\\.fr[\\/]{1,}.*[a-zA-Z0-9]{7,9}\\/[a-zA-Z0-9]{10,}\\/.*",
   "resourceTypes": [
    "image"
   ]
  },
  "id": 15153
 },
 {
  "action": {
   "type": "block"
  },
  "condition": {
   "initiatorDomains": [
    "naturalblaze.com"
   ],
   "isUrlFilterCaseSensitive": false,
   "regexFilter": "^https?:\\/\\/(.+?\\.)?naturalblaze\\.com\\/wp-content\\/uploads\\/.*[a-zA-Z0-9]{14,}\\.*",
   "resourceTypes": [
    "image"
   ]
  },
  "id": 15154
 },
 {
  "action": {
   "type": "block"
  },
  "condition": {
   "initiatorDomains": [
    "rightwingnews.com"
   ],
   "isUrlFilterCaseSensitive": false,
   "regexFilter": "^https?:\\/\\/(.+?\\.)?rightwingnews\\.com[\\/]{1,9}.*[a-zA-Z0-9]{8,}\\/[a-zA-Z0-9]{6,}\\/.*",
   "resourceTypes": [
    "image"
   ]
  },
  "id": 15155
 },
 {
  "action": {
   "type": "block"
  },
  "condition": {
   "initiatorDomains": [
    "topminceur.fr"
   ],
   "isUrlFilterCaseSensitive": false,
   "regexFilter": "^https?:\\/\\/(.+?\\.)?topminceur\\.fr\\/[a-zA-Z0-9]{6,}\\/[a-zA-Z0-9]{3,}\\/.*",
   "resourceTypes": [
    "image"
   ]
  },
  "id": 15156
 },
 {
  "action": {
   "type": "block"
  },
  "condition": {
   "initiatorDomains": [
    "vitamiiin.com"
   ],
   "isUrlFilterCaseSensitive": false,
   "regexFilter": "^https?:\\/\\/(.+?\\.)?vitamiiin\\.com\\/[\\/][\\/a-zA-Z0-9]{3,}\\/[a-zA-Z0-9]{6,}\\/.*",
   "resourceTypes": [
    "image"
   ]
  },
  "id": 15157
 },
 {
  "action": {
   "type": "block"
  },
  "condition": {
   "initiatorDomains": [
    "writerscafe.org"
   ],
   "isUrlFilterCaseSensitive": false,
   "regexFilter": "^https?:\\/\\/(.+?\\.)?writerscafe\\.org[\\/]{1,}.*[a-zA-Z0-9]{3,7}\\/[a-zA-Z0-9]{6,}\\/.*",
   "resourceTypes": [
    "image"
   ]
  },
  "id": 15158
 },
 {
  "action": {
   "type": "block"
  },
  "condition": {
   "isUrlFilterCaseSensitive": false,
   "regexFilter": "^https?:\\/\\/motherless\\.com\\/[a-z0-9A-Z]{3,}\\.[a-z0-9A-Z]{2,}\\_",
   "resourceTypes": [
    "image",
    "sub_frame"
   ]
  },
  "id": 15162
 },
 {
  "action": {
   "type": "block"
  },
  "condition": {
   "isUrlFilterCaseSensitive": false,
   "regexFilter": "\\/t\\/[0-9]{3}\\/[0-9]{3}\\/a[0-9]{4,9}\\.js$",
   "resourceTypes": [
    "script"
   ]
  },
  "id": 15478
 },
 {
  "action": {
   "type": "block"
  },
  "condition": {
   "initiatorDomains": [
    "nowy.tlen.pl",
    "poczta.o2.pl",
    "profil.wp.pl"
   ],
   "isUrlFilterCaseSensitive": false,
   "regexFilter": "^https:\\/\\/[a-z]{2,14}\\.wp\\.pl\\/[a-zA-Z0-9_-]{200,915}$",
   "resourceTypes": [
    "script"
   ]
  },
  "id": 15588
 },
 {
  "action": {
   "type": "block"
  },
  "condition": {
   "initiatorDomains": [
    "123films.cc",
    "123proxy.biz",
    "1337x.to",
    "animekisa.tv",
    "anonfiles.com",
    "aparat.cam",
    "bdupload.asia",
    "bitfly.io",
    "bluemediafile.sbs",
    "bluemediafiles.xyz",
    "cashurl.in",
    "clicknupload.to",
    "clk.ink",
    "cloudvideo.tv",
    "cocomanhua.com",
    "downloadpirate.com",
    "filmix.co",
    "filmlinks4u.is",
    "flashx.pw",
    "fmovies.taxi",
    "fmovies.world",
    "getlink.pro",
    "hurawatch.at",
    "igg-games.com",
    "indishare.org",
    "katflys.com",
    "linksly.co",
    "megaup.net",
    "mixdrop.ch",
    "mixdrop.co",
    "mixdrp.to",
    "mp3-convert.org",
    "nutritioninsight.com",
    "ouo.press",
    "pcgamestorrents.com",
    "pcgamestorrents.org",
    "pouvideo.cc",
    "powvideo.net",
    "powvldeo.cc",
    "primewire.sc",
    "proxyer.org",
    "sendit.cloud",
    "sendspace.com",
    "shrinke.me",
    "shrinkhere.xyz",
    "solarmovie.to",
    "theproxy.ws",
    "uiz.io",
    "up-load.io",
    "upload.ac",
    "uploadever.com",
    "uploadproper.net",
    "uploadrar.com",
    "uploadrive.com",
    "uplovd.com",
    "upstream.to",
    "userscloud.com",
    "v96-surf.com",
    "vev.red",
    "vidbull.tv",
    "videobin.co",
    "vidlox.me",
    "vidop.icu",
    "vidoza.co",
    "vidoza.net",
    "vidtomp3.com",
    "vidup.io",
    "vumoo.life",
    "watchtvseries.video",
    "xtgem.com",
    "xtits.com",
    "yourbittorrent2.com",
    "ziperto.com",
    "zippyshare.com"
   ],
   "isUrlFilterCaseSensitive": false,
   "regexFilter": "^https?:\\/\\/.*\\/.*(sw[0-9a-z._-]{1,6}|\\.notify\\.).*",
   "resourceTypes": [
    "script"
   ]
  },
  "id": 15633
 },
 {
  "action": {
   "type": "block"
  },
  "condition": {
   "initiatorDomains": [
    "1vag.com",
    "4tube.com",
    "adult-channels.com",
    "analdin.com",
    "biguz.net",
    "bogrodius.com",
    "chikiporn.com",
    "fantasti.cc",
    "fuqer.com",
    "fux.com",
    "hclips.com",
    "heavy-r.com",
    "hog.tv",
    "megapornx.com",
    "milfzr.com",
    "mypornhere.com",
    "niceporn.xxx",
    "porn555.com",
    "pornchimp.com",
    "pornerbros.com",
    "pornj.com",
    "pornl.com",
    "pornototale.com",
    "porntube.com",
    "sexu.com",
    "sss.xxx",
    "thisav.com",
    "titkino.net",
    "tubepornclassic.com",
    "tuberel.com",
    "tubev.sex",
    "txxx.com",
    "vidmo.org",
    "vpornvideos.com",
    "xozilla.com",
    "youporn.lc",
    "youpornhub.it",
    "yourdailypornstars.com"
   ],
   "isUrlFilterCaseSensitive": false,
   "regexFilter": "^https?:\\/\\/.*\\/.*sw[0-9._].*",
   "resourceTypes": [
    "script",
    "xmlhttprequest"
   ]
  },
  "id": 15638
 },
 {
  "action": {
   "type": "block"
  },
  "condition": {
   "initiatorDomains": [
    "4kporn.xxx",
    "4tube.com",
    "alotporn.com",
    "alphaporno.com",
    "alrincon.com",
    "amateur8.com",
    "anyporn.com",
    "anysex.com",
    "badjojo.com",
    "bdsmstreak.com",
    "bestfreetube.xxx",
    "bigtitslust.com",
    "bravotube.net",
    "cockmeter.com",
    "daftporn.com",
    "ebony8.com",
    "erome.com",
    "exoav.com",
    "fantasti.cc",
    "fapality.com",
    "fapnado.com",
    "fetishshrine.com",
    "freeporn8.com",
    "gfsvideos.com",
    "gotporn.com",
    "hdporn24.org",
    "hdpornmax.com",
    "hdtube.porn",
    "hellporno.com",
    "hottorrent.org",
    "hqsextube.xxx",
    "hqtube.xxx",
    "iceporn.com",
    "imx.to",
    "its.porn",
    "katestube.com",
    "lesbian8.com",
    "lustypuppy.com",
    "manhwa18.cc",
    "maturetubehere.com",
    "megatube.xxx",
    "milffox.com",
    "momxxxfun.com",
    "openloadporn.co",
    "orsm.net",
    "pervclips.com",
    "porn-plus.com",
    "porndr.com",
    "pornicom.com",
    "pornid.xxx",
    "pornotrack.net",
    "pornrabbit.com",
    "pornwatchers.com",
    "pornwhite.com",
    "pussy.org",
    "redhdtube.xxx",
    "rule34.art",
    "sexvid.porn",
    "sexvid.pro",
    "sexvid.xxx",
    "sexytorrents.info",
    "shameless.com",
    "sleazyneasy.com",
    "smutty.com",
    "sortporn.com",
    "stepmom.one",
    "stileproject.com",
    "str8ongay.com",
    "tnaflix.com",
    "urgayporn.com",
    "vikiporn.com",
    "wankoz.com",
    "xbabe.com",
    "xcafe.com",
    "xhqxmovies.com",
    "xxx-torrent.net",
    "xxxdessert.com",
    "xxxextreme.org",
    "xxxonxxx.com",
    "yourlust.com",
    "youx.xxx",
    "zbporn.com",
    "zbporn.tv"
   ],
   "isUrlFilterCaseSensitive": false,
   "regexFilter": "^https?:\\/\\/.*\\/[a-z0-9A-Z_]{2,15}\\.(php|jx|jsx|1ph|jsf|jz|jsm|j$)",
   "resourceTypes": [
    "script",
    "sub_frame"
   ]
  },
  "id": 15639
 },
 {
  "action": {
   "type": "block"
  },
  "condition": {
   "initiatorDomains": [
    "eporner.com"
   ],
   "isUrlFilterCaseSensitive": false,
   "regexFilter": "^https?:\\/\\/.*\\.eporner\\.com\\/[0-9a-f]{10,}\\/$",
   "resourceTypes": [
    "script"
   ]
  },
  "id": 15640
 },
 {
  "action": {
   "type": "block"
  },
  "condition": {
   "initiatorDomains": [
    "ebay-kleinanzeigen.de"
   ],
   "isUrlFilterCaseSensitive": false,
   "regexFilter": "^https?:\\/\\/fdts\\.ebay-kleinanzeigen\\.de\\/[a-z0-9]{13,18}\\.js\\?",
   "resourceTypes": [
    "script"
   ]
  },
  "id": 15712
 },
 {
  "action": {
   "type": "block"
  },
  "condition": {
   "initiatorDomains": [
    "sciencedirect.com"
   ],
   "isUrlFilterCaseSensitive": false,
   "regexFilter": "^https?:\\/\\/nav\\.sciencedirect\\.com\\/[a-zA-Z0-9]{14,}\\.js",
   "resourceTypes": [
    "script"
   ]
  },
  "id": 15713
 },
 {
  "action": {
   "type": "block"
  },
  "condition": {
   "initiatorDomains": [
    "spectrum.net"
   ],
   "isUrlFilterCaseSensitive": false,
   "regexFilter": "^https?:\\/\\/pov\\.spectrum\\.net\\/[a-zA-Z0-9]{14,}\\.js",
   "resourceTypes": [
    "script"
   ]
  },
  "id": 15714
 },
 {
  "action": {
   "type": "block"
  },
  "condition": {
   "initiatorDomains": [
    "pages.ebay.com"
   ],
   "isUrlFilterCaseSensitive": false,
   "regexFilter": "^https?:\\/\\/src\\.ebay-us\\.com\\/[_a-zA-Z0-9]{10,}\\?",
   "resourceTypes": [
    "script"
   ]
  },
  "id": 15715
 },
 {
  "action": {
   "type": "block"
  },
  "condition": {
   "initiatorDomains": [
    "tjx.com"
   ],
   "isUrlFilterCaseSensitive": false,
   "regexFilter": "^https?:\\/\\/tjmaxx\\.tjx\\.com\\/libraries\\/[a-z0-9]{20,}",
   "resourceTypes": [
    "script",
    "xmlhttprequest"
   ]
  },
  "id": 15716
 },
 {
  "action": {
   "type": "block"
  },
  "condition": {
   "initiatorDomains": [
    "mbna.ca",
    "td.com",
    "tdbank.com"
   ],
   "isUrlFilterCaseSensitive": false,
   "regexFilter": "^https?:\\/\\/tmx\\.(td|tdbank)\\.com\\/[a-z0-9]{14,18}\\.js.*",
   "resourceTypes": [
    "script"
   ]
  },
  "id": 15717
 },
 {
  "action": {
   "type": "block"
  },
  "condition": {
   "initiatorDomains": [
    "ebay-kleinanzeigen.de"
   ],
   "isUrlFilterCaseSensitive": false,
   "regexFilter": "^https?:\\/\\/www\\.ebay-kleinanzeigen\\.de\\/[a-z0-9]{8}\\-[0-9a-f]{4}\\-",
   "resourceTypes": [
    "script"
   ]
  },
  "id": 15718
 },
 {
  "action": {
   "type": "block"
  },
  "condition": {
   "initiatorDomains": [
    "halifax-online.co.uk"
   ],
   "isUrlFilterCaseSensitive": false,
   "regexFilter": "^https?:\\/\\/www\\.halifax-online\\.co\\.uk\\/[A-Za-z0-9]{4,6}\\/[A-Za-z0-9]{2}\\/[A-Za-z0-9]{2}\\/",
   "resourceTypes": [
    "script",
    "xmlhttprequest"
   ]
  },
  "id": 15719
 },
 {
  "action": {
   "type": "block"
  },
  "condition": {
   "initiatorDomains": [
    "kroger.com"
   ],
   "isUrlFilterCaseSensitive": false,
   "regexFilter": "^https?:\\/\\/www\\.kroger\\.com\\/content\\/{20,}",
   "resourceTypes": [
    "script",
    "xmlhttprequest"
   ]
  },
  "id": 15720
 },
 {
  "action": {
   "type": "block"
  },
  "condition": {
   "initiatorDomains": [
    "equifax.ca"
   ],
   "isUrlFilterCaseSensitive": false,
   "regexFilter": "^https?:\\/\\/www\\.myservices\\.equifax\\.ca\\/TSPD\\/[0-9a-f]{30,}",
   "resourceTypes": [
    "script"
   ]
  },
  "id": 15721
 },
 {
  "action": {
   "type": "block"
  },
  "condition": {
   "isUrlFilterCaseSensitive": false,
   "regexFilter": "^https?:\\/\\/(?:ak\\.)?[a-z]{6,12}\\.(?:com|net)\\/4\\/\\d{7}",
   "resourceTypes": [
    "main_frame",
    "sub_frame"
   ]
  },
  "id": 15879
 },
 {
  "action": {
   "type": "block"
  },
  "condition": {
   "isUrlFilterCaseSensitive": false,
   "regexFilter": "\\/[0-9a-z]{8,10}\\?shu=[0-9a-z]{150,}",
   "resourceTypes": [
    "main_frame"
   ]
  },
  "id": 15988
 },
 {
  "action": {
   "type": "block"
  },
  "condition": {
   "isUrlFilterCaseSensitive": false,
   "regexFilter": "\\/(?:[0-9a-z]{7,25}-){9,13}[0-9a-z]{10,15}\\/(?:[0-9a-z]+\\/)+index\\.php",
   "resourceTypes": [
    "main_frame"
   ]
  },
  "id": 16041
 },
 {
  "action": {
   "type": "block"
  },
  "condition": {
   "isUrlFilterCaseSensitive": false,
   "regexFilter": "_dating\\d\\/index\\.html\\?aref=",
   "resourceTypes": [
    "main_frame"
   ]
  },
  "id": 16042
 },
 {
  "action": {
   "type": "block"
  },
  "condition": {
   "initiatorDomains": [
    "top"
   ],
   "isUrlFilterCaseSensitive": false,
   "regexFilter": "^https:\\/\\/[0-9a-z]{3,}\\.[-a-z]{10,}\\.top\\/[a-z]{8}\\/\\?(?:cid=[0-9a-z]+&)?u=[0-9a-z]+&",
   "resourceTypes": [
    "main_frame"
   ]
  },
  "id": 16058
 },
 {
  "action": {
   "type": "block"
  },
  "condition": {
   "initiatorDomains": [
    "life",
    "live",
    "top",
    "xyz"
   ],
   "regexFilter": "^https:\\/\\/[0-9a-z]{3,}\\.[-a-z]{10,}\\.(?:li[fv]e|top|xyz)\\/[a-z]{8}\\/\\?utm_campaign=\\w{40,}",
   "resourceTypes": [
    "main_frame"
   ]
  },
  "id": 16059
 },
 {
  "action": {
   "type": "block"
  },
  "condition": {
   "initiatorDomains": [
    "biz"
   ],
   "isUrlFilterCaseSensitive": false,
   "regexFilter": "^https:\\/\\/[a-z]{2,3}\\d\\.biz\\/go\\/[0-9a-z]{15,18}$",
   "resourceTypes": [
    "main_frame"
   ]
  },
  "id": 16060
 },
 {
  "action": {
   "type": "block"
  },
  "condition": {
   "initiatorDomains": [
    "biz"
   ],
   "isUrlFilterCaseSensitive": false,
   "regexFilter": "^https:\\/\\/to\\ds\\.biz\\/\\?p=",
   "resourceTypes": [
    "main_frame"
   ]
  },
  "id": 16061
 },
 {
  "action": {
   "type": "block"
  },
  "condition": {
   "initiatorDomains": [
    "biz"
   ],
   "isUrlFilterCaseSensitive": false,
   "regexFilter": "^https:\\/\\/serch\\d{2}\\.biz\\/\\?p=",
   "resourceTypes": [
    "main_frame"
   ]
  },
  "id": 16066
 },
 {
  "action": {
   "type": "block"
  },
  "condition": {
   "initiatorDomains": [
    "com"
   ],
   "regexFilter": "^http:\\/\\/[a-z]{5}\\.[a-z]{5}\\.com\\/[a-z]{10}\\.apk$",
   "resourceTypes": [
    "main_frame"
   ]
  },
  "id": 16071
 },
 {
  "action": {
   "type": "block"
  },
  "condition": {
   "isUrlFilterCaseSensitive": false,
   "regexFilter": "^https:\\/\\/[a-z]+\\.com\\/away\\.php\\?url=[%0-9A-z]{100,}$",
   "resourceTypes": [
    "main_frame"
   ]
  },
  "id": 16078
 },
 {
  "action": {
   "type": "block"
  },
  "condition": {
   "domainType": "firstParty",
   "initiatorDomains": [
    "69games.xxx"
   ],
   "isUrlFilterCaseSensitive": false,
   "regexFilter": "\\/n0cvd19n0fun\\/(?:336x768-|dsw\\d|s[a-z]_w3_).*",
   "resourceTypes": [
    "image"
   ]
  },
  "id": 16104
 },
 {
  "action": {
   "type": "block"
  },
  "condition": {
   "domainType": "firstParty",
   "initiatorDomains": [
    "hottystop.com"
   ],
   "isUrlFilterCaseSensitive": false,
   "regexFilter": "\\.com\\/[_0-9a-zA-Z]+\\.jpg$",
   "resourceTypes": [
    "image"
   ]
  },
  "id": 16110
 },
 {
  "action": {
   "type": "block"
  },
  "condition": {
   "domainType": "firstParty",
   "initiatorDomains": [
    "playsexgames.xxx"
   ],
   "isUrlFilterCaseSensitive": false,
   "regexFilter": "xxx\\/(?:[a-z]+[_-]){1,2}[a-z]+\\.(?:gif|jpg)$",
   "resourceTypes": [
    "image"
   ]
  },
  "id": 16123
 },
 {
  "action": {
   "type": "block"
  },
  "condition": {
   "domainType": "firstParty",
   "initiatorDomains": [
    "palcomix.com"
   ],
   "isUrlFilterCaseSensitive": false,
   "regexFilter": "\\.com\\/(full)?ad[0-9a-z]+\\.(?:gif|jpg)$",
   "resourceTypes": [
    "image"
   ]
  },
  "id": 16124
 },
 {
  "action": {
   "type": "block"
  },
  "condition": {
   "domainType": "firstParty",
   "initiatorDomains": [
    "thesquarshers.com"
   ],
   "isUrlFilterCaseSensitive": false,
   "regexFilter": "\\/images\\/(?:Banner\\d{1,2}\\.|[a-z]{3}\\/)",
   "resourceTypes": [
    "image"
   ]
  },
  "id": 16126
 },
 {
  "action": {
   "type": "block"
  },
  "condition": {
   "domainType": "firstParty",
   "regexFilter": "\\/[A-Z]\\/[-0-9a-z]{5,}\\.com\\/(?:[0-9a-f]{2}\\/){3}[0-9a-f]{32}\\.js$",
   "resourceTypes": [
    "script"
   ]
  },
  "id": 16162
 },
 {
  "action": {
   "type": "block"
  },
  "condition": {
   "domainType": "firstParty",
   "initiatorDomains": [
    "imgadult.com",
    "imgdrive.net",
    "imgtaxi.com",
    "imgwallet.com"
   ],
   "isUrlFilterCaseSensitive": false,
   "regexFilter": "(?:com|net)\\/[0-9a-f]{12}\\.js$",
   "resourceTypes": [
    "script"
   ]
  },
  "id": 16165
 },
 {
  "action": {
   "type": "block"
  },
  "condition": {
   "domainType": "firstParty",
   "initiatorDomains": [
    "555.porn",
    "asiantv.fun",
    "bdsmx.tube",
    "bigdick.tube",
    "blackporn.tube",
    "hclips.com",
    "imzog.com",
    "inporn.com",
    "javdaddy.com",
    "mrgay.tube",
    "porn555.com",
    "pornclassic.tube",
    "pornforrelax.com",
    "porngo.tube",
    "pornj.com",
    "pornl.com",
    "pornq.com",
    "porntop.com",
    "pornzog.com",
    "privatehomeclips.com",
    "puporn.com",
    "see.xxx",
    "senzuri.tube",
    "shemalez.com",
    "sss.xxx",
    "teenorgy.video",
    "tubepornclassic.com",
    "tuberel.com",
    "txxxporn.tube",
    "vxxx.com",
    "xmilf.com"
   ],
   "isUrlFilterCaseSensitive": false,
   "regexFilter": "\\.[a-z]{3,5}\\/[a-z]{8,12}\\/[a-z]{8,12}\\.js$",
   "resourceTypes": [
    "script"
   ]
  },
  "id": 16169
 },
 {
  "action": {
   "type": "block"
  },
  "condition": {
   "domainType": "firstParty",
   "initiatorDomains": [
    "pussyspace.com",
    "pussyspace.net"
   ],
   "isUrlFilterCaseSensitive": false,
   "regexFilter": "\\/all\\.js\\?v=\\S{10,}",
   "resourceTypes": [
    "script"
   ]
  },
  "id": 16201
 },
 {
  "action": {
   "type": "block"
  },
  "condition": {
   "domainType": "firstParty",
   "initiatorDomains": [
    "hentai2w.com"
   ],
   "isUrlFilterCaseSensitive": false,
   "regexFilter": "\\.com\\/\\d+\\/[0-9a-z]+\\.js$",
   "resourceTypes": [
    "script"
   ]
  },
  "id": 16216
 },
 {
  "action": {
   "type": "block"
  },
  "condition": {
   "domainType": "firstParty",
   "initiatorDomains": [
    "camvideos.org"
   ],
   "isUrlFilterCaseSensitive": false,
   "regexFilter": "\\/[0-9a-f]{12}\\.js$",
   "resourceTypes": [
    "script"
   ]
  },
  "id": 16222
 },
 {
  "action": {
   "type": "block"
  },
  "condition": {
   "domainType": "firstParty",
   "initiatorDomains": [
    "pixsera.net"
   ],
   "isUrlFilterCaseSensitive": false,
   "regexFilter": "\\.net(\\/[a-z]{2,4}){2}\\.js$",
   "resourceTypes": [
    "script"
   ]
  },
  "id": 16341
 },
 {
  "action": {
   "type": "block"
  },
  "condition": {
   "domainType": "firstParty",
   "initiatorDomains": [
    "povaddict.com"
   ],
   "isUrlFilterCaseSensitive": false,
   "regexFilter": "\\.com\\/[a-zA-Z]{10}\\.js$",
   "resourceTypes": [
    "script"
   ]
  },
  "id": 16384
 },
 {
  "action": {
   "type": "block"
  },
  "condition": {
   "domainType": "firstParty",
   "initiatorDomains": [
    "zetporn.com"
   ],
   "isUrlFilterCaseSensitive": false,
   "regexFilter": "\\.com\\/[A-Za-z]{9,}\\/[A-Za-z]{9,}\\.js$",
   "resourceTypes": [
    "script"
   ]
  },
  "id": 16388
 },
 {
  "action": {
   "type": "block"
  },
  "condition": {
   "domainType": "firstParty",
   "initiatorDomains": [
    "rule34porn.net"
   ],
   "isUrlFilterCaseSensitive": false,
   "regexFilter": "\\/wp-content\\/plugins\\/\\S{40,}\\.js\\?ver=",
   "resourceTypes": [
    "script"
   ]
  },
  "id": 16396
 },
 {
  "action": {
   "type": "block"
  },
  "condition": {
   "domainType": "firstParty",
   "initiatorDomains": [
    "teen-hd-sex.com",
    "tube-teen-18.com",
    "xxx-asian-tube.com"
   ],
   "isUrlFilterCaseSensitive": false,
   "regexFilter": "\\.com\\/[0-9a-z]{12,}\\/[0-9a-z]{12,}\\.js$",
   "resourceTypes": [
    "script"
   ]
  },
  "id": 16400
 },
 {
  "action": {
   "type": "block"
  },
  "condition": {
   "domainType": "firstParty",
   "initiatorDomains": [
    "fleshed.com"
   ],
   "isUrlFilterCaseSensitive": false,
   "regexFilter": "\\/static\\/[0-9a-z]+\\/[0-9a-z]+\\.js$",
   "resourceTypes": [
    "script"
   ]
  },
  "id": 16419
 },
 {
  "action": {
   "type": "block"
  },
  "condition": {
   "domainType": "firstParty",
   "initiatorDomains": [
    "eropics.to"
   ],
   "isUrlFilterCaseSensitive": false,
   "regexFilter": "eropics\\.to\\/[a-zA-Z0-9]{8}\\.js$",
   "resourceTypes": [
    "script"
   ]
  },
  "id": 16430
 },
 {
  "action": {
   "type": "block"
  },
  "condition": {
   "domainType": "firstParty",
   "isUrlFilterCaseSensitive": false,
   "regexFilter": "^https:\\/\\/www.ennovelas.com\\/[a-z0-9]{10}$",
   "resourceTypes": [
    "script"
   ]
  },
  "id": 16431
 },
 {
  "action": {
   "type": "block"
  },
  "condition": {
   "domainType": "firstParty",
   "isUrlFilterCaseSensitive": false,
   "regexFilter": "\\/assets\\/jquery\\/jquery-\\d\\.\\d\\.(?:\\d\\.)?min\\.js\\?(?:v=2)?&?type=(?:adult|mainstream)$",
   "resourceTypes": [
    "script"
   ]
  },
  "id": 16435
 },
 {
  "action": {
   "type": "block"
  },
  "condition": {
   "domainType": "firstParty",
   "initiatorDomains": [
    "com"
   ],
   "isUrlFilterCaseSensitive": false,
   "regexFilter": "\\/js\\/\\d{2,3}eka\\d{2,3}\\.js$",
   "resourceTypes": [
    "script"
   ]
  },
  "id": 16437
 },
 {
  "action": {
   "type": "block"
  },
  "condition": {
   "domainType": "firstParty",
   "isUrlFilterCaseSensitive": false,
   "regexFilter": "^\\w+:\\/\\/[0-9a-z]{12}\\.dataunlocker\\.com\\/",
   "resourceTypes": [
    "script"
   ]
  },
  "id": 16439
 },
 {
  "action": {
   "type": "block"
  },
  "condition": {
   "domainType": "firstParty",
   "isUrlFilterCaseSensitive": false,
   "regexFilter": "^\\w+:\\/\\/[\\w.\\-]+\\.www\\.cybernetman\\.com\\/",
   "resourceTypes": [
    "script"
   ]
  },
  "id": 16440
 },
 {
  "action": {
   "type": "block"
  },
  "condition": {
   "domainType": "firstParty",
   "isUrlFilterCaseSensitive": false,
   "regexFilter": "^\\w+:\\/\\/[\\w.\\-]+\\.www\\.logology\\.co\\/",
   "resourceTypes": [
    "script"
   ]
  },
  "id": 16441
 },
 {
  "action": {
   "type": "block"
  },
  "condition": {
   "domainType": "firstParty",
   "isUrlFilterCaseSensitive": false,
   "regexFilter": "^\\w+:\\/\\/[\\w.\\-]+\\.www\\.atlaslane\\.com\\/",
   "resourceTypes": [
    "script"
   ]
  },
  "id": 16442
 },
 {
  "action": {
   "type": "block"
  },
  "condition": {
   "domainType": "firstParty",
   "isUrlFilterCaseSensitive": false,
   "regexFilter": "^\\w+:\\/\\/[0-9a-z]{12}\\.adria\\.gg\\/",
   "resourceTypes": [
    "script"
   ]
  },
  "id": 16443
 },
 {
  "action": {
   "type": "block"
  },
  "condition": {
   "domainType": "firstParty",
   "isUrlFilterCaseSensitive": false,
   "regexFilter": "^\\w+:\\/\\/[0-9a-z]{11}\\.taxliencode\\.com\\/",
   "resourceTypes": [
    "script"
   ]
  },
  "id": 16444
 },
 {
  "action": {
   "type": "block"
  },
  "condition": {
   "domainType": "firstParty",
   "isUrlFilterCaseSensitive": false,
   "regexFilter": "^\\w+:\\/\\/[0-9a-z]{12}\\.www\\.sidsplumbing\\.ie\\/",
   "resourceTypes": [
    "script"
   ]
  },
  "id": 16445
 },
 {
  "action": {
   "type": "block"
  },
  "condition": {
   "domainType": "firstParty",
   "isUrlFilterCaseSensitive": false,
   "regexFilter": "^\\w+:\\/\\/[0-9a-z]{12}\\.www\\.kodalia\\.com\\/",
   "resourceTypes": [
    "script"
   ]
  },
  "id": 16446
 },
 {
  "action": {
   "type": "block"
  },
  "condition": {
   "domainType": "firstParty",
   "initiatorDomains": [
    "gu-global.com",
    "uniqlo.com"
   ],
   "isUrlFilterCaseSensitive": false,
   "regexFilter": "\\.com\\/[-_0-9a-zA-Z]{4,}\\/[-\\/_0-9a-zA-Z]{25,}$",
   "resourceTypes": [
    "script"
   ]
  },
  "id": 16448
 },
 {
  "action": {
   "type": "block"
  },
  "condition": {
   "domainType": "firstParty",
   "isUrlFilterCaseSensitive": false,
   "regexFilter": "^https?:\\/\\/.*\\/sw\\.js\\?[a-zA-Z0-9%]{50,}",
   "resourceTypes": [
    "script"
   ]
  },
  "id": 16468
 },
 {
  "action": {
   "type": "block"
  },
  "condition": {
   "domainType": "firstParty",
   "initiatorDomains": [
    "bdsmx.tube",
    "bigdick.tube",
    "desiporn.tube",
    "hclips.com",
    "hdzog.com",
    "hdzog.tube",
    "hotmovs.com",
    "inporn.com",
    "porn555.com",
    "pornzog.com",
    "shemalez.com",
    "tporn.xxx",
    "tubepornclassic.com",
    "txxx.com",
    "upornia.com",
    "vjav.com",
    "vxxx.com",
    "youteenporn.net"
   ],
   "isUrlFilterCaseSensitive": false,
   "regexFilter": "^https?:\\/\\/.*\\/[a-z]{4,}\\/[a-z]{4,}\\.js",
   "resourceTypes": [
    "script"
   ]
  },
  "id": 16469
 },
 {
  "action": {
   "type": "block"
  },
  "condition": {
   "domainType": "firstParty",
   "initiatorDomains": [
    "imgadult.com",
    "imgdrive.net",
    "imgtaxi.com",
    "imgwallet.com"
   ],
   "isUrlFilterCaseSensitive": false,
   "regexFilter": "(?:com|net)\\/[a-z-]{3,10}\\.html$",
   "resourceTypes": [
    "sub_frame"
   ]
  },
  "id": 16528
 },
 {
  "action": {
   "type": "block"
  },
  "condition": {
   "domainType": "thirdParty",
   "excludedResourceTypes": [
    "image",
    "main_frame",
    "media",
    "sub_frame"
   ],
   "initiatorDomains": [
    "123movies-one.com",
    "123movies.net",
    "123moviesnow.site",
    "123proxy.biz",
    "123series.ru",
    "1cloudfile.com",
    "adblockstreamtape.art",
    "adblockstreamtape.site",
    "animebee.to",
    "asianembed.io",
    "baomay01.com",
    "bdupload.asia",
    "bowfile.com",
    "cast4u.xyz",
    "clipconverter.cc",
    "cricplay2.xyz",
    "daddylive.click",
    "desiupload.co",
    "dood.la",
    "dood.pm",
    "dood.so",
    "dood.to",
    "dood.watch",
    "dood.ws",
    "dopebox.to",
    "downloadpirate.com",
    "drivebuzz.icu",
    "dulu.to",
    "embedstream.me",
    "eplayvid.net",
    "extreme-down.plus",
    "fclecteur.com",
    "filmestorrents.net",
    "flashx.net",
    "flashx.tv",
    "fmovies.ps",
    "fmovies.to",
    "gdriveplayer.us",
    "gdtot.nl",
    "gogoplay.io",
    "gogoplay1.com",
    "gogoplay4.com",
    "gospeljingle.com",
    "hdfilme.cx",
    "hexupload.net",
    "hurawatch.at",
    "kiss-anime.org",
    "krunkercentral.com",
    "moviepapa.art",
    "movies2watch.tv",
    "moviesin.co",
    "myflixer.ac",
    "myflixer.it",
    "myflixer.pw",
    "myflixer.site",
    "myflixer.to",
    "myflixer.today",
    "myflixer.ws",
    "myflixertv.to",
    "noob4cast.com",
    "pkcast123.me",
    "powvideo.net",
    "powvldeo.me",
    "projectfreetv2.com",
    "proxyer.org",
    "putlockers.gs",
    "scloud.online",
    "sflix.to",
    "shortlinkto.icu",
    "skidrowcodex.net",
    "slreamplay.cc",
    "socolive.pro",
    "sports-stream.click",
    "steanplay.cc",
    "streamsport.icu",
    "streamtape.com",
    "streanplay.cc",
    "theproxy.ws",
    "uplinkto.one",
    "uptobhai.com",
    "vidbam.org",
    "vidembed.cc",
    "vidembed.io",
    "vidembed.me",
    "videobin.co",
    "videovard.sx",
    "vidlii.com",
    "vidoo.org",
    "vipbox.lc",
    "watchseries.ninja",
    "wawacity.work",
    "wizhdlive.xyz",
    "yodbox.com"
   ],
   "isUrlFilterCaseSensitive": false,
   "regexFilter": "^https?:\\/\\/.*\\.(club|bid|biz|xyz|site|pro|info|online|icu|monster|buzz|website|biz|re|casa|top|one|space|network|live|systems|ml|world|life|co)\\/.*"
  },
  "id": 16730
 },
 {
  "action": {
   "type": "block"
  },
  "condition": {
   "domainType": "thirdParty",
   "excludedResourceTypes": [
    "main_frame",
    "media",
    "sub_frame"
   ],
   "initiatorDomains": [
    "123movies.tw",
    "19turanosephantasia.com",
    "1cloudfile.com",
    "20demidistance9elongations.com",
    "745mingiestblissfully.com",
    "9xmovies.app",
    "9xupload.asia",
    "adblockeronstape.me",
    "adblockeronstreamtape.me",
    "adblockeronstrtape.xyz",
    "adblockplustape.xyz",
    "adblockstreamtape.art",
    "adblockstreamtape.fr",
    "adblockstreamtape.site",
    "adblocktape.online",
    "adblocktape.store",
    "adblocktape.wiki",
    "allsport.icu",
    "allsports.icu",
    "animepl.xyz",
    "aotonline.co",
    "asianstream.pro",
    "audaciousdefaulthouse.com",
    "bowfile.com",
    "capodeportes.fr",
    "cast4u.xyz",
    "clicknupload.to",
    "cloudvideo.tv",
    "coloredmanga.com",
    "cr7sports.us",
    "crackstreamshd.click",
    "cut-y.net",
    "daddyhd.com",
    "daddylive.click",
    "daddylive.fun",
    "dailyuploads.net",
    "databasegdriveplayer.xyz",
    "deltabit.co",
    "dood.la",
    "dood.pm",
    "dood.re",
    "dood.sh",
    "dood.so",
    "dood.to",
    "dood.watch",
    "dood.wf",
    "dood.ws",
    "dood.yt",
    "dramacool.sr",
    "drivebuzz.icu",
    "dslayeronline.com",
    "dulu.to",
    "dum.to",
    "embedplayer.site",
    "embedsb.com",
    "embedsito.com",
    "embedstream.me",
    "enjoy4k.xyz",
    "eplayvid.net",
    "evoload.io",
    "f123movies.com",
    "fembed-hd.com",
    "fileclub.cyou",
    "filemoon.sx",
    "files.im",
    "filmy4wap.ink",
    "flashx.net",
    "flexy.stream",
    "fmovies.ps",
    "footyhunter3.xyz",
    "gameshdlive.xyz",
    "gamovideo.com",
    "gaybeeg.info",
    "gdriveplayer.pro",
    "givemenbastreams.com",
    "gogoanimes.org",
    "gogohd.net",
    "gogoplay.io",
    "gogoplay4.com",
    "goload.io",
    "gomo.to",
    "goodstream.org",
    "greaseball6eventual20.com",
    "hdfilme.cx",
    "hdtoday.ru",
    "hexupload.net",
    "housecardsummerbutton.com",
    "hurawatch.at",
    "ive.zone",
    "kesini.in",
    "kickassanime.ro",
    "kickasstorrents.to",
    "klubsports.click",
    "letsupload.io",
    "linkhub.icu",
    "linksafe.cc",
    "livetvon.click",
    "luxubu.review",
    "mangareader.cc",
    "mangareader.to",
    "mangovideo.pw",
    "maxsport.one",
    "membed.net",
    "meomeo.pw",
    "mirrorace.org",
    "mixdrop.bz",
    "mixdrop.ch",
    "mixdrop.click",
    "mixdrop.club",
    "mixdrop.co",
    "mixdrop.sx",
    "mixdrop.to",
    "mixdrops.xyz",
    "movies2watch.tv",
    "mp4upload.com",
    "mreader.co",
    "mycast.icu",
    "myflixer.to",
    "myoplay.club",
    "mystream.to",
    "nelion.me",
    "nocensor.biz",
    "ovagames.com",
    "owodeuwu.xyz",
    "pahaplayers.click",
    "papahd.club",
    "pcgamestorrents.com",
    "playtube.ws",
    "pouvideo.cc",
    "projectfreetv2.com",
    "proxyer.org",
    "puresoul.live",
    "putlocker-website.com",
    "putlockers.gs",
    "putlockertv.one",
    "radamel.icu",
    "reputationsheriffkennethsand.com",
    "rojadirecta.watch",
    "sbthe.com",
    "scloud.online",
    "send.cm",
    "sflix.to",
    "shavetape.cash",
    "shortlinkto.icu",
    "skidrowcodex.net",
    "smallencode.me",
    "soccerstreamslive.co",
    "sportshighlights.club",
    "stapadblockuser.art",
    "stapadblockuser.click",
    "stapadblockuser.info",
    "stape.fun",
    "stapewithadblock.beauty",
    "stapewithadblock.monster",
    "stapewithadblock.xyz",
    "stayonline.pro",
    "strcloud.in",
    "streamingsite.net",
    "streamlare.com",
    "streamsport.icu",
    "streamta.pe",
    "streamta.site",
    "streamtape.com",
    "streamtape.to",
    "streamtapeadblock.art",
    "streamtapeadblockuser.art",
    "streamtapeadblockuser.homes",
    "streamtapeadblockuser.monster",
    "streamtapeadblockuser.xyz",
    "streamz.ws",
    "streamzz.to",
    "strikeout.cc",
    "strtape.cloud",
    "strtape.tech",
    "strtapeadblock.club",
    "strtapeadblocker.xyz",
    "strtapewithadblock.art",
    "strtapewithadblock.xyz",
    "superstream123.net",
    "supervideo.tv",
    "techmyntra.net",
    "telerium.icu",
    "telyn610zoanthropy.com",
    "thepiratebay0.org",
    "theproxy.ws",
    "thevideome.com",
    "toxitabellaeatrebates306.com",
    "un-block-voe.net",
    "upbam.org",
    "uplinkto.one",
    "upload-4ever.com",
    "uproxy.to",
    "upstream.to",
    "uptobhai.com",
    "uqload.co",
    "uqload.com",
    "userload.co",
    "userload.xyz",
    "userscloud.com",
    "v-o-e-unblock.com",
    "vanfem.com",
    "vidbam.org",
    "vidcloud.click",
    "vidembed.me",
    "videovard.sx",
    "vidlox.me",
    "vido.lol",
    "vidshar.org",
    "vidsrc.me",
    "vidsrc.stream",
    "vidz7.com",
    "vipleague.im",
    "vipleague.tv",
    "vivo.sx",
    "voe-un-block.com",
    "voe-unblock.com",
    "voe-unblock.net",
    "voe.bar",
    "voe.sx",
    "voeun-block.net",
    "voeunbl0ck.com",
    "voeunblck.com",
    "voeunblk.com",
    "voeunblock.com",
    "voeunblock1.com",
    "voeunblock2.com",
    "voeunblock3.com",
    "vostfree.online",
    "vudeo.io",
    "vudeo.net",
    "vumoo.to",
    "watch-free.tv",
    "watchkobe.info",
    "watchserieshd.live",
    "wowlive.info",
    "yesmovies.mn",
    "yodbox.com",
    "youtube4kdownloader.com",
    "zoro.to"
   ],
   "isUrlFilterCaseSensitive": false,
   "regexFilter": "^https?:\\/\\/[0-9a-z]{8,}\\.com\\/.*"
  },
  "id": 16731
 },
 {
  "action": {
   "type": "block"
  },
  "condition": {
   "domainType": "thirdParty",
   "isUrlFilterCaseSensitive": false,
   "regexFilter": "^https?:\\/\\/.*(com|net|top|xyz)\\/(bundle|warning|style|bootstrap|brand|reset|jquery-ui|styles|error|logo|index|favicon|star|header)\\.(png|css)\\?[A-Za-z0-9]{30,}.*"
  },
  "id": 16732
 },
 {
  "action": {
   "type": "block"
  },
  "condition": {
   "domainType": "thirdParty",
   "regexFilter": "^https?:\\/\\/[a-z]{8,15}\\.top\\/[-a-z]{4,}\\.css\\?aHR0c[\\/0-9a-zA-Z]{33,}=?=?$",
   "resourceTypes": [
    "stylesheet"
   ]
  },
  "id": 16914
 },
 {
  "action": {
   "type": "block"
  },
  "condition": {
   "domainType": "thirdParty",
   "regexFilter": "^https?:\\/\\/[a-z]{8,15}\\.xyz\\/[-a-z]{4,}\\.css\\?aHR0c[\\/0-9a-zA-Z]{33,}=?=?$",
   "resourceTypes": [
    "stylesheet"
   ]
  },
  "id": 16915
 },
 {
  "action": {
   "type": "block"
  },
  "condition": {
   "domainType": "thirdParty",
   "regexFilter": "^https?:\\/\\/[a-z]{8,15}\\.top\\/[a-z]{4,}\\.png\\?aHR0c[\\/0-9a-zA-Z]{33,}=?=?$",
   "resourceTypes": [
    "image"
   ]
  },
  "id": 16926
 },
 {
  "action": {
   "type": "block"
  },
  "condition": {
   "domainType": "thirdParty",
   "regexFilter": "^https?:\\/\\/[a-z]{8,15}\\.xyz\\/[a-z]{4,}\\.png\\?aHR0c[\\/0-9a-zA-Z]{33,}=?=?$",
   "resourceTypes": [
    "image"
   ]
  },
  "id": 16927
 },
 {
  "action": {
   "type": "block"
  },
  "condition": {
   "domainType": "thirdParty",
   "regexFilter": "^https?:\\/\\/[a-z]{7,16}\\.buzz\\/[+\\/0-9a-zA-Z]{140,}$",
   "resourceTypes": [
    "image"
   ]
  },
  "id": 16930
 },
 {
  "action": {
   "type": "block"
  },
  "condition": {
   "domainType": "thirdParty",
   "regexFilter": "^https?:\\/\\/[a-z]{7,16}\\.info\\/[+\\/0-9a-zA-Z]{140,}$",
   "resourceTypes": [
    "image"
   ]
  },
  "id": 16931
 },
 {
  "action": {
   "type": "block"
  },
  "condition": {
   "domainType": "thirdParty",
   "regexFilter": "^https?:\\/\\/[a-z]{7,16}\\.lol\\/[+\\/0-9a-zA-Z]{140,}$",
   "resourceTypes": [
    "image"
   ]
  },
  "id": 16932
 },
 {
  "action": {
   "type": "block"
  },
  "condition": {
   "domainType": "thirdParty",
   "regexFilter": "^https?:\\/\\/[a-z]{7,16}\\.one\\/[+\\/0-9a-zA-Z]{140,}$",
   "resourceTypes": [
    "image"
   ]
  },
  "id": 16933
 },
 {
  "action": {
   "type": "block"
  },
  "condition": {
   "domainType": "thirdParty",
   "regexFilter": "^https?:\\/\\/[a-z]{7,16}\\.xyz\\/[+\\/0-9a-zA-Z]{140,}$",
   "resourceTypes": [
    "image"
   ]
  },
  "id": 16934
 },
 {
  "action": {
   "type": "block"
  },
  "condition": {
   "domainType": "thirdParty",
   "isUrlFilterCaseSensitive": false,
   "regexFilter": "[0-9a-f]{32}\\/invoke\\.js",
   "resourceTypes": [
    "script"
   ]
  },
  "id": 17028
 },
 {
  "action": {
   "type": "block"
  },
  "condition": {
   "domainType": "thirdParty",
   "isUrlFilterCaseSensitive": false,
   "regexFilter": "^https?:\\/\\/(?:www\\.|[0-9a-z]{7,10}\\.)?[-0-9a-z]{5,}\\.com\\/\\/?(?:[0-9a-f]{2}\\/){2,3}[0-9a-f]{32}\\.js",
   "resourceTypes": [
    "script",
    "xmlhttprequest"
   ]
  },
  "id": 17029
 },
 {
  "action": {
   "type": "block"
  },
  "condition": {
   "domainType": "thirdParty",
   "isUrlFilterCaseSensitive": false,
   "regexFilter": "^https?:\\/\\/[0-9a-z]{13,14}\\.cloudfront\\.net\\/\\?[a-z]{3,5}=\\d{6}$",
   "resourceTypes": [
    "script",
    "xmlhttprequest"
   ]
  },
  "id": 17030
 },
 {
  "action": {
   "type": "block"
  },
  "condition": {
   "domainType": "thirdParty",
   "isUrlFilterCaseSensitive": false,
   "regexFilter": "^https:\\/\\/[0-9a-f]{10}\\.[0-9a-f]{10}\\.com\\/[0-9a-f]{32}\\.js$",
   "resourceTypes": [
    "script"
   ]
  },
  "id": 17031
 },
 {
  "action": {
   "type": "block"
  },
  "condition": {
   "domainType": "thirdParty",
   "regexFilter": "^https?:\\/\\/[-a-z]{6,}\\.com?\\/[a-d][-\\.\\/_A-Za-z][DHWXm][-\\.\\/_A-Za-z][59FVZ][-\\.\\/_A-Za-z][6swyz][-\\.\\/_A-Za-z][-\\/_0-9a-zA-Z][-\\.\\/_A-Za-z][-\\/_0-9a-zA-Z]{22,162}$",
   "resourceTypes": [
    "script",
    "xmlhttprequest"
   ]
  },
  "id": 17032
 },
 {
  "action": {
   "type": "block"
  },
  "condition": {
   "domainType": "thirdParty",
   "regexFilter": "^https?:\\/\\/[-a-z]{6,}\\.info\\/[a-d][-\\.\\/_A-Za-z][DHWXm][-\\.\\/_A-Za-z][59FVZ][-\\.\\/_A-Za-z][6swyz][-\\.\\/_A-Za-z][-\\/_0-9a-zA-Z][-\\.\\/_A-Za-z][-\\/_0-9a-zA-Z]{22,162}$",
   "resourceTypes": [
    "script",
    "xmlhttprequest"
   ]
  },
  "id": 17033
 },
 {
  "action": {
   "type": "block"
  },
  "condition": {
   "domainType": "thirdParty",
   "regexFilter": "^https?:\\/\\/[-a-z]{6,}\\.pro\\/[a-d][-\\.\\/_A-Za-z][DHWXm][-\\.\\/_A-Za-z][59FVZ][-\\.\\/_A-Za-z][6swyz][-\\.\\/_A-Za-z][-\\/_0-9a-zA-Z][-\\.\\/_A-Za-z][-\\/_0-9a-zA-Z]{22,162}$",
   "resourceTypes": [
    "script",
    "xmlhttprequest"
   ]
  },
  "id": 17034
 },
 {
  "action": {
   "type": "block"
  },
  "condition": {
   "domainType": "thirdParty",
   "regexFilter": "^https?:\\/\\/[-a-z]{6,}\\.xyz\\/[a-d][-\\.\\/_A-Za-z][DHWXm][-\\.\\/_A-Za-z][59FVZ][-\\.\\/_A-Za-z][6swyz][-\\.\\/_A-Za-z][-\\/_0-9a-zA-Z][-\\.\\/_A-Za-z][-\\/_0-9a-zA-Z]{22,162}$",
   "resourceTypes": [
    "script",
    "xmlhttprequest"
   ]
  },
  "id": 17035
 },
 {
  "action": {
   "type": "block"
  },
  "condition": {
   "domainType": "thirdParty",
   "isUrlFilterCaseSensitive": false,
   "regexFilter": "^https:\\/\\/(?:cdn77\\.)?aj[0-9a-z]{2}\\d{2}\\.online\\/[0-9a-z]{8}\\.js$",
   "resourceTypes": [
    "script"
   ]
  },
  "id": 17060
 },
 {
  "action": {
   "type": "block"
  },
  "condition": {
   "domainType": "thirdParty",
   "isUrlFilterCaseSensitive": false,
   "regexFilter": "^https:\\/\\/(?:cdn77\\.)?aj[0-9a-z]{2}\\d{2}\\.bid\\/[0-9a-z]{8}\\.js$",
   "resourceTypes": [
    "script"
   ]
  },
  "id": 17061
 },
 {
  "action": {
   "type": "block"
  },
  "condition": {
   "domainType": "thirdParty",
   "isUrlFilterCaseSensitive": false,
   "regexFilter": "^https?:\\/\\/[a-z]{8,15}\\.(?:com|net|xyz)\\/5\\/\\d{6,7}(?:\\?_=\\d+)?$",
   "resourceTypes": [
    "script"
   ]
  },
  "id": 17085
 },
 {
  "action": {
   "type": "block"
  },
  "condition": {
   "domainType": "thirdParty",
   "isUrlFilterCaseSensitive": false,
   "regexFilter": "^https:\\/\\/[-a-z]{8,15}\\.(?:com|net)\\/400\\/\\d{7}$",
   "resourceTypes": [
    "script"
   ]
  },
  "id": 17086
 },
 {
  "action": {
   "type": "block"
  },
  "condition": {
   "domainType": "thirdParty",
   "isUrlFilterCaseSensitive": false,
   "regexFilter": "^https:\\/\\/[-a-z]{8,15}\\.(?:com|net)\\/401\\/\\d{7}$",
   "resourceTypes": [
    "script"
   ]
  },
  "id": 17087
 },
 {
  "action": {
   "type": "block"
  },
  "condition": {
   "domainType": "thirdParty",
   "isUrlFilterCaseSensitive": false,
   "regexFilter": "^https?:\\/\\/[a-z]{8,15}\\.(?:com|net)\\/tag\\.min\\.js$",
   "resourceTypes": [
    "script"
   ]
  },
  "id": 17088
 },
 {
  "action": {
   "type": "block"
  },
  "condition": {
   "domainType": "thirdParty",
   "isUrlFilterCaseSensitive": false,
   "regexFilter": "^https?:\\/\\/[a-z]{6,12}\\.com\\/script\\/n[a-z]su\\.js$",
   "resourceTypes": [
    "script"
   ]
  },
  "id": 17124
 },
 {
  "action": {
   "type": "block"
  },
  "condition": {
   "domainType": "thirdParty",
   "regexFilter": "^https?:\\/\\/cdn\\.[a-z]{4,6}\\.xyz\\/app\\.js$",
   "resourceTypes": [
    "script"
   ]
  },
  "id": 17134
 },
 {
  "action": {
   "type": "block"
  },
  "condition": {
   "domainType": "thirdParty",
   "isUrlFilterCaseSensitive": false,
   "regexFilter": "^https:\\/\\/[a-z]{8}\\.xyz\\/main\\.js$",
   "resourceTypes": [
    "script"
   ]
  },
  "id": 17145
 },
 {
  "action": {
   "type": "block"
  },
  "condition": {
   "domainType": "thirdParty",
   "regexFilter": "^https?:\\/\\/[a-z]{8,15}\\.club\\/[%0-9a-zA-Z]{170,}$",
   "resourceTypes": [
    "script"
   ]
  },
  "id": 17168
 },
 {
  "action": {
   "type": "block"
  },
  "condition": {
   "domainType": "thirdParty",
   "regexFilter": "^https?:\\/\\/[a-z]{8,15}\\.fun\\/[%0-9a-zA-Z]{170,}$",
   "resourceTypes": [
    "script"
   ]
  },
  "id": 17169
 },
 {
  "action": {
   "type": "block"
  },
  "condition": {
   "domainType": "thirdParty",
   "regexFilter": "^https?:\\/\\/[a-z]{8,15}\\.hair\\/[%0-9a-zA-Z]{170,}$",
   "resourceTypes": [
    "script"
   ]
  },
  "id": 17170
 },
 {
  "action": {
   "type": "block"
  },
  "condition": {
   "domainType": "thirdParty",
   "isUrlFilterCaseSensitive": false,
   "regexFilter": "^https?:\\/\\/[a-z]{8,15}\\.work\\/[%0-9a-zA-Z]{170,}$",
   "resourceTypes": [
    "script"
   ]
  },
  "id": 17171
 },
 {
  "action": {
   "type": "block"
  },
  "condition": {
   "domainType": "thirdParty",
   "isUrlFilterCaseSensitive": false,
   "regexFilter": "^https?:\\/\\/[a-z]{8,15}\\.xyz\\/[%0-9a-zA-Z]{170,}$",
   "resourceTypes": [
    "script"
   ]
  },
  "id": 17172
 },
 {
  "action": {
   "type": "block"
  },
  "condition": {
   "domainType": "thirdParty",
   "regexFilter": "^https:\\/\\/cdn\\.jsdelivr\\.net\\/npm\\/[-a-z_]{4,22}@latest\\/dist\\/script\\.min\\.js$",
   "resourceTypes": [
    "script"
   ]
  },
  "id": 17185
 },
 {
  "action": {
   "type": "block"
  },
  "condition": {
   "domainType": "thirdParty",
   "isUrlFilterCaseSensitive": false,
   "regexFilter": "^https:\\/\\/[a-z]{7,16}\\.[a-z]{3,7}\\/[a-z0-9]{14}\\/\\d{5}$",
   "resourceTypes": [
    "script"
   ]
  },
  "id": 17189
 },
 {
  "action": {
   "type": "block"
  },
  "condition": {
   "domainType": "thirdParty",
   "isUrlFilterCaseSensitive": false,
   "regexFilter": "(https?:\\/\\/)\\w{30,}\\.me\\/\\w{30,}\\.",
   "resourceTypes": [
    "script"
   ]
  },
  "id": 17196
 },
 {
  "action": {
   "type": "block"
  },
  "condition": {
   "domainType": "thirdParty",
   "excludedInitiatorDomains": [
    "amazon.com"
   ],
   "isUrlFilterCaseSensitive": false,
   "regexFilter": "^https?:\\/\\/s3\\.*.*\\.amazonaws\\.com\\/[a-f0-9]{45,}\\/[a-f,0-9]{8,10}$",
   "resourceTypes": [
    "script",
    "xmlhttprequest"
   ]
  },
  "id": 17199
 },
 {
  "action": {
   "type": "block"
  },
  "condition": {
   "domainType": "thirdParty",
   "isUrlFilterCaseSensitive": false,
   "regexFilter": "^https?:\\/\\/cdn\\.[0-9a-z]{3,6}\\.xyz\\/[a-z0-9]{8,}\\.js$",
   "resourceTypes": [
    "script"
   ]
  },
  "id": 17201
 },
 {
  "action": {
   "type": "block"
  },
  "condition": {
   "domainType": "thirdParty",
   "initiatorDomains": [
    "dood.la",
    "dood.pm",
    "dood.sh",
    "dood.so",
    "dood.to",
    "dood.watch",
    "dood.ws"
   ],
   "isUrlFilterCaseSensitive": false,
   "regexFilter": "^https?:\\/\\/www\\.[0-9a-z]{8,}\\.com\\/[0-9a-z]{1,4}\\.js$",
   "resourceTypes": [
    "script"
   ]
  },
  "id": 17207
 },
 {
  "action": {
   "type": "block"
  },
  "condition": {
   "domainType": "thirdParty",
   "isUrlFilterCaseSensitive": false,
   "regexFilter": "^https?:\\/\\/[0-9a-f]{50,}\\.s3\\.amazonaws\\.com\\/[0-9a-f]{10}$",
   "resourceTypes": [
    "xmlhttprequest"
   ]
  },
  "id": 17223
 },
 {
  "action": {
   "type": "block"
  },
  "condition": {
   "domainType": "thirdParty",
   "isUrlFilterCaseSensitive": false,
   "regexFilter": "^https?:\\/\\/s3\\.us-east-1\\.amazonaws\\.com\\/[0-9a-f]{50,}\\/[0-9a-f]{10}$",
   "resourceTypes": [
    "xmlhttprequest"
   ]
  },
  "id": 17224
 },
 {
  "action": {
   "type": "block"
  },
  "condition": {
   "domainType": "thirdParty",
   "regexFilter": "^https?:\\/\\/[a-z]{8,15}\\.top\\/[a-z]{4,}\\.json$",
   "resourceTypes": [
    "xmlhttprequest"
   ]
  },
  "id": 17225
 },
 {
  "action": {
   "type": "block"
  },
  "condition": {
   "domainType": "thirdParty",
   "regexFilter": "^https?:\\/\\/[a-z]{8,15}\\.xyz\\/[a-z]{4,}\\.json$",
   "resourceTypes": [
    "xmlhttprequest"
   ]
  },
  "id": 17226
 },
 {
  "action": {
   "type": "block"
  },
  "condition": {
   "domainType": "thirdParty",
   "isUrlFilterCaseSensitive": false,
   "regexFilter": "^https:\\/\\/[-a-z]{8,15}\\.(?:com|net)\\/500\\/\\d{7}\\?",
   "resourceTypes": [
    "xmlhttprequest"
   ]
  },
  "id": 17229
 },
 {
  "action": {
   "type": "block"
  },
  "condition": {
   "domainType": "thirdParty",
   "initiatorDomains": [
    "2embed.to",
    "apiyoutube.cc",
    "clicknupload.red",
    "clicknupload.to",
    "daddyhd.com",
    "dood.wf",
    "footyhunter3.xyz",
    "gameshdlive.xyz",
    "gogoanime.qa",
    "hitstreams.live",
    "klubsports.clicksoccersislive.xyz",
    "mp4upload.com",
    "poscitech.click",
    "poscitech.com",
    "radamel.icu",
    "sportcast.life",
    "sportskart.click",
    "streamvid.net",
    "uploadbank.com",
    "worldstreams.click"
   ],
   "isUrlFilterCaseSensitive": false,
   "regexFilter": "^https?:\\/\\/[0-9a-z]{8,}\\.xyz\\/.*",
   "resourceTypes": [
    "xmlhttprequest"
   ]
  },
  "id": 17238
 },
 {
  "action": {
   "type": "block"
  },
  "condition": {
   "domainType": "thirdParty",
   "regexFilter": "^https?:\\/\\/[a-z]{8,15}\\.top(\\/(?:\\d{1,5}|0NaN|articles?|browse|index|movie|news|pages?|static|view|web|wiki)){1,4}(?:\\.html|\\/)$",
   "resourceTypes": [
    "sub_frame"
   ]
  },
  "id": 17248
 },
 {
  "action": {
   "type": "block"
  },
  "condition": {
   "domainType": "thirdParty",
   "regexFilter": "^https?:\\/\\/[a-z]{8,15}\\.xyz(\\/(?:\\d{1,5}|0NaN|articles?|browse|index|movie|news|pages?|static|view|web|wiki)){1,4}(?:\\.html|\\/)$",
   "resourceTypes": [
    "sub_frame"
   ]
  },
  "id": 17249
 },
 {
  "action": {
   "type": "block"
  },
  "condition": {
   "domainType": "thirdParty",
   "isUrlFilterCaseSensitive": false,
   "regexFilter": "^https?:\\/\\/[-0-9a-z]{5,}\\.com\\/[0-9a-z]{8,10}\\?key=[0-9a-f]{32}$",
   "resourceTypes": [
    "sub_frame"
   ]
  },
  "id": 17258
 },
 {
  "action": {
   "type": "block"
  },
  "condition": {
   "domainType": "thirdParty",
   "regexFilter": "^https?:\\/\\/[a-z]{7,16}\\.buzz\\/[+\\/0-9a-zA-Z]{400,}$",
   "resourceTypes": [
    "sub_frame"
   ]
  },
  "id": 17259
 },
 {
  "action": {
   "type": "block"
  },
  "condition": {
   "domainType": "thirdParty",
   "regexFilter": "^https?:\\/\\/[a-z]{7,16}\\.info\\/[+\\/0-9a-zA-Z]{400,}$",
   "resourceTypes": [
    "sub_frame"
   ]
  },
  "id": 17260
 },
 {
  "action": {
   "type": "block"
  },
  "condition": {
   "domainType": "thirdParty",
   "regexFilter": "^https?:\\/\\/[a-z]{7,16}\\.lol\\/[+\\/0-9a-zA-Z]{400,}$",
   "resourceTypes": [
    "sub_frame"
   ]
  },
  "id": 17261
 },
 {
  "action": {
   "type": "block"
  },
  "condition": {
   "domainType": "thirdParty",
   "regexFilter": "^https?:\\/\\/[a-z]{7,16}\\.one\\/[+\\/0-9a-zA-Z]{400,}$",
   "resourceTypes": [
    "sub_frame"
   ]
  },
  "id": 17262
 },
 {
  "action": {
   "type": "block"
  },
  "condition": {
   "domainType": "thirdParty",
   "regexFilter": "^https?:\\/\\/[a-z]{7,16}\\.xyz\\/[+\\/0-9a-zA-Z]{400,}$",
   "resourceTypes": [
    "sub_frame"
   ]
  },
  "id": 17263
 },
 {
  "action": {
   "type": "block"
  },
  "condition": {
   "domainType": "thirdParty",
   "isUrlFilterCaseSensitive": false,
   "regexFilter": "([0-9]{1,3}\\.){3}[0-9]{1,3}.*(\\/proxy|\\.wasm|\\.wsm|\\.wa)$",
   "resourceTypes": [
    "websocket"
   ]
  },
  "id": 17281
 }
]
