[
 {
  "action": {
   "type": "block"
  },
  "condition": {
   "isUrlFilterCaseSensitive": false,
   "regexFilter": "afiliasi\\/*\\/banners"
  },
  "id": 1013
 },
 {
  "action": {
   "type": "block"
  },
  "condition": {
   "isUrlFilterCaseSensitive": false,
   "regexFilter": "anuncy\\/*\\/ads"
  },
  "id": 1027
 },
 {
  "action": {
   "type": "block"
  },
  "condition": {
   "isUrlFilterCaseSensitive": false,
   "regexFilter": "images\\/*_ads"
  },
  "id": 1459
 },
 {
  "action": {
   "type": "block"
  },
  "condition": {
   "isUrlFilterCaseSensitive": false,
   "regexFilter": "static\\/*\\/ads"
  },
  "id": 2064
 },
 {
  "action": {
   "type": "block"
  },
  "condition": {
   "initiatorDomains": [
    "zone-telechargement.click"
   ],
   "isUrlFilterCaseSensitive": false,
   "regexFilter": "\\/\\/[a-z]{6,}\\.com\\/[a-zA-Z0-9]{5,}-?[a-zA-Z0-9.]{6,}[\\s\\S]*\\/[a-zA-Z0-9]{10,}",
   "resourceTypes": [
    "script"
   ]
  },
  "id": 5537
 },
 {
  "action": {
   "type": "block"
  },
  "condition": {
   "isUrlFilterCaseSensitive": false,
   "regexFilter": "^https?:\\/\\/(www\\.)?([a-z0-9]{3,16}\\.)?[a-z0-9]{5,32}\\.([a-z]{2,8})\\/([a-z0-9]{2,4}\\/){3}[a-f0-9]{32}\\.js$",
   "resourceTypes": [
    "script",
    "xmlhttprequest"
   ]
  },
  "id": 5596
 },
 {
  "action": {
   "type": "block"
  },
  "condition": {
   "isUrlFilterCaseSensitive": false,
   "regexFilter": "^https?:\\/\\/(www\\.)?([a-z0-9]{5,32}\\.)([a-z]{2,8})\\/[0-9a-f]{32}\\/invoke\\.js$",
   "resourceTypes": [
    "script",
    "xmlhttprequest"
   ]
  },
  "id": 5597
 }
]
