[
 {
  "action": {
   "type": "block"
  },
  "condition": {
   "domainType": "firstParty",
   "initiatorDomains": [
    "virgool.io"
   ],
   "isUrlFilterCaseSensitive": false,
   "regexFilter": "^https?:\\/\\/virgool\\.io\\/api\\/v1\\.4\\/post\\/[0-9a-z]+$",
   "resourceTypes": [
    "xmlhttprequest"
   ]
  },
  "id": 496
 },
 {
  "action": {
   "type": "block"
  },
  "condition": {
   "domainType": "firstParty",
   "initiatorDomains": [
    "virgool.io"
   ],
   "isUrlFilterCaseSensitive": false,
   "regexFilter": "^https?:\\/\\/virgool\\.io\\/api\\/v1\\.4\\/post\\/[0-9a-z]+$",
   "requestMethods": [
    "post"
   ],
   "resourceTypes": [
    "xmlhttprequest"
   ]
  },
  "id": 497
 }
]
