[
 {
  "action": {
   "type": "block"
  },
  "condition": {
   "initiatorDomains": [
    "haaretz.co.il",
    "themarker.com"
   ],
   "isUrlFilterCaseSensitive": false,
   "regexFilter": "haaretz\\.co\\.il\\/[\\w\\.!]+\\/[\\w\\.!]+\\/[\\w\\.!]+\\/[\\w\\.!]+\\/[\\w\\.!]+\\/",
   "resourceTypes": [
    "image",
    "sub_frame"
   ]
  },
  "id": 74
 },
 {
  "action": {
   "type": "block"
  },
  "condition": {
   "domainType": "thirdParty",
   "initiatorDomains": [
    "6days.walla.co.il",
    "animals.walla.co.il",
    "astrology.walla.co.il",
    "b.walla.co.il",
    "buzzit.walla.co.il",
    "calendar.walla.co.il",
    "cars.walla.co.il",
    "celebs.walla.co.il",
    "e.walla.co.il",
    "elections.walla.co.il",
    "euro.walla.co.il",
    "fashion.walla.co.il",
    "finance.walla.co.il",
    "food.walla.co.il",
    "forums.walla.co.il",
    "fun.walla.co.il",
    "healthy.walla.co.il",
    "home.walla.co.il",
    "judaism.walla.co.il",
    "kids.walla.co.il",
    "mag.walla.co.il",
    "maps.walla.co.il",
    "milon.walla.co.il",
    "movies.walla.co.il",
    "mundial.walla.co.il",
    "nadlan.walla.co.il",
    "news.walla.co.il",
    "nick.walla.co.il",
    "olympics.walla.co.il",
    "search.walla.co.il",
    "sports.walla.co.il",
    "tags.walla.co.il",
    "tech.walla.co.il",
    "translate.walla.co.il",
    "travel.walla.co.il",
    "tv-guide.walla.co.il",
    "tv.walla.co.il",
    "usaelections.walla.co.il",
    "viva.walla.co.il",
    "vod.walla.co.il",
    "weather.walla.co.il",
    "www.walla.co.il"
   ],
   "isUrlFilterCaseSensitive": false,
   "regexFilter": "^[a-zA-Z0-9\\-]+\\:\\/+[0-9\\.]+([\\/\\:]|$)",
   "resourceTypes": [
    "image",
    "media",
    "script",
    "stylesheet",
    "sub_frame"
   ]
  },
  "id": 126
 },
 {
  "action": {
   "type": "block"
  },
  "condition": {
   "domainType": "thirdParty",
   "isUrlFilterCaseSensitive": false,
   "regexFilter": "(\\/|\\.)[a-fA-F0-9]{32}\\.com\\.?([\\/\\:]|$)",
   "resourceTypes": [
    "media",
    "script",
    "sub_frame",
    "xmlhttprequest"
   ]
  },
  "id": 128
 },
 {
  "action": {
   "type": "allow"
  },
  "condition": {
   "initiatorDomains": [
    "13news.co.il",
    "13tv.co.il",
    "ynet.co.il"
   ],
   "isUrlFilterCaseSensitive": false,
   "regexFilter": "^https?:\\/+adservice\\.google\\.(com?\\.)?[a-zA-Z0-9]{2,22}\\.?\\/adsid\\/integrator.js\\?",
   "resourceTypes": [
    "script"
   ]
  },
  "id": 187
 }
]
