[
 {
  "action": {
   "type": "block"
  },
  "condition": {
   "initiatorDomains": [
    "amatorialeporno.it",
    "culonudo.com",
    "granditetteporno.it",
    "listasitiporno.it",
    "matrignaporno.it",
    "matureporno.it",
    "milfporno.it",
    "porno-anale.it",
    "porno-gay.it",
    "porno-hardcore.it",
    "porno-lesbica.it",
    "pornoadolescente.it",
    "pornomatura.it",
    "scopateitaliane.com",
    "scopateitaliane.it",
    "videoporno-gratis.it"
   ],
   "isUrlFilterCaseSensitive": false,
   "regexFilter": "^https?:\\/\\/.*\\/[a-z0-9A-Z_]{2,15}\\.(php|jx|jsx|1ph|jsf|jz|jsm|j$)",
   "resourceTypes": [
    "image",
    "script",
    "sub_frame"
   ]
  },
  "id": 5294
 },
 {
  "action": {
   "type": "block"
  },
  "condition": {
   "initiatorDomains": [
    "dundi.it",
    "guardaflix.cfd",
    "guardaserie.gives",
    "pornototale.com",
    "skip.li"
   ],
   "isUrlFilterCaseSensitive": false,
   "regexFilter": "^https?:\\/\\/.*\\/.*sw[0-9._].*",
   "resourceTypes": [
    "script"
   ]
  },
  "id": 5301
 },
 {
  "action": {
   "type": "block"
  },
  "condition": {
   "domainType": "thirdParty",
   "excludedResourceTypes": [
    "main_frame",
    "media"
   ],
   "initiatorDomains": [
    "altadefinizione-01.info",
    "altadefinizione.immo",
    "altd.uno",
    "animeforce.it",
    "cb01.pizza",
    "cb01.press",
    "cb01.taxi",
    "cbo1.bar",
    "cineblog01.hair",
    "cineblog01.sale",
    "cineblog01.taxi",
    "cineblog01.trade",
    "eurekaddl.cfd",
    "eurekaddl.lol",
    "eurekaddl.mom",
    "eurostreaming.actor",
    "eurostreaming.cc",
    "eurostreaming.cfd",
    "eurostreaming.pics",
    "eurostreaming.rodeo",
    "eurostreaming.sbs",
    "eurostreaming.social",
    "eurostreaming.voyage",
    "filmpertutti.loan",
    "guardaserie.skin",
    "guardaserie.social",
    "guardaserie01.click",
    "ilgeniodellostreaming.bar",
    "ilgeniodellostreaming.hair",
    "ilgeniodellostreaming.live",
    "ilgeniodellostreaming.pictures",
    "ilgeniodellostreaming.press",
    "ilgeniodellostreaming.vip",
    "italia-film.click",
    "nuovoindirizzo.com",
    "pepperlive.info",
    "streamingcommunity.stream",
    "streamingcommunity.top",
    "streamingita.club",
    "tantifilm.mobi",
    "tantifilm.mom",
    "tantifilm.tattoo",
    "tuttostream.top"
   ],
   "isUrlFilterCaseSensitive": false,
   "regexFilter": "^https?:\\/\\/[0-9a-z]{8,}\\.com\\/.*"
  },
  "id": 5358
 },
 {
  "action": {
   "type": "block"
  },
  "condition": {
   "domainType": "thirdParty",
   "excludedResourceTypes": [
    "main_frame",
    "media"
   ],
   "initiatorDomains": [
    "altadefinizione.foundation",
    "altadefinizione.motorcycles",
    "guardaflix.cfd",
    "guardaserie.gives",
    "socceron.name"
   ],
   "isUrlFilterCaseSensitive": false,
   "regexFilter": "^https?:\\/\\/[0-9a-z]{8,}\\.xyz\\/.*"
  },
  "id": 5359
 }
]
