[
 {
  "action": {
   "type": "block"
  },
  "condition": {
   "regexFilter": "^https?:\\/\\/[a-z0-9-\\.]*[a-z0-9-]+\\.[a-z]+\\/bannerManager\\/"
  },
  "id": 7
 },
 {
  "action": {
   "type": "block"
  },
  "condition": {
   "isUrlFilterCaseSensitive": false,
   "regexFilter": "^https?:\\/\\/[a-z0-9-\\.]*[a-z0-9-]+\\.[a-z]+\\/bannerpop\\/uploads\\/"
  },
  "id": 8
 },
 {
  "action": {
   "type": "block"
  },
  "condition": {
   "isUrlFilterCaseSensitive": false,
   "regexFilter": "^https?:\\/\\/[a-z0-9-\\.]*[a-z0-9-]+\\.[a-z]+\\/adManager\\/(css|js)\\/[A-z]+\\.(css|js)$"
  },
  "id": 9
 },
 {
  "action": {
   "type": "block"
  },
  "condition": {
   "isUrlFilterCaseSensitive": false,
   "regexFilter": "^https?:\\/\\/[a-z0-9-\\.]*[a-z0-9-]+\\.[a-z]+\\/RealMedia\\/ads\\/"
  },
  "id": 10
 },
 {
  "action": {
   "type": "block"
  },
  "condition": {
   "initiatorDomains": [
    "watchfreejavonline.co"
   ],
   "isUrlFilterCaseSensitive": false,
   "regexFilter": "^https:\\/\\/i0\\.wp\\.com\\/watchfreejavonline\\.co\\/wp-content\\/uploads\\/[0-9]+\\/[0-9]+\\/cropped-favicon-watchfreejav\\.png"
  },
  "id": 20
 },
 {
  "action": {
   "type": "block"
  },
  "condition": {
   "initiatorDomains": [
    "busan.com"
   ],
   "isUrlFilterCaseSensitive": false,
   "regexFilter": "^https:\\/\\/www\\.busan\\.com\\/nas\\/wcms\\/public\\/pc\\/images\\/new\\/[0-9]+[a-z]+\\.gif"
  },
  "id": 21
 },
 {
  "action": {
   "type": "block"
  },
  "condition": {
   "initiatorDomains": [
    "itwind.co.kr"
   ],
   "isUrlFilterCaseSensitive": false,
   "regexFilter": "^https:\\/\\/blogger\\.googleusercontent\\.com\\/img\\/a\\/[A-z0-9_-]+=s[0-9]+$"
  },
  "id": 34
 },
 {
  "action": {
   "type": "block"
  },
  "condition": {
   "initiatorDomains": [
    "fomos.kr"
   ],
   "isUrlFilterCaseSensitive": false,
   "regexFilter": "^https?:\\/\\/[a-z0-9]+\\.soonwe\\.com\\/[A-z0-9-]+\\/ad_[0-9]+_[0-9]+\\.js"
  },
  "id": 38
 },
 {
  "action": {
   "type": "block"
  },
  "condition": {
   "initiatorDomains": [
    "fomos.kr"
   ],
   "isUrlFilterCaseSensitive": false,
   "regexFilter": "^https?:\\/\\/[a-z0-9]+\\.soonwe\\.com\\/[A-z0-9-]+\\/wt_[0-9]+_[0-9]+\\.html"
  },
  "id": 39
 },
 {
  "action": {
   "type": "block"
  },
  "condition": {
   "initiatorDomains": [
    "wemakeprice.com"
   ],
   "regexFilter": "^https?:\\/\\/view[0-9]+\\.wemep\\.co\\.kr\\/wmp-banner\\/[0-9]{2}\\/[0-9]{6}\\/[0-9]{2}\\/"
  },
  "id": 51
 },
 {
  "action": {
   "type": "block"
  },
  "condition": {
   "initiatorDomains": [
    "wemakeprice.com"
   ],
   "regexFilter": "^https?:\\/\\/view[0-9]+\\.wemep\\.co\\.kr\\/wmp-main\\/[0-9]{2}\\/[0-9]{6}\\/[0-9]{2}\\/(pmt|pmb)_[a-z0-9]{12}\\."
  },
  "id": 52
 },
 {
  "action": {
   "type": "block"
  },
  "condition": {
   "initiatorDomains": [
    "naver.com"
   ],
   "regexFilter": "^https:\\/\\/nng-phinf\\.pstatic\\.net\\/.+\\/[%A-z0-9]*[0-9]+(x|X)[0-9]+.*_naverads\\."
  },
  "id": 53
 },
 {
  "action": {
   "type": "block"
  },
  "condition": {
   "initiatorDomains": [
    "platum.kr"
   ],
   "regexFilter": "https?:\\/\\/live\\.staticflickr\\.com\\/65535\\/[0-9]{11}_[a-z0-9]{10}_o\\."
  },
  "id": 59
 },
 {
  "action": {
   "type": "block"
  },
  "condition": {
   "initiatorDomains": [
    "joongna.com"
   ],
   "isUrlFilterCaseSensitive": false,
   "regexFilter": "^https:\\/\\/img[0-9]+\\.joongna\\.com\\/media\\/original\\/[0-9]{4}\\/[0-9]{2}\\/[0-9]{2}\\/[0-9]{13}\\."
  },
  "id": 80
 },
 {
  "action": {
   "type": "block"
  },
  "condition": {
   "initiatorDomains": [
    "haninpost.com"
   ],
   "isUrlFilterCaseSensitive": false,
   "regexFilter": "^https:\\/\\/haninpost\\.com\\/wp-content\\/uploads\\/[0-9]{4}\\/[0-9]{2}\\/.*(webbanner-|%EA%B4%91%EA%B3%A0|.{1}banner.{1}[0-9]+x[0-9]+)"
  },
  "id": 106
 },
 {
  "action": {
   "type": "block"
  },
  "condition": {
   "initiatorDomains": [
    "haninpost.com"
   ],
   "regexFilter": "^https:\\/\\/haninpost\\.com\\/wp-content\\/uploads\\/[0-9]{4}\\/[0-9]{2}\\/[A-Z0-9_]+\\."
  },
  "id": 107
 },
 {
  "action": {
   "type": "block"
  },
  "condition": {
   "initiatorDomains": [
    "boribori.co.kr"
   ],
   "isUrlFilterCaseSensitive": false,
   "regexFilter": "^https:\\/\\/cdn[0-9]+\\.boribori\\.co\\.kr\\/rimg\\/(0|110x250)\\/cdn\\/contents\\/disp_corner_conts\\/"
  },
  "id": 114
 },
 {
  "action": {
   "type": "block"
  },
  "condition": {
   "initiatorDomains": [
    "evape.kr"
   ],
   "isUrlFilterCaseSensitive": false,
   "regexFilter": "^https:\\/\\/evape\\.kr\\/data\\/editor\\/[0-9]+\\/[a-z0-9]+_[a-z0-9]+_[a-z0-9]+\\."
  },
  "id": 116
 },
 {
  "action": {
   "type": "block"
  },
  "condition": {
   "initiatorDomains": [
    "evape.kr"
   ],
   "isUrlFilterCaseSensitive": false,
   "regexFilter": "^https:\\/\\/evape\\.kr\\/data\\/file[0-9]+\\/client\\/"
  },
  "id": 117
 },
 {
  "action": {
   "type": "block"
  },
  "condition": {
   "initiatorDomains": [
    "naver.com"
   ],
   "isUrlFilterCaseSensitive": false,
   "regexFilter": "^https:\\/\\/sports-phinf\\.pstatic\\.net\\/[0-9]{8}_[0-9]{2,}\\/[A-z0-9]+_PNG\\/[A-Z0-9%\\._]+\\."
  },
  "id": 133
 },
 {
  "action": {
   "type": "block"
  },
  "condition": {
   "initiatorDomains": [
    "orbi.kr"
   ],
   "isUrlFilterCaseSensitive": false,
   "regexFilter": "^https:\\/\\/[a-z0-9-]+\\.orbi\\.kr\\/[0-9]+\\/[a-z0-9]+\\."
  },
  "id": 162
 },
 {
  "action": {
   "type": "block"
  },
  "condition": {
   "initiatorDomains": [
    "eleccar.co.kr"
   ],
   "isUrlFilterCaseSensitive": false,
   "regexFilter": "^https?:\\/\\/(www\\.)?eleccar\\.co\\.kr\\/Files\\/[0-9]+\\/Template\\/[0-9]+\\/[0-9]+_[0-9]+\\."
  },
  "id": 164
 },
 {
  "action": {
   "type": "block"
  },
  "condition": {
   "initiatorDomains": [
    "kpenews.com"
   ],
   "isUrlFilterCaseSensitive": false,
   "regexFilter": "^https?:\\/\\/kpenews\\.com\\/images\\/main\\/[a-z]+_[0-9]+\\."
  },
  "id": 166
 },
 {
  "action": {
   "type": "block"
  },
  "condition": {
   "initiatorDomains": [
    "kpenews.com"
   ],
   "isUrlFilterCaseSensitive": false,
   "regexFilter": "^https?:\\/\\/kpenews\\.com\\/Files\\/[0-9]\\/Template\\/[0-9]+\\/[0-9]+_[0-9]+\\."
  },
  "id": 167
 },
 {
  "action": {
   "type": "block"
  },
  "condition": {
   "initiatorDomains": [
    "g-enews.com"
   ],
   "isUrlFilterCaseSensitive": false,
   "regexFilter": "^https:\\/\\/nimage\\.g-enews\\.com\\/phpwas\\/restmb_allidxmake\\.php\\?idx=999&simg=[a-f0-9]+_0\\."
  },
  "id": 168
 },
 {
  "action": {
   "type": "block"
  },
  "condition": {
   "initiatorDomains": [
    "haninvegas.com"
   ],
   "isUrlFilterCaseSensitive": false,
   "regexFilter": "^https:\\/\\/haninvegas\\.com\\/wp-content\\/uploads\\/[0-9]+\\/[0-9]+\\/[%A-Z0-9-]+-[0-9]+x[0-9]+"
  },
  "id": 171
 },
 {
  "action": {
   "type": "block"
  },
  "condition": {
   "initiatorDomains": [
    "dt.co.kr"
   ],
   "isUrlFilterCaseSensitive": false,
   "regexFilter": "^https?:\\/\\/img\\.dt\\.co\\.kr\\/images\\/[0-9]+x[0-9]+\\."
  },
  "id": 175
 },
 {
  "action": {
   "type": "block"
  },
  "condition": {
   "initiatorDomains": [
    "etoland.co.kr"
   ],
   "isUrlFilterCaseSensitive": false,
   "regexFilter": "^https:\\/\\/etoland\\.co\\.kr\\/data\\/file[0-9]+\\/store\\/thumb-[A-z0-9_]+[0-9]+x[0-9]+\\."
  },
  "id": 180
 },
 {
  "action": {
   "type": "block"
  },
  "condition": {
   "initiatorDomains": [
    "donga.com"
   ],
   "isUrlFilterCaseSensitive": false,
   "regexFilter": "^https:\\/\\/dbr\\.donga\\.com\\/upload_dir\\/source\\/.+\\([0-9]+x[0-9]+\\)\\."
  },
  "id": 181
 },
 {
  "action": {
   "type": "block"
  },
  "condition": {
   "initiatorDomains": [
    "chosun.com"
   ],
   "isUrlFilterCaseSensitive": false,
   "regexFilter": "^https:\\/\\/health\\.chosun\\.com\\/images\\/[0-9]+x[0-9]+"
  },
  "id": 194
 },
 {
  "action": {
   "type": "block"
  },
  "condition": {
   "initiatorDomains": [
    "koreatimes.net"
   ],
   "isUrlFilterCaseSensitive": false,
   "regexFilter": "https:\\/\\/(www\\.)?koreatimes\\.net\\/images\\/attach\\/[A-Z0-9]+-[0-9]+\\/"
  },
  "id": 197
 },
 {
  "action": {
   "type": "block"
  },
  "condition": {
   "initiatorDomains": [
    "koreatimes.net"
   ],
   "isUrlFilterCaseSensitive": false,
   "regexFilter": "^https:\\/\\/(www\\.)?koreatimes\\.net\\/images\\/attach\\/[a-z]+[0-9]+\\/"
  },
  "id": 199
 },
 {
  "action": {
   "type": "block"
  },
  "condition": {
   "initiatorDomains": [
    "wowtale.net"
   ],
   "isUrlFilterCaseSensitive": false,
   "regexFilter": "https:\\/\\/[a-z0-9]+\\.wp\\.com\\/wowtale\\.net\\/wp-content\\/uploads\\/[0-9]{4}\\/[0-9]{2}\\/wowtale\\.net-.+[0-9]{2,}(x|-)[0-9]{2,}\\."
  },
  "id": 210
 },
 {
  "action": {
   "type": "block"
  },
  "condition": {
   "initiatorDomains": [
    "defensetimes.kr"
   ],
   "isUrlFilterCaseSensitive": false,
   "regexFilter": "https?:\\/\\/(www\\.)?defensetimes\\.kr\\/imgs\\/[A-z_]+[0-9]{2,3}x[0-9]{2,3}\\."
  },
  "id": 219
 },
 {
  "action": {
   "type": "block"
  },
  "condition": {
   "initiatorDomains": [
    "thesingle.co.kr"
   ],
   "isUrlFilterCaseSensitive": false,
   "regexFilter": "^https:\\/\\/tbc\\.imgdl\\.xcache\\.kinxcdn\\.com\\/cdn[0-9]{3}\\/[0-9]{8}\\/[0-9%A-z_]+\\([0-9]{3,4}x[0-9]{3,4}\\)"
  },
  "id": 222
 },
 {
  "action": {
   "type": "block"
  },
  "condition": {
   "initiatorDomains": [
    "thistime.ca"
   ],
   "isUrlFilterCaseSensitive": false,
   "regexFilter": "^https:\\/\\/thistime\\.ca\\/wp-content\\/uploads\\/[0-9]{4}\\/[0-9]{2}\\/(.*-ad-|.*-banner-|.*[0-9]{3}x[0-9]{3}_|[0-9]{3}x[0-9]{3}-)"
  },
  "id": 250
 },
 {
  "action": {
   "type": "block"
  },
  "condition": {
   "initiatorDomains": [
    "acmicpc.net"
   ],
   "isUrlFilterCaseSensitive": false,
   "regexFilter": "^https:\\/\\/upload\\.acmicpc\\.net\\/[a-z0-9]{8}-[a-z0-9]{4}-[a-z0-9]{4}-[a-z0-9]{4}-[a-z0-9]{12}\\/$"
  },
  "id": 254
 },
 {
  "action": {
   "type": "block"
  },
  "condition": {
   "initiatorDomains": [
    "tf.co.kr"
   ],
   "isUrlFilterCaseSensitive": false,
   "regexFilter": "^https?:\\/\\/img\\.tf\\.co\\.kr\\/ss\\/[0-9]{4}\\/fns\\/ads_"
  },
  "id": 308
 },
 {
  "action": {
   "type": "block"
  },
  "condition": {
   "initiatorDomains": [
    "coolenjoy.net"
   ],
   "isUrlFilterCaseSensitive": false,
   "regexFilter": "^https:\\/\\/coolenjoy\\.net\\/data\\/editor\\/[0-9]{4}\\/[0-9]{14}_[a-z]{8}\\."
  },
  "id": 319
 },
 {
  "action": {
   "type": "block"
  },
  "condition": {
   "initiatorDomains": [
    "etoland.co.kr"
   ],
   "isUrlFilterCaseSensitive": false,
   "regexFilter": "^https:\\/\\/etoland\\.co\\.kr\\/data\\/daumeditor10\\/[0-9]{6}\\/[0-9]{17}\\.png$"
  },
  "id": 323
 },
 {
  "action": {
   "type": "block"
  },
  "condition": {
   "initiatorDomains": [
    "ombudsmannews.com"
   ],
   "isUrlFilterCaseSensitive": false,
   "regexFilter": "^https?:\\/\\/www\\.ombudsmannews\\.com\\/default\\/image\\/[a-z]+\\.gif"
  },
  "id": 328
 },
 {
  "action": {
   "type": "block"
  },
  "condition": {
   "initiatorDomains": [
    "0db.co.kr"
   ],
   "isUrlFilterCaseSensitive": false,
   "regexFilter": "^https:\\/\\/(www\\.)?0db\\.co\\.kr\\/files\\/attach\\/images\\/[0-9]{5}\\/[a-z0-9]{32}\\.jpg$"
  },
  "id": 400
 },
 {
  "action": {
   "type": "block"
  },
  "condition": {
   "initiatorDomains": [
    "e-himart.co.kr"
   ],
   "isUrlFilterCaseSensitive": false,
   "regexFilter": "^https:\\/\\/static[0-9]\\.e-himart\\.co\\.kr\\/contents\\/content\\/display\\/cornerContents\\/imageBanner\\/[0-9]{3}\\/imageBanner_"
  },
  "id": 402
 },
 {
  "action": {
   "type": "block"
  },
  "condition": {
   "initiatorDomains": [
    "stockinfo7.com"
   ],
   "isUrlFilterCaseSensitive": false,
   "regexFilter": "^https?:\\/\\/(www\\.)?stockinfo7\\.com\\/img\\/(banner\\/|%E)"
  },
  "id": 404
 },
 {
  "action": {
   "type": "block"
  },
  "condition": {
   "initiatorDomains": [
    "ohlitv.com"
   ],
   "isUrlFilterCaseSensitive": false,
   "regexFilter": "^https:\\/\\/ohlitv\\.com\\/img\\/[0-9]{4}\\/[a-z]+\\.gif$"
  },
  "id": 407
 },
 {
  "action": {
   "type": "block"
  },
  "condition": {
   "initiatorDomains": [
    "moyoplan.com"
   ],
   "isUrlFilterCaseSensitive": false,
   "regexFilter": "^https:\\/\\/moyo-cdn\\.[a-z0-9]{2,3}\\.[a-z0-9-]{12,15}\\.amazonaws\\.com\\/img\\/banner\\/"
  },
  "id": 420
 },
 {
  "action": {
   "type": "block"
  },
  "condition": {
   "initiatorDomains": [
    "dcinside.com"
   ],
   "isUrlFilterCaseSensitive": false,
   "regexFilter": "^https:\\/\\/h5\\.dcinside\\.com\\/assets\\/(aaa%20|banner|[%A-F0-9]{20,})"
  },
  "id": 428
 },
 {
  "action": {
   "type": "block"
  },
  "condition": {
   "initiatorDomains": [
    "nate.com"
   ],
   "isUrlFilterCaseSensitive": false,
   "regexFilter": "^https:\\/\\/shop\\.nate\\.com\\/shopbox\\/shopbox.+&svcpage=news"
  },
  "id": 439
 },
 {
  "action": {
   "type": "block"
  },
  "condition": {
   "initiatorDomains": [
    "nate.com"
   ],
   "isUrlFilterCaseSensitive": false,
   "regexFilter": "^https:\\/\\/(comm\\.|m\\.)?news\\.nate\\.com\\/(etc|Etc)\\/[A-z]*(ad|Ad|AD)[A-z]*"
  },
  "id": 441
 },
 {
  "action": {
   "type": "block"
  },
  "condition": {
   "isUrlFilterCaseSensitive": false,
   "regexFilter": "^https:\\/\\/t1\\.daumcdn\\.net\\/b2\\/creative\\/[0-9]{6}\\/[a-z0-9]{32}\\."
  },
  "id": 446
 },
 {
  "action": {
   "type": "block"
  },
  "condition": {
   "initiatorDomains": [
    "filecity.co.kr"
   ],
   "isUrlFilterCaseSensitive": false,
   "regexFilter": "^https:\\/\\/www\\.filecity\\.co\\.kr\\/img\\/btn\\/top_banner_[a-z]{4}\\."
  },
  "id": 447
 },
 {
  "action": {
   "type": "block"
  },
  "condition": {
   "initiatorDomains": [
    "hungryapp.co.kr"
   ],
   "isUrlFilterCaseSensitive": false,
   "regexFilter": "^https:\\/\\/[a-z]+\\.hungryapp\\.co\\.kr\\/main\\/main[0-9]{4}\\/_main_event\\.php$"
  },
  "id": 449
 },
 {
  "action": {
   "type": "block"
  },
  "condition": {
   "initiatorDomains": [
    "mylgid.com"
   ],
   "isUrlFilterCaseSensitive": false,
   "regexFilter": "^https:\\/\\/ssp\\.igaw\\.io\\/bak\\/[0-9]{3}x[0-9]{2}\\."
  },
  "id": 455
 },
 {
  "action": {
   "type": "block"
  },
  "condition": {
   "initiatorDomains": [
    "playwares.com"
   ],
   "isUrlFilterCaseSensitive": false,
   "regexFilter": "^https?:\\/\\/playwares\\.com\\/files\\/attach\\/images\\/[0-9]{8}\\/[0-9]{3}\\/[0-9]{3}\\/[0-9]{3}\\/[a-z0-9]{32}\\."
  },
  "id": 459
 },
 {
  "action": {
   "type": "block"
  },
  "condition": {
   "isUrlFilterCaseSensitive": false,
   "regexFilter": "^https:\\/\\/shop[0-9]\\.daumcdn\\.net\\/shophow\\/sib\\/[0-9]_[0-9]{12}_[A-z]{10,}"
  },
  "id": 461
 },
 {
  "action": {
   "type": "block"
  },
  "condition": {
   "initiatorDomains": [
    "compuzone.co.kr"
   ],
   "isUrlFilterCaseSensitive": false,
   "regexFilter": "^https:\\/\\/image[0-9]{1,2}\\.compuzone\\.co\\.kr\\/img\\/images\\/main[0-9]{4}\\/[A-z]{1,2}\\/[A-z]{3,}Banner(|[0-9])_(|add_)[0-9]{5,6}\\."
  },
  "id": 462
 },
 {
  "action": {
   "type": "block"
  },
  "condition": {
   "initiatorDomains": [
    "edaily.co.kr"
   ],
   "isUrlFilterCaseSensitive": false,
   "regexFilter": "^https:\\/\\/image\\.edaily\\.co\\.kr\\/images\\/content\\/[A-z0-9]+640x100\\."
  },
  "id": 468
 },
 {
  "action": {
   "type": "block"
  },
  "condition": {
   "initiatorDomains": [
    "edaily.co.kr"
   ],
   "isUrlFilterCaseSensitive": false,
   "regexFilter": "^https:\\/\\/image\\.edaily\\.co\\.kr\\/images\\/content\\/[A-z0-9]+1080x128\\."
  },
  "id": 469
 },
 {
  "action": {
   "type": "block"
  },
  "condition": {
   "isUrlFilterCaseSensitive": false,
   "regexFilter": "^https:\\/\\/jgmoa[0-9]+\\.com\\/upload_files\\/popup\\/"
  },
  "id": 628
 },
 {
  "action": {
   "type": "block"
  },
  "condition": {
   "isUrlFilterCaseSensitive": false,
   "regexFilter": "^https:\\/\\/newtoki[0-9]+\\.com\\/tokinbtoki\\/[0-9]+"
  },
  "id": 629
 },
 {
  "action": {
   "type": "block"
  },
  "condition": {
   "isUrlFilterCaseSensitive": false,
   "regexFilter": "^https:\\/\\/manatoki[0-9]+\\.net\\/tokinbtoki\\/"
  },
  "id": 630
 },
 {
  "action": {
   "type": "block"
  },
  "condition": {
   "isUrlFilterCaseSensitive": false,
   "regexFilter": "^https:\\/\\/ohli24\\.[a-z]+\\/img\\/[0-9]{4}\\/[A-z]+\\.[a-z]{3}$"
  },
  "id": 631
 },
 {
  "action": {
   "type": "block"
  },
  "condition": {
   "isUrlFilterCaseSensitive": false,
   "regexFilter": "^https:\\/\\/[a-z0-9\\.]*torrentdia[0-9]+\\.com\\/data\\/to_list\\/"
  },
  "id": 632
 },
 {
  "action": {
   "type": "block"
  },
  "condition": {
   "isUrlFilterCaseSensitive": false,
   "regexFilter": "^https:\\/\\/static\\.tzstatic\\.top\\/t\\/[a-z0-9]+\\.gif$"
  },
  "id": 636
 },
 {
  "action": {
   "type": "block"
  },
  "condition": {
   "isUrlFilterCaseSensitive": false,
   "regexFilter": "^https:\\/\\/image\\.yaburi[0-9]+\\.com\\/image-storage\\/banners\\/"
  },
  "id": 637
 },
 {
  "action": {
   "type": "block"
  },
  "condition": {
   "isUrlFilterCaseSensitive": false,
   "regexFilter": "^https:\\/\\/torrentnx[0-9]+\\.com\\/thema\\/Basic\\/assets\\/"
  },
  "id": 638
 },
 {
  "action": {
   "type": "block"
  },
  "condition": {
   "isUrlFilterCaseSensitive": false,
   "regexFilter": "^https:\\/\\/torpang[0-9]+\\.com\\/thema\\/Basic\\/widget\\/basic-belt-banner\\/"
  },
  "id": 640
 },
 {
  "action": {
   "type": "block"
  },
  "condition": {
   "isUrlFilterCaseSensitive": false,
   "regexFilter": "^https:\\/\\/torrent-who[0-9]+\\.me\\/data\\/apms\\/background\\/"
  },
  "id": 642
 },
 {
  "action": {
   "type": "block"
  },
  "condition": {
   "initiatorDomains": [
    "fxfx151.com",
    "fxfx152.com",
    "fxfx153.com",
    "fxfx154.com",
    "fxfx155.com",
    "fxfx156.com",
    "fxfx157.com",
    "fxfx158.com",
    "fxfx159.com",
    "fxfx160.com",
    "fxfx161.com",
    "fxfx162.com",
    "fxfx163.com",
    "fxfx164.com",
    "fxfx167.com",
    "fxfx168.com",
    "fxfx169.com",
    "fxfx170.com",
    "fxfx171.com",
    "wftoon57.com",
    "wftoon58.com",
    "wftoon59.com",
    "wftoon60.com",
    "wftoon61.com",
    "wftoon62.com",
    "wftoon63.com",
    "wftoon64.com",
    "wftoon65.com",
    "wftoon66.com",
    "wftoon67.com",
    "wftoon68.com",
    "wftoon69.com",
    "wftoon70.com",
    "wftoon71.com",
    "wfwf248.com",
    "wfwf249.com",
    "wfwf250.com",
    "wfwf251.com",
    "wfwf252.com",
    "wfwf253.com",
    "wfwf254.com",
    "wfwf255.com",
    "wfwf256.com",
    "wfwf257.com",
    "wfwf258.com",
    "wfwf259.com",
    "wfwf260.com",
    "wtwt160.com",
    "wtwt161.com",
    "wtwt162.com",
    "wtwt163.com",
    "wtwt164.com",
    "wtwt165.com",
    "wtwt167.com",
    "wtwt168.com",
    "wtwt169.com",
    "wtwt170.com",
    "wtwt171.com",
    "wtwt172.com",
    "wtwt173.com",
    "wtwt174.com",
    "wtwt175.com",
    "wtwt176.com",
    "wtwt177.com",
    "wtwt178.com",
    "wtwt179.com"
   ],
   "isUrlFilterCaseSensitive": false,
   "regexFilter": "^https:\\/\\/imgcloud[0-9]+\\.net\\/"
  },
  "id": 643
 },
 {
  "action": {
   "type": "block"
  },
  "condition": {
   "isUrlFilterCaseSensitive": false,
   "regexFilter": "^https:\\/\\/torrentten[0-9]+\\.com\\/thema\\/Basic\\/assets\\/img\\/.+\\.gif$"
  },
  "id": 644
 },
 {
  "action": {
   "type": "block"
  },
  "condition": {
   "isUrlFilterCaseSensitive": false,
   "regexFilter": "^https:\\/\\/linkrand[0-9]+\\.com\\/thema\\/Miso-Basic[0-9]\\/assets\\/img\\/banne"
  },
  "id": 645
 },
 {
  "action": {
   "type": "block"
  },
  "condition": {
   "isUrlFilterCaseSensitive": false,
   "regexFilter": "^https:\\/\\/linkrand[0-9]+\\.com\\/data\\/file\\/(left|right)_sero\\/"
  },
  "id": 646
 },
 {
  "action": {
   "type": "block"
  },
  "condition": {
   "isUrlFilterCaseSensitive": false,
   "regexFilter": "^https:\\/\\/linkrand[0-9]+\\.com\\/data\\/apms\\/background\\/"
  },
  "id": 647
 },
 {
  "action": {
   "type": "block"
  },
  "condition": {
   "isUrlFilterCaseSensitive": false,
   "regexFilter": "^https:\\/\\/linkrand[0-9]+\\.com\\/data\\/file\\/site_2\\/"
  },
  "id": 648
 },
 {
  "action": {
   "type": "block"
  },
  "condition": {
   "isUrlFilterCaseSensitive": false,
   "regexFilter": "^https:\\/\\/[a-z]+\\.allall[0-9]+\\.com\\/data\\/files\\/banner\\/"
  },
  "id": 649
 },
 {
  "action": {
   "type": "block"
  },
  "condition": {
   "isUrlFilterCaseSensitive": false,
   "regexFilter": "^https:\\/\\/wtbox[0-9]+\\.xyz\\/data\\/apms\\/background\\/.+\\.gif$"
  },
  "id": 650
 },
 {
  "action": {
   "type": "block"
  },
  "condition": {
   "isUrlFilterCaseSensitive": false,
   "regexFilter": "^https:\\/\\/tvbox[0-9]+\\.xyz\\/data\\/apms\\/background\\/.+\\.gif$"
  },
  "id": 651
 },
 {
  "action": {
   "type": "block"
  },
  "condition": {
   "isUrlFilterCaseSensitive": false,
   "regexFilter": "^https:\\/\\/ydbox[0-9]+\\.com\\/data\\/apms\\/background\\/.+\\.gif$"
  },
  "id": 652
 },
 {
  "action": {
   "type": "block"
  },
  "condition": {
   "isUrlFilterCaseSensitive": false,
   "regexFilter": "^https:\\/\\/nightyd[0-9]+\\.com\\/uploadfile\\/up[a-z0-9]+\\."
  },
  "id": 653
 },
 {
  "action": {
   "type": "block"
  },
  "condition": {
   "isUrlFilterCaseSensitive": false,
   "regexFilter": "^https:\\/\\/linkeye[0-9]+\\.com\\/data\\/file\\/banner\\/"
  },
  "id": 654
 },
 {
  "action": {
   "type": "block"
  },
  "condition": {
   "isUrlFilterCaseSensitive": false,
   "regexFilter": "^https:\\/\\/krav[0-9]+\\.xyz\\/img\\/banner\\/"
  },
  "id": 655
 },
 {
  "action": {
   "type": "block"
  },
  "condition": {
   "isUrlFilterCaseSensitive": false,
   "regexFilter": "^https:\\/\\/torrentsee[0-9]+\\.com\\/uploadfile\\/up[a-z0-9]+\\.gif$"
  },
  "id": 656
 },
 {
  "action": {
   "type": "block"
  },
  "condition": {
   "isUrlFilterCaseSensitive": false,
   "regexFilter": "^https:\\/\\/hohotoon[0-9]+\\.com\\/data\\/banner\\/"
  },
  "id": 659
 },
 {
  "action": {
   "type": "block"
  },
  "condition": {
   "isUrlFilterCaseSensitive": false,
   "regexFilter": "^https?:\\/\\/(www\\.)?spotv[0-9]+\\.com\\/theme\\/basic\\/img\\/[a-z]+_ad_"
  },
  "id": 660
 },
 {
  "action": {
   "type": "block"
  },
  "condition": {
   "isUrlFilterCaseSensitive": false,
   "regexFilter": "^https:\\/\\/torrenthaja[0-9]*\\.com\\/data\\/banner\\/"
  },
  "id": 661
 },
 {
  "action": {
   "type": "block"
  },
  "condition": {
   "isUrlFilterCaseSensitive": false,
   "regexFilter": "^https:\\/\\/viewtorrent[0-9]+\\.com\\/data\\/editor\\/"
  },
  "id": 662
 },
 {
  "action": {
   "type": "block"
  },
  "condition": {
   "isUrlFilterCaseSensitive": false,
   "regexFilter": "^https:\\/\\/viewtorrent[0-9]+\\.com\\/img\\/[0-9]\\/[0-9]_[0-9A-z]{8}_[a-z0-9]+\\."
  },
  "id": 663
 },
 {
  "action": {
   "type": "block"
  },
  "condition": {
   "isUrlFilterCaseSensitive": false,
   "regexFilter": "^https:\\/\\/xn--8-o68e16s35etqj\\.com\\/data\\/editor\\/[0-9]+\\/[a-z0-9]+_[a-z0-9]+_[a-z0-9]+\\."
  },
  "id": 666
 },
 {
  "action": {
   "type": "block"
  },
  "condition": {
   "isUrlFilterCaseSensitive": false,
   "regexFilter": "^https:\\/\\/torrentmode[0-9]+\\.com\\/data\\/zn_bimg\\/"
  },
  "id": 668
 },
 {
  "action": {
   "type": "block"
  },
  "condition": {
   "isUrlFilterCaseSensitive": false,
   "regexFilter": "^https:\\/\\/toonkor[0-9]+\\.com\\/images\\/[a-z-]*[0-9]{3,}(x|X)[0-9]{2,}"
  },
  "id": 671
 },
 {
  "action": {
   "type": "block"
  },
  "condition": {
   "isUrlFilterCaseSensitive": false,
   "regexFilter": "^https:\\/\\/toonkor[0-9]+\\.com\\/bann\\/"
  },
  "id": 672
 },
 {
  "action": {
   "type": "block"
  },
  "condition": {
   "isUrlFilterCaseSensitive": false,
   "regexFilter": "^https:\\/\\/torrentlee[0-9]+\\.com\\/[A-z_0-9]+\\.gif$"
  },
  "id": 673
 },
 {
  "action": {
   "type": "block"
  },
  "condition": {
   "isUrlFilterCaseSensitive": false,
   "regexFilter": "^https:\\/\\/torrentjuju[0-9]+\\.com\\/data\\/editor\\/[0-9]+\\/[A-z0-9_]+\\."
  },
  "id": 674
 },
 {
  "action": {
   "type": "block"
  },
  "condition": {
   "isUrlFilterCaseSensitive": false,
   "regexFilter": "^https:\\/\\/torrentwiz[0-9]+\\.com\\/[A-z0-9]+\\.gif$"
  },
  "id": 675
 },
 {
  "action": {
   "type": "block"
  },
  "condition": {
   "isUrlFilterCaseSensitive": false,
   "regexFilter": "^https:\\/\\/agit[0-9]+\\.xyz\\/data\\/file\\/novel\\/banner\\/"
  },
  "id": 676
 },
 {
  "action": {
   "type": "block"
  },
  "condition": {
   "isUrlFilterCaseSensitive": false,
   "regexFilter": "^https:\\/\\/jgmoa[0-9]+\\.com\\/upload_files\\/banner\\/"
  },
  "id": 677
 },
 {
  "action": {
   "type": "block"
  },
  "condition": {
   "isUrlFilterCaseSensitive": false,
   "regexFilter": "https:\\/\\/www\\.sexzoa[0-9]+\\.me\\/imgad\\/"
  },
  "id": 678
 },
 {
  "action": {
   "type": "block"
  },
  "condition": {
   "isUrlFilterCaseSensitive": false,
   "regexFilter": "^https:\\/\\/yagong[0-9]+\\.com\\/storage\\/upload\\/banners\\/"
  },
  "id": 679
 },
 {
  "action": {
   "type": "block"
  },
  "condition": {
   "isUrlFilterCaseSensitive": false,
   "regexFilter": "^https:\\/\\/yagong[0-9]+\\.com\\/images\\/[A-z0-9-]+\\.gif$"
  },
  "id": 680
 },
 {
  "action": {
   "type": "block"
  },
  "condition": {
   "isUrlFilterCaseSensitive": false,
   "regexFilter": "^https:\\/\\/www\\.xcity[0-9]+\\.me\\/imgad\\/"
  },
  "id": 681
 },
 {
  "action": {
   "type": "block"
  },
  "condition": {
   "isUrlFilterCaseSensitive": false,
   "regexFilter": "^https:\\/\\/www\\.jinyi[0-9]+\\.me\\/imgad\\/"
  },
  "id": 682
 },
 {
  "action": {
   "type": "block"
  },
  "condition": {
   "isUrlFilterCaseSensitive": false,
   "regexFilter": "^https:\\/\\/www\\.redsun[0-9]+\\.me\\/ad\\/"
  },
  "id": 683
 },
 {
  "action": {
   "type": "block"
  },
  "condition": {
   "isUrlFilterCaseSensitive": false,
   "regexFilter": "^https:\\/\\/manamoa[0-9]+\\.com\\/data\\/apms\\/background\\/"
  },
  "id": 684
 },
 {
  "action": {
   "type": "block"
  },
  "condition": {
   "isUrlFilterCaseSensitive": false,
   "regexFilter": "^https:\\/\\/namedtoon[0-9]+\\.com\\/Uploads\\/\\/images\\/[0-9]{4}-[0-9]{2}-[0-9]{2}\\/[a-z0-9]{13}"
  },
  "id": 685
 },
 {
  "action": {
   "type": "block"
  },
  "condition": {
   "isUrlFilterCaseSensitive": false,
   "regexFilter": "^https:\\/\\/mkmk[0-9]+\\.link\\/data\\/file\\/banner\\/"
  },
  "id": 686
 },
 {
  "action": {
   "type": "block"
  },
  "condition": {
   "isUrlFilterCaseSensitive": false,
   "regexFilter": "^https:\\/\\/(www\\.)?race[0-9]+\\.xyz\\/images\\/spon\\/"
  },
  "id": 687
 },
 {
  "action": {
   "type": "block"
  },
  "condition": {
   "isUrlFilterCaseSensitive": false,
   "regexFilter": "^https:\\/\\/torpang[0-9]+\\.com\\/data\\/apms\\/background\\/"
  },
  "id": 689
 },
 {
  "action": {
   "type": "block"
  },
  "condition": {
   "isUrlFilterCaseSensitive": false,
   "regexFilter": "^https:\\/\\/dc\\.filesbest\\.xyz\\/uploadfile\\/images\\/[a-z0-9]+\\.gif$"
  },
  "id": 690
 },
 {
  "action": {
   "type": "block"
  },
  "condition": {
   "isUrlFilterCaseSensitive": false,
   "regexFilter": "^https:\\/\\/torrentwiz[0-9]+\\.com\\/data\\/editor\\/[0-9]{4}\\/"
  },
  "id": 691
 },
 {
  "action": {
   "type": "block"
  },
  "condition": {
   "isUrlFilterCaseSensitive": false,
   "regexFilter": "^https:\\/\\/torrentbot[0-9]+\\.com\\/uploadfile\\/up[a-z0-9]+\\.gif$"
  },
  "id": 692
 },
 {
  "action": {
   "type": "block"
  },
  "condition": {
   "isUrlFilterCaseSensitive": false,
   "regexFilter": "^https:\\/\\/(www\\.)?filetender\\.com\\/images\\/[0-9]{3,}(X|x)[0-9]{3,}-[0-9]{4}"
  },
  "id": 695
 },
 {
  "action": {
   "type": "block"
  },
  "condition": {
   "isUrlFilterCaseSensitive": false,
   "regexFilter": "^https:\\/\\/booktoki[0-9]+\\.com\\/tokinbtoki\\/[0-9]+"
  },
  "id": 698
 },
 {
  "action": {
   "type": "block"
  },
  "condition": {
   "isUrlFilterCaseSensitive": false,
   "regexFilter": "^https:\\/\\/frtoon[0-9]+\\.com\\/data\\/by_banner\\/"
  },
  "id": 701
 },
 {
  "action": {
   "type": "block"
  },
  "condition": {
   "isUrlFilterCaseSensitive": false,
   "regexFilter": "^https:\\/\\/funbe[0-9]+\\.com\\/images\\/"
  },
  "id": 702
 },
 {
  "action": {
   "type": "block"
  },
  "condition": {
   "isUrlFilterCaseSensitive": false,
   "regexFilter": "^https?:\\/\\/[0-9]+image\\.[0-9]+toon\\.com\\/Image\\/Banposter\\/"
  },
  "id": 703
 },
 {
  "action": {
   "type": "block"
  },
  "condition": {
   "isUrlFilterCaseSensitive": false,
   "regexFilter": "^https?:\\/\\/toon[0-9]+\\.com\\/bbs\\/myiframe\\.html$"
  },
  "id": 704
 },
 {
  "action": {
   "type": "block"
  },
  "condition": {
   "isUrlFilterCaseSensitive": false,
   "regexFilter": "^https?:\\/\\/manaboza[0-9]+\\.com\\/static\\/picture\\/[0-9]{4}_[0-9]{10}\\.[0-9]{4}\\."
  },
  "id": 706
 },
 {
  "action": {
   "type": "block"
  },
  "condition": {
   "isUrlFilterCaseSensitive": false,
   "regexFilter": "^https?:\\/\\/manaboza[0-9]+\\.com\\/static\\/image\\/header\\/"
  },
  "id": 707
 },
 {
  "action": {
   "type": "block"
  },
  "condition": {
   "isUrlFilterCaseSensitive": false,
   "regexFilter": "^https:\\/\\/agit[0-9]+\\.com\\/upload\\/[0-9]{4}\\/[0-9]{4}\\/[0-9]{21}"
  },
  "id": 709
 },
 {
  "action": {
   "type": "block"
  },
  "condition": {
   "isUrlFilterCaseSensitive": false,
   "regexFilter": "^https:\\/\\/newtoon[0-9]+\\.com\\/banner\\/"
  },
  "id": 710
 },
 {
  "action": {
   "type": "block"
  },
  "condition": {
   "isUrlFilterCaseSensitive": false,
   "regexFilter": "^https:\\/\\/hodu[0-9]+\\.net\\/_book\\/_Contents\\/banner\\/"
  },
  "id": 711
 },
 {
  "action": {
   "type": "block"
  },
  "condition": {
   "isUrlFilterCaseSensitive": false,
   "regexFilter": "^https:\\/\\/bam[0-9]+co\\.com\\/_book\\/_Contents\\/banner\\/"
  },
  "id": 712
 },
 {
  "action": {
   "type": "block"
  },
  "condition": {
   "isUrlFilterCaseSensitive": false,
   "regexFilter": "blacktoon[0-9]+\\.com\\/poster_js\\/[0-9]+\\.js"
  },
  "id": 714
 },
 {
  "action": {
   "type": "block"
  },
  "condition": {
   "initiatorDomains": [
    "kakaotv.daum.net",
    "play-tv.kakao.com",
    "tv.kakao.com"
   ],
   "isUrlFilterCaseSensitive": false,
   "regexFilter": "^https:\\/\\/videoads\\.kakao\\.com\\/adserver\\/api\\/v[0-9]+\\/vmap"
  },
  "id": 724
 },
 {
  "action": {
   "type": "block"
  },
  "condition": {
   "initiatorDomains": [
    "humoruniv.com"
   ],
   "isUrlFilterCaseSensitive": false,
   "regexFilter": "^https?:\\/\\/(m\\.)?humoruniv\\.com\\/.+\\?[a-z0-9]+=",
   "resourceTypes": [
    "xmlhttprequest"
   ]
  },
  "id": 751
 },
 {
  "action": {
   "type": "block"
  },
  "condition": {
   "isUrlFilterCaseSensitive": false,
   "regexFilter": "^https:\\/\\/[A-z0-9\\.]*[A-z0-9]+\\.[A-z]+\\/\\?u=[A-z0-9]{7}&o=[A-z0-9]{7}",
   "resourceTypes": [
    "main_frame"
   ]
  },
  "id": 755
 },
 {
  "action": {
   "type": "block"
  },
  "condition": {
   "isUrlFilterCaseSensitive": false,
   "regexFilter": "^https:\\/\\/[A-z]+\\.[A-z]+\\.[A-z]+\\/[A-z]+-robot\\/\\?pl=[A-z0-9-]{22}&sm=[A-z]+-robot&hash=[A-z0-9-]{22}&exp=[0-9]{10}",
   "resourceTypes": [
    "main_frame"
   ]
  },
  "id": 756
 },
 {
  "action": {
   "type": "block"
  },
  "condition": {
   "isUrlFilterCaseSensitive": false,
   "regexFilter": "^https:\\/\\/[0-9]{9}\\.[A-z0-9-]+\\.[A-z]{2}\\/[0-9]{6}\\.html$",
   "resourceTypes": [
    "main_frame"
   ]
  },
  "id": 757
 },
 {
  "action": {
   "type": "block"
  },
  "condition": {
   "isUrlFilterCaseSensitive": false,
   "regexFilter": "^https:\\/\\/toonsarang[0-9]+\\.com\\/bbs\\/bannerhit\\.php",
   "resourceTypes": [
    "main_frame"
   ]
  },
  "id": 776
 },
 {
  "action": {
   "type": "allow"
  },
  "condition": {
   "isUrlFilterCaseSensitive": false,
   "regexFilter": "^(http|https):\\/\\/image\\.kyobobook\\.co\\.kr\\/ink\\/images\\/prom\\/[0-9]{4}\\/general\\/[0-9]{6}_dailyCheck\\/"
  },
  "id": 783
 },
 {
  "action": {
   "type": "allow"
  },
  "condition": {
   "isUrlFilterCaseSensitive": false,
   "regexFilter": "^https:\\/\\/www\\.ehanex\\.com\\/images\\/main\\/[a-z]{2}_ad\\.gif$"
  },
  "id": 786
 }
]
