[
 {
  "action": {
   "type": "block"
  },
  "condition": {
   "isUrlFilterCaseSensitive": false,
   "regexFilter": "^https\\:\\/\\/dutchitchannel\\.nl\\/media\\/\\d{6}\\/\\d{10}\\.jpg$",
   "resourceTypes": [
    "image"
   ]
  },
  "id": 274
 },
 {
  "action": {
   "type": "block"
  },
  "condition": {
   "isUrlFilterCaseSensitive": false,
   "regexFilter": "^https\\:\\/\\/executive-people\\.nl\\/media\\/[\\d]{6}\\/[\\d]+\\.jpg$",
   "resourceTypes": [
    "image"
   ]
  },
  "id": 331
 },
 {
  "action": {
   "type": "block"
  },
  "condition": {
   "isUrlFilterCaseSensitive": false,
   "regexFilter": "^https?:\\/\\/statics\\.(?:ad|bd|bndestem|destentor|ed|gelderlander|hln|tubantia|pzc)\\.(?:nl|be)\\/js\\/advertising-[\\w]+\\.js$",
   "resourceTypes": [
    "script"
   ]
  },
  "id": 495
 },
 {
  "action": {
   "type": "block"
  },
  "condition": {
   "domainType": "firstParty",
   "isUrlFilterCaseSensitive": false,
   "regexFilter": "^https?:\\/\\/(?:www\\.)?webcams?\\-?[a-z]+\\.nl\\/media\\/banners2?\\/",
   "resourceTypes": [
    "image"
   ]
  },
  "id": 518
 }
]
