[
 {
  "action": {
   "type": "block"
  },
  "condition": {
   "initiatorDomains": [
    "coocook.me",
    "ekola2015.net.ua"
   ],
   "isUrlFilterCaseSensitive": false,
   "regexFilter": "smart-facebook-page-like-overlay-pro"
  },
  "id": 515
 },
 {
  "action": {
   "type": "block"
  },
  "condition": {
   "initiatorDomains": [
    "aeslib.ru"
   ],
   "isUrlFilterCaseSensitive": false,
   "regexFilter": "wp-content\\/plugins\\/my-popup"
  },
  "id": 519
 },
 {
  "action": {
   "type": "block"
  },
  "condition": {
   "initiatorDomains": [
    "podelki-doma.ru",
    "psysovet24.ru"
   ],
   "isUrlFilterCaseSensitive": false,
   "regexFilter": "wp-content\\/plugins\\/socialer"
  },
  "id": 523
 },
 {
  "action": {
   "type": "block"
  },
  "condition": {
   "initiatorDomains": [
    "noi.md"
   ],
   "isUrlFilterCaseSensitive": false,
   "regexFilter": "default\\/vbanners"
  },
  "id": 618
 },
 {
  "action": {
   "type": "block"
  },
  "condition": {
   "initiatorDomains": [
    "docfilms.info",
    "green-teatv.com",
    "vesjoloevideo.ru"
   ],
   "isUrlFilterCaseSensitive": false,
   "regexFilter": "a-detector"
  },
  "id": 3463
 },
 {
  "action": {
   "type": "block"
  },
  "condition": {
   "initiatorDomains": [
    "animevost.org",
    "animevost.top",
    "vost.pw"
   ],
   "isUrlFilterCaseSensitive": false,
   "regexFilter": "^https?:\\/\\/(animevost.org|[^\\s]+\\.animevost.top|[^\\s]+\\.vost.pw)\\/[0-9]{2}.png$",
   "resourceTypes": [
    "image"
   ]
  },
  "id": 3604
 },
 {
  "action": {
   "type": "block"
  },
  "condition": {
   "initiatorDomains": [
    "stratege.ru"
   ],
   "isUrlFilterCaseSensitive": false,
   "regexFilter": "^https?:\\/\\/www\\.stratege\\.ru\\/misc\\/[a-z0-9]{25,}",
   "resourceTypes": [
    "image"
   ]
  },
  "id": 3605
 },
 {
  "action": {
   "type": "block"
  },
  "condition": {
   "initiatorDomains": [
    "nb.by"
   ],
   "isUrlFilterCaseSensitive": false,
   "regexFilter": "nb.by\\/img\\/ban\\d\\/",
   "resourceTypes": [
    "image"
   ]
  },
  "id": 3610
 },
 {
  "action": {
   "type": "block"
  },
  "condition": {
   "initiatorDomains": [
    "yandex.by",
    "yandex.kz",
    "yandex.ru",
    "yandex.uz"
   ],
   "isUrlFilterCaseSensitive": false,
   "regexFilter": "^https?:\\/\\/yastatic\\.net\\/www\\/_\\/[^\\s]{150,}",
   "resourceTypes": [
    "image"
   ]
  },
  "id": 3781
 },
 {
  "action": {
   "type": "block"
  },
  "condition": {
   "excludedInitiatorDomains": [
    "coco.fr",
    "greenmangaming.com",
    "ign.com",
    "justjared.com",
    "live-tennis.eu",
    "myorderbox.com",
    "namemc.com",
    "novinky.cz",
    "o2.pl",
    "onet.pl",
    "realtor.ca",
    "regway.com",
    "roblox.com",
    "sap.com",
    "spongemc.org",
    "spongepowered.org",
    "studio-svet.ru",
    "stumbleupon.com",
    "trueachievements.com",
    "tv.yandex.by",
    "tv.yandex.kz",
    "tv.yandex.ru",
    "wetteronline.de",
    "wp.pl"
   ],
   "isUrlFilterCaseSensitive": false,
   "regexFilter": "^https?:\\/\\/[^/]+\\/[a-z0-9]{15,}(\\?hope=.*)?$",
   "resourceTypes": [
    "script"
   ]
  },
  "id": 3871
 },
 {
  "action": {
   "type": "block"
  },
  "condition": {
   "initiatorDomains": [
    "xn--90adear.xn--p1ai"
   ],
   "isUrlFilterCaseSensitive": false,
   "regexFilter": "proxy\\/check\\/popup",
   "resourceTypes": [
    "script"
   ]
  },
  "id": 3931
 },
 {
  "action": {
   "type": "block"
  },
  "condition": {
   "initiatorDomains": [
    "spletnik.ru"
   ],
   "isUrlFilterCaseSensitive": false,
   "regexFilter": "^https?:\\/\\/www\\.spletnik\\.ru\\/[^\\s]{70,}",
   "resourceTypes": [
    "script",
    "xmlhttprequest"
   ]
  },
  "id": 4126
 },
 {
  "action": {
   "type": "block"
  },
  "condition": {
   "domainType": "firstParty",
   "isUrlFilterCaseSensitive": false,
   "regexFilter": "\\/[A-Za-z0-9]{5}\\/[A-Za-z0-9]{33}\\d{4}\\.js$",
   "resourceTypes": [
    "script"
   ]
  },
  "id": 4525
 },
 {
  "action": {
   "type": "block"
  },
  "condition": {
   "domainType": "thirdParty",
   "isUrlFilterCaseSensitive": false,
   "regexFilter": "\\/[a-z]{1,3}\\?zoneId\\=\\d{7}\\-\\d{7}$",
   "resourceTypes": [
    "script"
   ]
  },
  "id": 4847
 },
 {
  "action": {
   "type": "block"
  },
  "condition": {
   "domainType": "thirdParty",
   "excludedInitiatorDomains": [
    "hotcharts.ru"
   ],
   "isUrlFilterCaseSensitive": false,
   "regexFilter": "^https?:\\/\\/([^.]+\\.)+[a-z]+\\.(?:biz|ru|space)\\/[a-z][/?][-a-z0-9_?&=]{5,45}$",
   "resourceTypes": [
    "script"
   ]
  },
  "id": 4848
 },
 {
  "action": {
   "type": "block"
  },
  "condition": {
   "domainType": "thirdParty",
   "isUrlFilterCaseSensitive": false,
   "regexFilter": "^https?:\\/\\/[0-9a-f]{10}\\.[0-9a-f]{10}\\.com\\/[0-9a-f]{32}\\.js$",
   "resourceTypes": [
    "script"
   ]
  },
  "id": 4849
 },
 {
  "action": {
   "type": "block"
  },
  "condition": {
   "domainType": "thirdParty",
   "excludedInitiatorDomains": [
    "dusk.com.au",
    "profi.ru",
    "reckon.com"
   ],
   "isUrlFilterCaseSensitive": false,
   "regexFilter": "^https?:\\/\\/[a-z0-9]+\\.info\\/+[-a-z0-9_?&=]{9,}",
   "resourceTypes": [
    "script"
   ]
  },
  "id": 4850
 },
 {
  "action": {
   "type": "block"
  },
  "condition": {
   "domainType": "thirdParty",
   "initiatorDomains": [
    "aniqit.com",
    "anivod.com",
    "kinoxam.ru",
    "kodik.biz",
    "kodik.cc",
    "kodik.info",
    "kodikdb.com",
    "u-cdn.org",
    "u-cdn.top",
    "u-play.pro",
    "u-stream.in",
    "video.animejoy.ru",
    "video.doramatv.su"
   ],
   "isUrlFilterCaseSensitive": false,
   "regexFilter": "^https?:\\/\\/[a-z0-9]+\\.in\\.net\\/+[-a-z0-9_?&=]{25,}",
   "resourceTypes": [
    "xmlhttprequest"
   ]
  },
  "id": 4966
 },
 {
  "action": {
   "type": "block"
  },
  "condition": {
   "domainType": "thirdParty",
   "isUrlFilterCaseSensitive": false,
   "regexFilter": ":\\/\\/20\\d\\d\\d\\d\\d\\d\\..*\\.html",
   "resourceTypes": [
    "sub_frame"
   ]
  },
  "id": 4978
 },
 {
  "action": {
   "type": "block"
  },
  "condition": {
   "domainType": "thirdParty",
   "initiatorDomains": [
    "agroter.com.ua",
    "cvnews.cv.ua",
    "ifnews.org.ua",
    "lvnews.org.ua",
    "rvnews.rv.ua",
    "tenews.org.ua",
    "ternopillive.com",
    "uanews.org.ua"
   ],
   "isUrlFilterCaseSensitive": false,
   "regexFilter": "^https?:\\/\\/[^\\s]+(\\/eu_widget|\\/news_widget\\/|\\/widget\\/)",
   "resourceTypes": [
    "sub_frame"
   ]
  },
  "id": 4980
 },
 {
  "action": {
   "type": "allow"
  },
  "condition": {
   "initiatorDomains": [
    "crocs.ru",
    "goods.ru",
    "travelata.ru",
    "trusted.ru"
   ],
   "isUrlFilterCaseSensitive": false,
   "regexFilter": "upload\\/banners"
  },
  "id": 5023
 }
]
