[
 {
  "action": {
   "type": "block"
  },
  "condition": {
   "isUrlFilterCaseSensitive": false,
   "regexFilter": "loskatchorros\\.com\\.br\\/forum\\/uploads\\/set_resources_\\d+\\/[a-z0-9]+_[a-zA-Z0-9]+\\.js"
  },
  "id": 26
 },
 {
  "action": {
   "type": "block"
  },
  "condition": {
   "initiatorDomains": [
    "iptvnow.top"
   ],
   "isUrlFilterCaseSensitive": false,
   "regexFilter": "\\/img\\/(160600|72890)\\.png"
  },
  "id": 275
 },
 {
  "action": {
   "type": "block"
  },
  "condition": {
   "initiatorDomains": [
    "tvcanales.cf"
   ],
   "isUrlFilterCaseSensitive": false,
   "regexFilter": "qvncc.tvcanales.cf\\/js\\/[_-a-zA-Z0-9]{5,}.js"
  },
  "id": 338
 },
 {
  "action": {
   "type": "block"
  },
  "condition": {
   "initiatorDomains": [
    "zubby.com"
   ],
   "isUrlFilterCaseSensitive": false,
   "regexFilter": "zubby.com\\/[a-z-]+-\\d+\\/\\?_=",
   "resourceTypes": [
    "script"
   ]
  },
  "id": 627
 },
 {
  "action": {
   "type": "block"
  },
  "condition": {
   "initiatorDomains": [
    "ddmix.net"
   ],
   "isUrlFilterCaseSensitive": false,
   "regexFilter": "^https:\\/\\/(ddmix.net)\\/[a-z0-9_]*\\.js",
   "resourceTypes": [
    "script"
   ]
  },
  "id": 628
 },
 {
  "action": {
   "type": "block"
  },
  "condition": {
   "initiatorDomains": [
    "ddmix.net"
   ],
   "isUrlFilterCaseSensitive": false,
   "regexFilter": "^https:\\/\\/(ddmix.net)\\/js\\/[a-z0-9_]*\\.js",
   "resourceTypes": [
    "script"
   ]
  },
  "id": 629
 }
]
