[
 {
  "action": {
   "type": "block"
  },
  "condition": {
   "initiatorDomains": [
    "alcalorpolitico.com"
   ],
   "isUrlFilterCaseSensitive": false,
   "regexFilter": "imagenespublicidad",
   "resourceTypes": [
    "image"
   ]
  },
  "id": 556
 },
 {
  "action": {
   "type": "block"
  },
  "condition": {
   "initiatorDomains": [
    "animefenix.com",
    "hispasexy.org",
    "manga-mx.com",
    "serielatinobobesponja.com",
    "series-de.online"
   ],
   "isUrlFilterCaseSensitive": false,
   "regexFilter": "^https?:\\/\\/[0-9a-z]{8,}.[0-9a-z]{8,}\\.com\\/",
   "resourceTypes": [
    "script"
   ]
  },
  "id": 562
 },
 {
  "action": {
   "type": "block"
  },
  "condition": {
   "initiatorDomains": [
    "diariotextual.com"
   ],
   "isUrlFilterCaseSensitive": false,
   "regexFilter": "popup-maker",
   "resourceTypes": [
    "script"
   ]
  },
  "id": 563
 },
 {
  "action": {
   "type": "block"
  },
  "condition": {
   "domainType": "thirdParty",
   "excludedResourceTypes": [
    "main_frame",
    "media"
   ],
   "initiatorDomains": [
    "animefenix.com",
    "animefenix.tv",
    "animeonline.ninja",
    "animeyt.es",
    "compucalitv.com",
    "compupaste.com",
    "cuevana2.cyou",
    "gnula24.xyz",
    "henaojara2.com",
    "hispasexy.org",
    "mangamovil.net",
    "megaepubsgratis.com",
    "mejortorrent.cc",
    "mundoepub3.com",
    "pelispediahd.site",
    "pelisplus.top",
    "pelisplus2.io",
    "pelisplushd.nu",
    "pirlotv.fr",
    "pirlotvonline.org",
    "pornotorrent.es",
    "pornstarsyfamosas.es",
    "rojadirectaenvivo.club",
    "rojadirectatv.tv",
    "seriesly.top",
    "seriespepito.top",
    "shadowrangers.live",
    "shadowrangers.net",
    "telenovelas-turcas.com.es",
    "tomatomatela.com",
    "verblackclover.com",
    "verboruto.online",
    "xn--solopeliculasespaol-c4b.com"
   ],
   "isUrlFilterCaseSensitive": false,
   "regexFilter": "^https?:\\/\\/[0-9a-z]{8,}\\.com\\/.*"
  },
  "id": 584
 },
 {
  "action": {
   "type": "block"
  },
  "condition": {
   "domainType": "thirdParty",
   "excludedResourceTypes": [
    "main_frame",
    "media"
   ],
   "initiatorDomains": [
    "animeonline.ninja",
    "cinehax.com",
    "gnula.nu",
    "gnula.se",
    "nickelodeonplus.online",
    "seriesperu.com",
    "telenovelas-turcas.com.es",
    "verificandoarch2.blogspot.com"
   ],
   "isUrlFilterCaseSensitive": false,
   "regexFilter": "^https?:\\/\\/[0-9a-z]{8,}\\.xyz\\/.*"
  },
  "id": 585
 },
 {
  "action": {
   "type": "block"
  },
  "condition": {
   "domainType": "thirdParty",
   "isUrlFilterCaseSensitive": false,
   "regexFilter": "^https?:\\/\\/([a-z0-9]{8,10}\\.)?[a-z0-9]{5,14}\\.(com|bid|online|top|club)\\/([a-z0-9]{2}\\/){3}[a-f0-9]{32}\\.js$",
   "resourceTypes": [
    "script"
   ]
  },
  "id": 589
 },
 {
  "action": {
   "type": "block"
  },
  "condition": {
   "domainType": "thirdParty",
   "isUrlFilterCaseSensitive": false,
   "regexFilter": "^https?:\\/\\/[a-z0-9]+\\.cloudfront\\.net\\/\\?[a-z]{5}\\=\\d{6}$",
   "resourceTypes": [
    "script"
   ]
  },
  "id": 590
 }
]
