[
 {
  "action": {
   "type": "block"
  },
  "condition": {
   "initiatorDomains": [
    "compgamer.com",
    "tgpl.in.th"
   ],
   "isUrlFilterCaseSensitive": false,
   "regexFilter": "plugins\\/add-to-any"
  },
  "id": 682
 },
 {
  "action": {
   "type": "block"
  },
  "condition": {
   "initiatorDomains": [
    "coregamerth.com",
    "fmone1035.com",
    "get1025.com",
    "miru-anime.net",
    "miruanime.net",
    "shopspotapp.com"
   ],
   "isUrlFilterCaseSensitive": false,
   "regexFilter": "plugins\\/popups",
   "resourceTypes": [
    "script",
    "stylesheet"
   ]
  },
  "id": 719
 }
]
